2026-04-29 11:03:56.190 [background-preinit] INFO  [] [] [] [] o.h.validator.internal.util.Version - HV000001: Hibernate Validator 8.0.3.Final
2026-04-29 11:03:56.250 [restartedMain] INFO  [] [] [] [] c.o.s.Chap01SpringStabilityApplication - Starting Chap01SpringStabilityApplication using Java 17.0.18 with PID 8744 (C:\Lecture\10_Logging-Monitoring\module01-spring-stability\build\classes\java\main started by user in C:\Lecture\10_Logging-Monitoring\module01-spring-stability)
2026-04-29 11:03:56.250 [restartedMain] DEBUG [] [] [] [] c.o.s.Chap01SpringStabilityApplication - Running with Spring Boot v3.4.13, Spring v6.2.15
2026-04-29 11:03:56.252 [restartedMain] INFO  [] [] [] [] c.o.s.Chap01SpringStabilityApplication - The following 1 profile is active: "dev"
2026-04-29 11:03:56.310 [restartedMain] INFO  [] [] [] [] o.s.b.d.e.DevToolsPropertyDefaultsPostProcessor - Devtools property defaults active! Set 'spring.devtools.add-properties' to 'false' to disable
2026-04-29 11:03:56.310 [restartedMain] INFO  [] [] [] [] o.s.b.d.e.DevToolsPropertyDefaultsPostProcessor - For additional web related logging consider setting the 'logging.level.web' property to 'DEBUG'
2026-04-29 11:03:57.199 [restartedMain] INFO  [] [] [] [] o.s.d.r.c.RepositoryConfigurationDelegate - Bootstrapping Spring Data JPA repositories in DEFAULT mode.
2026-04-29 11:03:57.321 [restartedMain] INFO  [] [] [] [] o.s.d.r.c.RepositoryConfigurationDelegate - Finished Spring Data repository scanning in 109 ms. Found 4 JPA repository interfaces.
2026-04-29 11:03:58.611 [restartedMain] INFO  [] [] [] [] o.s.b.w.e.tomcat.TomcatWebServer - Tomcat initialized with port 8080 (http)
2026-04-29 11:03:58.633 [restartedMain] INFO  [] [] [] [] o.a.coyote.http11.Http11NioProtocol - Initializing ProtocolHandler ["http-nio-8080"]
2026-04-29 11:03:58.635 [restartedMain] INFO  [] [] [] [] o.a.catalina.core.StandardService - Starting service [Tomcat]
2026-04-29 11:03:58.636 [restartedMain] INFO  [] [] [] [] o.a.catalina.core.StandardEngine - Starting Servlet engine: [Apache Tomcat/10.1.50]
2026-04-29 11:03:58.714 [restartedMain] INFO  [] [] [] [] o.a.c.c.C.[Tomcat].[localhost].[/] - Initializing Spring embedded WebApplicationContext
2026-04-29 11:03:58.715 [restartedMain] INFO  [] [] [] [] o.s.b.w.s.c.ServletWebServerApplicationContext - Root WebApplicationContext: initialization completed in 2404 ms
2026-04-29 11:03:58.812 [restartedMain] DEBUG [] [] [] [] c.o.s.s.l.config.LoggingConfig$1 - Filter 'mdcLoggingFilter' configured for use
2026-04-29 11:03:58.999 [restartedMain] INFO  [] [] [] [] o.h.jpa.internal.util.LogHelper - HHH000204: Processing PersistenceUnitInfo [name: default]
2026-04-29 11:03:59.087 [restartedMain] INFO  [] [] [] [] org.hibernate.Version - HHH000412: Hibernate ORM core version 6.6.39.Final
2026-04-29 11:03:59.140 [restartedMain] INFO  [] [] [] [] o.h.c.i.RegionFactoryInitiator - HHH000026: Second-level cache disabled
2026-04-29 11:03:59.530 [restartedMain] INFO  [] [] [] [] o.s.o.j.p.SpringPersistenceUnitInfo - No LoadTimeWeaver setup: ignoring JPA class transformer
2026-04-29 11:03:59.588 [restartedMain] INFO  [] [] [] [] com.zaxxer.hikari.HikariDataSource - HikariPool-1 - Starting...
2026-04-29 11:03:59.858 [restartedMain] INFO  [] [] [] [] com.zaxxer.hikari.pool.HikariPool - HikariPool-1 - Added connection conn0: url=jdbc:h2:mem:library user=OHGIRAFFERS
2026-04-29 11:03:59.864 [restartedMain] INFO  [] [] [] [] com.zaxxer.hikari.HikariDataSource - HikariPool-1 - Start completed.
2026-04-29 11:03:59.970 [restartedMain] INFO  [] [] [] [] o.hibernate.orm.connections.pooling - HHH10001005: Database info:
	Database JDBC URL [Connecting through datasource 'HikariDataSource (HikariPool-1)']
	Database driver: undefined/unknown
	Database version: 2.3.232
	Autocommit mode: undefined/unknown
	Isolation level: undefined/unknown
	Minimum pool size: undefined/unknown
	Maximum pool size: undefined/unknown
2026-04-29 11:04:01.773 [restartedMain] INFO  [] [] [] [] o.h.e.t.j.p.i.JtaPlatformInitiator - HHH000489: No JTA platform available (set 'hibernate.transaction.jta.platform' to enable JTA platform integration)
2026-04-29 11:04:01.805 [restartedMain] DEBUG [] [] [] [] org.hibernate.SQL - 
    drop table if exists tbl_book cascade 
2026-04-29 11:04:01.814 [restartedMain] DEBUG [] [] [] [] org.hibernate.SQL - 
    drop table if exists tbl_loan cascade 
2026-04-29 11:04:01.815 [restartedMain] DEBUG [] [] [] [] org.hibernate.SQL - 
    drop table if exists tbl_member cascade 
2026-04-29 11:04:01.816 [restartedMain] DEBUG [] [] [] [] org.hibernate.SQL - 
    drop table if exists tbl_review cascade 
2026-04-29 11:04:01.825 [restartedMain] DEBUG [] [] [] [] org.hibernate.SQL - 
    create table tbl_book (
        available boolean not null,
        publish_date date not null,
        stock_quantity integer not null,
        book_id bigint generated by default as identity,
        isbn varchar(13) not null unique,
        author varchar(100) not null,
        publisher varchar(100) not null,
        title varchar(200) not null,
        primary key (book_id)
    )
2026-04-29 11:04:01.861 [restartedMain] DEBUG [] [] [] [] org.hibernate.SQL - 
    create table tbl_loan (
        fine_amount integer,
        overdue_days integer,
        book_id bigint not null,
        due_date timestamp(6) not null,
        loan_date timestamp(6) not null,
        loan_id bigint generated by default as identity,
        member_id bigint not null,
        return_date timestamp(6),
        status enum ('ACTIVE','OVERDUE','RETURNED') not null,
        primary key (loan_id)
    )
2026-04-29 11:04:01.867 [restartedMain] DEBUG [] [] [] [] org.hibernate.SQL - 
    create table tbl_member (
        active boolean not null,
        join_date timestamp(6) not null,
        member_id bigint generated by default as identity,
        phone varchar(20),
        member_name varchar(50) not null,
        email varchar(100) not null unique,
        primary key (member_id)
    )
2026-04-29 11:04:01.872 [restartedMain] DEBUG [] [] [] [] org.hibernate.SQL - 
    create table tbl_review (
        helpful_count integer not null check (helpful_count>=0),
        rating float(53) not null,
        verified_purchase boolean not null,
        book_id bigint not null,
        created_at timestamp(6) not null,
        member_id bigint not null,
        review_id bigint generated by default as identity,
        updated_at timestamp(6),
        title varchar(100) not null,
        content varchar(2000) not null,
        status enum ('ACTIVE','DELETED','HIDDEN') not null,
        primary key (review_id),
        unique (member_id, book_id)
    )
2026-04-29 11:04:01.882 [restartedMain] DEBUG [] [] [] [] org.hibernate.SQL - 
    alter table if exists tbl_loan 
       add constraint FK963g40utp85k5mww691e4ma6g 
       foreign key (book_id) 
       references tbl_book
2026-04-29 11:04:01.898 [restartedMain] DEBUG [] [] [] [] org.hibernate.SQL - 
    alter table if exists tbl_loan 
       add constraint FKqtnm703pqo6mnin10corsjsc 
       foreign key (member_id) 
       references tbl_member
2026-04-29 11:04:01.903 [restartedMain] DEBUG [] [] [] [] org.hibernate.SQL - 
    alter table if exists tbl_review 
       add constraint FK6ykodvsh8wis5tfouaxwi9qbc 
       foreign key (book_id) 
       references tbl_book
2026-04-29 11:04:01.905 [restartedMain] DEBUG [] [] [] [] org.hibernate.SQL - 
    alter table if exists tbl_review 
       add constraint FKcgs2lvcrlf9x3jtif9sskpx0 
       foreign key (member_id) 
       references tbl_member
2026-04-29 11:04:01.912 [restartedMain] INFO  [] [] [] [] o.s.o.j.LocalContainerEntityManagerFactoryBean - Initialized JPA EntityManagerFactory for persistence unit 'default'
2026-04-29 11:04:02.518 [restartedMain] INFO  [] [] [] [] o.s.d.j.r.query.QueryEnhancerFactory - Hibernate is in classpath; If applicable, HQL parser will be used.
2026-04-29 11:04:03.768 [restartedMain] WARN  [] [] [] [] o.s.b.a.o.j.JpaBaseConfiguration$JpaWebConfiguration - spring.jpa.open-in-view is enabled by default. Therefore, database queries may be performed during view rendering. Explicitly configure spring.jpa.open-in-view to disable this warning
2026-04-29 11:04:04.025 [restartedMain] DEBUG [] [] [] [] o.s.w.s.m.m.a.RequestMappingHandlerMapping - 29 mappings in 'requestMappingHandlerMapping'
2026-04-29 11:04:04.292 [restartedMain] DEBUG [] [] [] [] o.s.w.s.h.SimpleUrlHandlerMapping - Patterns [/webjars/**, /**] in 'resourceHandlerMapping'
2026-04-29 11:04:04.375 [restartedMain] DEBUG [] [] [] [] o.s.w.s.m.m.a.RequestMappingHandlerAdapter - ControllerAdvice beans: 0 @ModelAttribute, 0 @InitBinder, 1 RequestBodyAdvice, 1 ResponseBodyAdvice
2026-04-29 11:04:04.482 [restartedMain] DEBUG [] [] [] [] o.s.w.s.m.m.a.ExceptionHandlerExceptionResolver - ControllerAdvice beans: 2 @ExceptionHandler, 1 ResponseBodyAdvice
2026-04-29 11:04:04.626 [restartedMain] INFO  [] [] [] [] o.s.b.a.h.H2ConsoleAutoConfiguration - H2 console available at '/h2-console'. Database available at 'jdbc:h2:mem:library'
2026-04-29 11:04:04.886 [restartedMain] INFO  [] [] [] [] o.s.b.d.a.OptionalLiveReloadServer - LiveReload server is running on port 35729
2026-04-29 11:04:04.925 [restartedMain] INFO  [] [] [] [] o.a.coyote.http11.Http11NioProtocol - Starting ProtocolHandler ["http-nio-8080"]
2026-04-29 11:04:04.958 [restartedMain] INFO  [] [] [] [] o.s.b.w.e.tomcat.TomcatWebServer - Tomcat started on port 8080 (http) with context path '/'
2026-04-29 11:04:04.975 [restartedMain] INFO  [] [] [] [] c.o.s.Chap01SpringStabilityApplication - Started Chap01SpringStabilityApplication in 9.733 seconds (process running for 10.956)
2026-04-29 11:07:19.879 [http-nio-8080-exec-1] INFO  [] [] [] [] o.a.c.c.C.[Tomcat].[localhost].[/] - Initializing Spring DispatcherServlet 'dispatcherServlet'
2026-04-29 11:07:19.880 [http-nio-8080-exec-1] INFO  [] [] [] [] o.s.web.servlet.DispatcherServlet - Initializing Servlet 'dispatcherServlet'
2026-04-29 11:07:19.881 [http-nio-8080-exec-1] DEBUG [] [] [] [] o.s.web.servlet.DispatcherServlet - Detected StandardServletMultipartResolver
2026-04-29 11:07:19.882 [http-nio-8080-exec-1] DEBUG [] [] [] [] o.s.web.servlet.DispatcherServlet - Detected AcceptHeaderLocaleResolver
2026-04-29 11:07:19.883 [http-nio-8080-exec-1] DEBUG [] [] [] [] o.s.web.servlet.DispatcherServlet - Detected FixedThemeResolver
2026-04-29 11:07:19.886 [http-nio-8080-exec-1] DEBUG [] [] [] [] o.s.web.servlet.DispatcherServlet - Detected org.springframework.web.servlet.view.DefaultRequestToViewNameTranslator@7ad1c2c8
2026-04-29 11:07:19.886 [http-nio-8080-exec-1] DEBUG [] [] [] [] o.s.web.servlet.DispatcherServlet - Detected org.springframework.web.servlet.support.SessionFlashMapManager@1eef5945
2026-04-29 11:07:19.887 [http-nio-8080-exec-1] DEBUG [] [] [] [] o.s.web.servlet.DispatcherServlet - enableLoggingRequestDetails='false': request parameters and headers will be masked to prevent unsafe logging of potentially sensitive data
2026-04-29 11:07:19.888 [http-nio-8080-exec-1] INFO  [] [] [] [] o.s.web.servlet.DispatcherServlet - Completed initialization in 7 ms
2026-04-29 11:07:19.927 [http-nio-8080-exec-1] DEBUG [fdabb37a] [GET] [/] [0:0:0:0:0:0:0:1] o.s.web.servlet.DispatcherServlet - GET "/", parameters={}
2026-04-29 11:07:19.952 [http-nio-8080-exec-1] DEBUG [fdabb37a] [GET] [/] [0:0:0:0:0:0:0:1] o.s.w.s.h.SimpleUrlHandlerMapping - Mapped to ResourceHttpRequestHandler [classpath [META-INF/resources/], classpath [resources/], classpath [static/], classpath [public/], ServletContext [/]]
2026-04-29 11:07:19.985 [http-nio-8080-exec-1] DEBUG [fdabb37a] [GET] [/] [0:0:0:0:0:0:0:1] o.s.w.s.r.ResourceHttpRequestHandler - Resource not found
2026-04-29 11:07:20.002 [http-nio-8080-exec-1] DEBUG [fdabb37a] [GET] [/] [0:0:0:0:0:0:0:1] o.s.w.s.m.m.a.ExceptionHandlerExceptionResolver - Using @ExceptionHandler com.ohgiraffers.stability.section01.exception.handler.GlobalExceptionHandler#handleGenericException(Exception, HttpServletRequest)
2026-04-29 11:07:20.004 [http-nio-8080-exec-1] ERROR [fdabb37a] [GET] [/] [0:0:0:0:0:0:0:1] c.o.s.s.e.h.GlobalExceptionHandler - [s1][GlobalExceptionHandler] 예상하지 못한 오류 발생
org.springframework.web.servlet.resource.NoResourceFoundException: No static resource .
	at org.springframework.web.servlet.resource.ResourceHttpRequestHandler.handleRequest(ResourceHttpRequestHandler.java:585)
	at org.springframework.web.servlet.mvc.HttpRequestHandlerAdapter.handle(HttpRequestHandlerAdapter.java:52)
	at org.springframework.web.servlet.DispatcherServlet.doDispatch(DispatcherServlet.java:1089)
	at org.springframework.web.servlet.DispatcherServlet.doService(DispatcherServlet.java:979)
	at org.springframework.web.servlet.FrameworkServlet.processRequest(FrameworkServlet.java:1014)
	at org.springframework.web.servlet.FrameworkServlet.doGet(FrameworkServlet.java:903)
	at jakarta.servlet.http.HttpServlet.service(HttpServlet.java:564)
	at org.springframework.web.servlet.FrameworkServlet.service(FrameworkServlet.java:885)
	at jakarta.servlet.http.HttpServlet.service(HttpServlet.java:658)
	at org.apache.catalina.core.ApplicationFilterChain.internalDoFilter(ApplicationFilterChain.java:193)
	at org.apache.catalina.core.ApplicationFilterChain.doFilter(ApplicationFilterChain.java:138)
	at org.apache.tomcat.websocket.server.WsFilter.doFilter(WsFilter.java:51)
	at org.apache.catalina.core.ApplicationFilterChain.internalDoFilter(ApplicationFilterChain.java:162)
	at org.apache.catalina.core.ApplicationFilterChain.doFilter(ApplicationFilterChain.java:138)
	at com.ohgiraffers.stability.section02.logging.config.LoggingConfig$1.doFilterInternal(LoggingConfig.java:74)
	at org.springframework.web.filter.OncePerRequestFilter.doFilter(OncePerRequestFilter.java:116)
	at org.apache.catalina.core.ApplicationFilterChain.internalDoFilter(ApplicationFilterChain.java:162)
	at org.apache.catalina.core.ApplicationFilterChain.doFilter(ApplicationFilterChain.java:138)
	at org.springframework.web.filter.RequestContextFilter.doFilterInternal(RequestContextFilter.java:100)
	at org.springframework.web.filter.OncePerRequestFilter.doFilter(OncePerRequestFilter.java:116)
	at org.apache.catalina.core.ApplicationFilterChain.internalDoFilter(ApplicationFilterChain.java:162)
	at org.apache.catalina.core.ApplicationFilterChain.doFilter(ApplicationFilterChain.java:138)
	at org.springframework.web.filter.FormContentFilter.doFilterInternal(FormContentFilter.java:93)
	at org.springframework.web.filter.OncePerRequestFilter.doFilter(OncePerRequestFilter.java:116)
	at org.apache.catalina.core.ApplicationFilterChain.internalDoFilter(ApplicationFilterChain.java:162)
	at org.apache.catalina.core.ApplicationFilterChain.doFilter(ApplicationFilterChain.java:138)
	at org.springframework.web.filter.CharacterEncodingFilter.doFilterInternal(CharacterEncodingFilter.java:201)
	at org.springframework.web.filter.OncePerRequestFilter.doFilter(OncePerRequestFilter.java:116)
	at org.apache.catalina.core.ApplicationFilterChain.internalDoFilter(ApplicationFilterChain.java:162)
	at org.apache.catalina.core.ApplicationFilterChain.doFilter(ApplicationFilterChain.java:138)
	at org.apache.catalina.core.StandardWrapperValve.invoke(StandardWrapperValve.java:165)
	at org.apache.catalina.core.StandardContextValve.invoke(StandardContextValve.java:88)
	at org.apache.catalina.authenticator.AuthenticatorBase.invoke(AuthenticatorBase.java:482)
	at org.apache.catalina.core.StandardHostValve.invoke(StandardHostValve.java:113)
	at org.apache.catalina.valves.ErrorReportValve.invoke(ErrorReportValve.java:83)
	at org.apache.catalina.core.StandardEngineValve.invoke(StandardEngineValve.java:72)
	at org.apache.catalina.connector.CoyoteAdapter.service(CoyoteAdapter.java:342)
	at org.apache.coyote.http11.Http11Processor.service(Http11Processor.java:399)
	at org.apache.coyote.AbstractProcessorLight.process(AbstractProcessorLight.java:63)
	at org.apache.coyote.AbstractProtocol$ConnectionHandler.process(AbstractProtocol.java:903)
	at org.apache.tomcat.util.net.NioEndpoint$SocketProcessor.doRun(NioEndpoint.java:1774)
	at org.apache.tomcat.util.net.SocketProcessorBase.run(SocketProcessorBase.java:52)
	at org.apache.tomcat.util.threads.ThreadPoolExecutor.runWorker(ThreadPoolExecutor.java:973)
	at org.apache.tomcat.util.threads.ThreadPoolExecutor$Worker.run(ThreadPoolExecutor.java:491)
	at org.apache.tomcat.util.threads.TaskThread$WrappingRunnable.run(TaskThread.java:63)
	at java.base/java.lang.Thread.run(Thread.java:840)
2026-04-29 11:07:20.218 [http-nio-8080-exec-1] DEBUG [fdabb37a] [GET] [/] [0:0:0:0:0:0:0:1] o.s.w.s.m.m.a.HttpEntityMethodProcessor - Using 'application/json;q=0.8', given [text/html, application/xhtml+xml, image/avif, image/webp, image/apng, application/xml;q=0.9, */*;q=0.8, application/signed-exchange;v=b3;q=0.7] and supported [application/json, application/*+json]
2026-04-29 11:07:20.228 [http-nio-8080-exec-1] DEBUG [fdabb37a] [GET] [/] [0:0:0:0:0:0:0:1] o.s.w.s.m.m.a.HttpEntityMethodProcessor - Writing [ErrorResponse{errorCode='INTERNAL_SERVER_ERROR', message='서버 내부 오류가 발생했습니다.', timestamp=2026-04-29T1 (truncated)...]
2026-04-29 11:07:20.281 [http-nio-8080-exec-1] WARN  [fdabb37a] [GET] [/] [0:0:0:0:0:0:0:1] o.s.w.s.m.m.a.ExceptionHandlerExceptionResolver - Resolved [org.springframework.web.servlet.resource.NoResourceFoundException: No static resource .]
2026-04-29 11:07:20.284 [http-nio-8080-exec-1] DEBUG [fdabb37a] [GET] [/] [0:0:0:0:0:0:0:1] o.s.web.servlet.DispatcherServlet - Completed 500 INTERNAL_SERVER_ERROR
2026-04-29 11:07:25.334 [http-nio-8080-exec-7] DEBUG [08c698e2] [GET] [/favicon.ico] [0:0:0:0:0:0:0:1] o.s.web.servlet.DispatcherServlet - GET "/favicon.ico", parameters={}
2026-04-29 11:07:25.342 [http-nio-8080-exec-7] DEBUG [08c698e2] [GET] [/favicon.ico] [0:0:0:0:0:0:0:1] o.s.w.s.h.SimpleUrlHandlerMapping - Mapped to ResourceHttpRequestHandler [classpath [META-INF/resources/], classpath [resources/], classpath [static/], classpath [public/], ServletContext [/]]
2026-04-29 11:07:25.350 [http-nio-8080-exec-7] DEBUG [08c698e2] [GET] [/favicon.ico] [0:0:0:0:0:0:0:1] o.s.w.s.r.ResourceHttpRequestHandler - Resource not found
2026-04-29 11:07:25.352 [http-nio-8080-exec-7] DEBUG [08c698e2] [GET] [/favicon.ico] [0:0:0:0:0:0:0:1] o.s.w.s.m.m.a.ExceptionHandlerExceptionResolver - Using @ExceptionHandler com.ohgiraffers.stability.section01.exception.handler.GlobalExceptionHandler#handleGenericException(Exception, HttpServletRequest)
2026-04-29 11:07:25.352 [http-nio-8080-exec-7] ERROR [08c698e2] [GET] [/favicon.ico] [0:0:0:0:0:0:0:1] c.o.s.s.e.h.GlobalExceptionHandler - [s1][GlobalExceptionHandler] 예상하지 못한 오류 발생
org.springframework.web.servlet.resource.NoResourceFoundException: No static resource favicon.ico.
	at org.springframework.web.servlet.resource.ResourceHttpRequestHandler.handleRequest(ResourceHttpRequestHandler.java:585)
	at org.springframework.web.servlet.mvc.HttpRequestHandlerAdapter.handle(HttpRequestHandlerAdapter.java:52)
	at org.springframework.web.servlet.DispatcherServlet.doDispatch(DispatcherServlet.java:1089)
	at org.springframework.web.servlet.DispatcherServlet.doService(DispatcherServlet.java:979)
	at org.springframework.web.servlet.FrameworkServlet.processRequest(FrameworkServlet.java:1014)
	at org.springframework.web.servlet.FrameworkServlet.doGet(FrameworkServlet.java:903)
	at jakarta.servlet.http.HttpServlet.service(HttpServlet.java:564)
	at org.springframework.web.servlet.FrameworkServlet.service(FrameworkServlet.java:885)
	at jakarta.servlet.http.HttpServlet.service(HttpServlet.java:658)
	at org.apache.catalina.core.ApplicationFilterChain.internalDoFilter(ApplicationFilterChain.java:193)
	at org.apache.catalina.core.ApplicationFilterChain.doFilter(ApplicationFilterChain.java:138)
	at org.apache.tomcat.websocket.server.WsFilter.doFilter(WsFilter.java:51)
	at org.apache.catalina.core.ApplicationFilterChain.internalDoFilter(ApplicationFilterChain.java:162)
	at org.apache.catalina.core.ApplicationFilterChain.doFilter(ApplicationFilterChain.java:138)
	at com.ohgiraffers.stability.section02.logging.config.LoggingConfig$1.doFilterInternal(LoggingConfig.java:74)
	at org.springframework.web.filter.OncePerRequestFilter.doFilter(OncePerRequestFilter.java:116)
	at org.apache.catalina.core.ApplicationFilterChain.internalDoFilter(ApplicationFilterChain.java:162)
	at org.apache.catalina.core.ApplicationFilterChain.doFilter(ApplicationFilterChain.java:138)
	at org.springframework.web.filter.RequestContextFilter.doFilterInternal(RequestContextFilter.java:100)
	at org.springframework.web.filter.OncePerRequestFilter.doFilter(OncePerRequestFilter.java:116)
	at org.apache.catalina.core.ApplicationFilterChain.internalDoFilter(ApplicationFilterChain.java:162)
	at org.apache.catalina.core.ApplicationFilterChain.doFilter(ApplicationFilterChain.java:138)
	at org.springframework.web.filter.FormContentFilter.doFilterInternal(FormContentFilter.java:93)
	at org.springframework.web.filter.OncePerRequestFilter.doFilter(OncePerRequestFilter.java:116)
	at org.apache.catalina.core.ApplicationFilterChain.internalDoFilter(ApplicationFilterChain.java:162)
	at org.apache.catalina.core.ApplicationFilterChain.doFilter(ApplicationFilterChain.java:138)
	at org.springframework.web.filter.CharacterEncodingFilter.doFilterInternal(CharacterEncodingFilter.java:201)
	at org.springframework.web.filter.OncePerRequestFilter.doFilter(OncePerRequestFilter.java:116)
	at org.apache.catalina.core.ApplicationFilterChain.internalDoFilter(ApplicationFilterChain.java:162)
	at org.apache.catalina.core.ApplicationFilterChain.doFilter(ApplicationFilterChain.java:138)
	at org.apache.catalina.core.StandardWrapperValve.invoke(StandardWrapperValve.java:165)
	at org.apache.catalina.core.StandardContextValve.invoke(StandardContextValve.java:88)
	at org.apache.catalina.authenticator.AuthenticatorBase.invoke(AuthenticatorBase.java:482)
	at org.apache.catalina.core.StandardHostValve.invoke(StandardHostValve.java:113)
	at org.apache.catalina.valves.ErrorReportValve.invoke(ErrorReportValve.java:83)
	at org.apache.catalina.core.StandardEngineValve.invoke(StandardEngineValve.java:72)
	at org.apache.catalina.connector.CoyoteAdapter.service(CoyoteAdapter.java:342)
	at org.apache.coyote.http11.Http11Processor.service(Http11Processor.java:399)
	at org.apache.coyote.AbstractProcessorLight.process(AbstractProcessorLight.java:63)
	at org.apache.coyote.AbstractProtocol$ConnectionHandler.process(AbstractProtocol.java:903)
	at org.apache.tomcat.util.net.NioEndpoint$SocketProcessor.doRun(NioEndpoint.java:1774)
	at org.apache.tomcat.util.net.SocketProcessorBase.run(SocketProcessorBase.java:52)
	at org.apache.tomcat.util.threads.ThreadPoolExecutor.runWorker(ThreadPoolExecutor.java:973)
	at org.apache.tomcat.util.threads.ThreadPoolExecutor$Worker.run(ThreadPoolExecutor.java:491)
	at org.apache.tomcat.util.threads.TaskThread$WrappingRunnable.run(TaskThread.java:63)
	at java.base/java.lang.Thread.run(Thread.java:840)
2026-04-29 11:07:25.360 [http-nio-8080-exec-7] DEBUG [08c698e2] [GET] [/favicon.ico] [0:0:0:0:0:0:0:1] o.s.w.s.m.m.a.HttpEntityMethodProcessor - Using 'application/json;q=0.8', given [image/avif, image/webp, image/apng, image/svg+xml, image/*, */*;q=0.8] and supported [application/json, application/*+json]
2026-04-29 11:07:25.360 [http-nio-8080-exec-7] DEBUG [08c698e2] [GET] [/favicon.ico] [0:0:0:0:0:0:0:1] o.s.w.s.m.m.a.HttpEntityMethodProcessor - Writing [ErrorResponse{errorCode='INTERNAL_SERVER_ERROR', message='서버 내부 오류가 발생했습니다.', timestamp=2026-04-29T1 (truncated)...]
2026-04-29 11:07:25.368 [http-nio-8080-exec-7] WARN  [08c698e2] [GET] [/favicon.ico] [0:0:0:0:0:0:0:1] o.s.w.s.m.m.a.ExceptionHandlerExceptionResolver - Resolved [org.springframework.web.servlet.resource.NoResourceFoundException: No static resource favicon.ico.]
2026-04-29 11:07:25.369 [http-nio-8080-exec-7] DEBUG [08c698e2] [GET] [/favicon.ico] [0:0:0:0:0:0:0:1] o.s.web.servlet.DispatcherServlet - Completed 500 INTERNAL_SERVER_ERROR
2026-04-29 11:07:52.190 [http-nio-8080-exec-10] DEBUG [d5664bec] [GET] [/favicon.ico] [0:0:0:0:0:0:0:1] o.s.web.servlet.DispatcherServlet - GET "/favicon.ico", parameters={}
2026-04-29 11:07:52.193 [http-nio-8080-exec-10] DEBUG [d5664bec] [GET] [/favicon.ico] [0:0:0:0:0:0:0:1] o.s.w.s.h.SimpleUrlHandlerMapping - Mapped to ResourceHttpRequestHandler [classpath [META-INF/resources/], classpath [resources/], classpath [static/], classpath [public/], ServletContext [/]]
2026-04-29 11:07:52.200 [http-nio-8080-exec-10] DEBUG [d5664bec] [GET] [/favicon.ico] [0:0:0:0:0:0:0:1] o.s.w.s.r.ResourceHttpRequestHandler - Resource not found
2026-04-29 11:07:52.202 [http-nio-8080-exec-10] DEBUG [d5664bec] [GET] [/favicon.ico] [0:0:0:0:0:0:0:1] o.s.w.s.m.m.a.ExceptionHandlerExceptionResolver - Using @ExceptionHandler com.ohgiraffers.stability.section01.exception.handler.GlobalExceptionHandler#handleGenericException(Exception, HttpServletRequest)
2026-04-29 11:07:52.202 [http-nio-8080-exec-10] ERROR [d5664bec] [GET] [/favicon.ico] [0:0:0:0:0:0:0:1] c.o.s.s.e.h.GlobalExceptionHandler - [s1][GlobalExceptionHandler] 예상하지 못한 오류 발생
org.springframework.web.servlet.resource.NoResourceFoundException: No static resource favicon.ico.
	at org.springframework.web.servlet.resource.ResourceHttpRequestHandler.handleRequest(ResourceHttpRequestHandler.java:585)
	at org.springframework.web.servlet.mvc.HttpRequestHandlerAdapter.handle(HttpRequestHandlerAdapter.java:52)
	at org.springframework.web.servlet.DispatcherServlet.doDispatch(DispatcherServlet.java:1089)
	at org.springframework.web.servlet.DispatcherServlet.doService(DispatcherServlet.java:979)
	at org.springframework.web.servlet.FrameworkServlet.processRequest(FrameworkServlet.java:1014)
	at org.springframework.web.servlet.FrameworkServlet.doGet(FrameworkServlet.java:903)
	at jakarta.servlet.http.HttpServlet.service(HttpServlet.java:564)
	at org.springframework.web.servlet.FrameworkServlet.service(FrameworkServlet.java:885)
	at jakarta.servlet.http.HttpServlet.service(HttpServlet.java:658)
	at org.apache.catalina.core.ApplicationFilterChain.internalDoFilter(ApplicationFilterChain.java:193)
	at org.apache.catalina.core.ApplicationFilterChain.doFilter(ApplicationFilterChain.java:138)
	at org.apache.tomcat.websocket.server.WsFilter.doFilter(WsFilter.java:51)
	at org.apache.catalina.core.ApplicationFilterChain.internalDoFilter(ApplicationFilterChain.java:162)
	at org.apache.catalina.core.ApplicationFilterChain.doFilter(ApplicationFilterChain.java:138)
	at com.ohgiraffers.stability.section02.logging.config.LoggingConfig$1.doFilterInternal(LoggingConfig.java:74)
	at org.springframework.web.filter.OncePerRequestFilter.doFilter(OncePerRequestFilter.java:116)
	at org.apache.catalina.core.ApplicationFilterChain.internalDoFilter(ApplicationFilterChain.java:162)
	at org.apache.catalina.core.ApplicationFilterChain.doFilter(ApplicationFilterChain.java:138)
	at org.springframework.web.filter.RequestContextFilter.doFilterInternal(RequestContextFilter.java:100)
	at org.springframework.web.filter.OncePerRequestFilter.doFilter(OncePerRequestFilter.java:116)
	at org.apache.catalina.core.ApplicationFilterChain.internalDoFilter(ApplicationFilterChain.java:162)
	at org.apache.catalina.core.ApplicationFilterChain.doFilter(ApplicationFilterChain.java:138)
	at org.springframework.web.filter.FormContentFilter.doFilterInternal(FormContentFilter.java:93)
	at org.springframework.web.filter.OncePerRequestFilter.doFilter(OncePerRequestFilter.java:116)
	at org.apache.catalina.core.ApplicationFilterChain.internalDoFilter(ApplicationFilterChain.java:162)
	at org.apache.catalina.core.ApplicationFilterChain.doFilter(ApplicationFilterChain.java:138)
	at org.springframework.web.filter.CharacterEncodingFilter.doFilterInternal(CharacterEncodingFilter.java:201)
	at org.springframework.web.filter.OncePerRequestFilter.doFilter(OncePerRequestFilter.java:116)
	at org.apache.catalina.core.ApplicationFilterChain.internalDoFilter(ApplicationFilterChain.java:162)
	at org.apache.catalina.core.ApplicationFilterChain.doFilter(ApplicationFilterChain.java:138)
	at org.apache.catalina.core.StandardWrapperValve.invoke(StandardWrapperValve.java:165)
	at org.apache.catalina.core.StandardContextValve.invoke(StandardContextValve.java:88)
	at org.apache.catalina.authenticator.AuthenticatorBase.invoke(AuthenticatorBase.java:482)
	at org.apache.catalina.core.StandardHostValve.invoke(StandardHostValve.java:113)
	at org.apache.catalina.valves.ErrorReportValve.invoke(ErrorReportValve.java:83)
	at org.apache.catalina.core.StandardEngineValve.invoke(StandardEngineValve.java:72)
	at org.apache.catalina.connector.CoyoteAdapter.service(CoyoteAdapter.java:342)
	at org.apache.coyote.http11.Http11Processor.service(Http11Processor.java:399)
	at org.apache.coyote.AbstractProcessorLight.process(AbstractProcessorLight.java:63)
	at org.apache.coyote.AbstractProtocol$ConnectionHandler.process(AbstractProtocol.java:903)
	at org.apache.tomcat.util.net.NioEndpoint$SocketProcessor.doRun(NioEndpoint.java:1774)
	at org.apache.tomcat.util.net.SocketProcessorBase.run(SocketProcessorBase.java:52)
	at org.apache.tomcat.util.threads.ThreadPoolExecutor.runWorker(ThreadPoolExecutor.java:973)
	at org.apache.tomcat.util.threads.ThreadPoolExecutor$Worker.run(ThreadPoolExecutor.java:491)
	at org.apache.tomcat.util.threads.TaskThread$WrappingRunnable.run(TaskThread.java:63)
	at java.base/java.lang.Thread.run(Thread.java:840)
2026-04-29 11:07:52.206 [http-nio-8080-exec-10] DEBUG [d5664bec] [GET] [/favicon.ico] [0:0:0:0:0:0:0:1] o.s.w.s.m.m.a.HttpEntityMethodProcessor - Using 'application/json;q=0.8', given [image/avif, image/webp, image/apng, image/svg+xml, image/*, */*;q=0.8] and supported [application/json, application/*+json]
2026-04-29 11:07:52.207 [http-nio-8080-exec-10] DEBUG [d5664bec] [GET] [/favicon.ico] [0:0:0:0:0:0:0:1] o.s.w.s.m.m.a.HttpEntityMethodProcessor - Writing [ErrorResponse{errorCode='INTERNAL_SERVER_ERROR', message='서버 내부 오류가 발생했습니다.', timestamp=2026-04-29T1 (truncated)...]
2026-04-29 11:07:52.208 [http-nio-8080-exec-10] WARN  [d5664bec] [GET] [/favicon.ico] [0:0:0:0:0:0:0:1] o.s.w.s.m.m.a.ExceptionHandlerExceptionResolver - Resolved [org.springframework.web.servlet.resource.NoResourceFoundException: No static resource favicon.ico.]
2026-04-29 11:07:52.210 [http-nio-8080-exec-10] DEBUG [d5664bec] [GET] [/favicon.ico] [0:0:0:0:0:0:0:1] o.s.web.servlet.DispatcherServlet - Completed 500 INTERNAL_SERVER_ERROR
2026-04-29 11:08:01.078 [http-nio-8080-exec-2] DEBUG [79e6f87c] [GET] [/favicon.ico] [0:0:0:0:0:0:0:1] o.s.web.servlet.DispatcherServlet - GET "/favicon.ico", parameters={}
2026-04-29 11:08:01.081 [http-nio-8080-exec-2] DEBUG [79e6f87c] [GET] [/favicon.ico] [0:0:0:0:0:0:0:1] o.s.w.s.h.SimpleUrlHandlerMapping - Mapped to ResourceHttpRequestHandler [classpath [META-INF/resources/], classpath [resources/], classpath [static/], classpath [public/], ServletContext [/]]
2026-04-29 11:08:01.087 [http-nio-8080-exec-2] DEBUG [79e6f87c] [GET] [/favicon.ico] [0:0:0:0:0:0:0:1] o.s.w.s.r.ResourceHttpRequestHandler - Resource not found
2026-04-29 11:08:01.089 [http-nio-8080-exec-2] DEBUG [79e6f87c] [GET] [/favicon.ico] [0:0:0:0:0:0:0:1] o.s.w.s.m.m.a.ExceptionHandlerExceptionResolver - Using @ExceptionHandler com.ohgiraffers.stability.section01.exception.handler.GlobalExceptionHandler#handleGenericException(Exception, HttpServletRequest)
2026-04-29 11:08:01.089 [http-nio-8080-exec-2] ERROR [79e6f87c] [GET] [/favicon.ico] [0:0:0:0:0:0:0:1] c.o.s.s.e.h.GlobalExceptionHandler - [s1][GlobalExceptionHandler] 예상하지 못한 오류 발생
org.springframework.web.servlet.resource.NoResourceFoundException: No static resource favicon.ico.
	at org.springframework.web.servlet.resource.ResourceHttpRequestHandler.handleRequest(ResourceHttpRequestHandler.java:585)
	at org.springframework.web.servlet.mvc.HttpRequestHandlerAdapter.handle(HttpRequestHandlerAdapter.java:52)
	at org.springframework.web.servlet.DispatcherServlet.doDispatch(DispatcherServlet.java:1089)
	at org.springframework.web.servlet.DispatcherServlet.doService(DispatcherServlet.java:979)
	at org.springframework.web.servlet.FrameworkServlet.processRequest(FrameworkServlet.java:1014)
	at org.springframework.web.servlet.FrameworkServlet.doGet(FrameworkServlet.java:903)
	at jakarta.servlet.http.HttpServlet.service(HttpServlet.java:564)
	at org.springframework.web.servlet.FrameworkServlet.service(FrameworkServlet.java:885)
	at jakarta.servlet.http.HttpServlet.service(HttpServlet.java:658)
	at org.apache.catalina.core.ApplicationFilterChain.internalDoFilter(ApplicationFilterChain.java:193)
	at org.apache.catalina.core.ApplicationFilterChain.doFilter(ApplicationFilterChain.java:138)
	at org.apache.tomcat.websocket.server.WsFilter.doFilter(WsFilter.java:51)
	at org.apache.catalina.core.ApplicationFilterChain.internalDoFilter(ApplicationFilterChain.java:162)
	at org.apache.catalina.core.ApplicationFilterChain.doFilter(ApplicationFilterChain.java:138)
	at com.ohgiraffers.stability.section02.logging.config.LoggingConfig$1.doFilterInternal(LoggingConfig.java:74)
	at org.springframework.web.filter.OncePerRequestFilter.doFilter(OncePerRequestFilter.java:116)
	at org.apache.catalina.core.ApplicationFilterChain.internalDoFilter(ApplicationFilterChain.java:162)
	at org.apache.catalina.core.ApplicationFilterChain.doFilter(ApplicationFilterChain.java:138)
	at org.springframework.web.filter.RequestContextFilter.doFilterInternal(RequestContextFilter.java:100)
	at org.springframework.web.filter.OncePerRequestFilter.doFilter(OncePerRequestFilter.java:116)
	at org.apache.catalina.core.ApplicationFilterChain.internalDoFilter(ApplicationFilterChain.java:162)
	at org.apache.catalina.core.ApplicationFilterChain.doFilter(ApplicationFilterChain.java:138)
	at org.springframework.web.filter.FormContentFilter.doFilterInternal(FormContentFilter.java:93)
	at org.springframework.web.filter.OncePerRequestFilter.doFilter(OncePerRequestFilter.java:116)
	at org.apache.catalina.core.ApplicationFilterChain.internalDoFilter(ApplicationFilterChain.java:162)
	at org.apache.catalina.core.ApplicationFilterChain.doFilter(ApplicationFilterChain.java:138)
	at org.springframework.web.filter.CharacterEncodingFilter.doFilterInternal(CharacterEncodingFilter.java:201)
	at org.springframework.web.filter.OncePerRequestFilter.doFilter(OncePerRequestFilter.java:116)
	at org.apache.catalina.core.ApplicationFilterChain.internalDoFilter(ApplicationFilterChain.java:162)
	at org.apache.catalina.core.ApplicationFilterChain.doFilter(ApplicationFilterChain.java:138)
	at org.apache.catalina.core.StandardWrapperValve.invoke(StandardWrapperValve.java:165)
	at org.apache.catalina.core.StandardContextValve.invoke(StandardContextValve.java:88)
	at org.apache.catalina.authenticator.AuthenticatorBase.invoke(AuthenticatorBase.java:482)
	at org.apache.catalina.core.StandardHostValve.invoke(StandardHostValve.java:113)
	at org.apache.catalina.valves.ErrorReportValve.invoke(ErrorReportValve.java:83)
	at org.apache.catalina.core.StandardEngineValve.invoke(StandardEngineValve.java:72)
	at org.apache.catalina.connector.CoyoteAdapter.service(CoyoteAdapter.java:342)
	at org.apache.coyote.http11.Http11Processor.service(Http11Processor.java:399)
	at org.apache.coyote.AbstractProcessorLight.process(AbstractProcessorLight.java:63)
	at org.apache.coyote.AbstractProtocol$ConnectionHandler.process(AbstractProtocol.java:903)
	at org.apache.tomcat.util.net.NioEndpoint$SocketProcessor.doRun(NioEndpoint.java:1774)
	at org.apache.tomcat.util.net.SocketProcessorBase.run(SocketProcessorBase.java:52)
	at org.apache.tomcat.util.threads.ThreadPoolExecutor.runWorker(ThreadPoolExecutor.java:973)
	at org.apache.tomcat.util.threads.ThreadPoolExecutor$Worker.run(ThreadPoolExecutor.java:491)
	at org.apache.tomcat.util.threads.TaskThread$WrappingRunnable.run(TaskThread.java:63)
	at java.base/java.lang.Thread.run(Thread.java:840)
2026-04-29 11:08:01.094 [http-nio-8080-exec-2] DEBUG [79e6f87c] [GET] [/favicon.ico] [0:0:0:0:0:0:0:1] o.s.w.s.m.m.a.HttpEntityMethodProcessor - Using 'application/json;q=0.8', given [image/avif, image/webp, image/apng, image/svg+xml, image/*, */*;q=0.8] and supported [application/json, application/*+json]
2026-04-29 11:08:01.094 [http-nio-8080-exec-2] DEBUG [79e6f87c] [GET] [/favicon.ico] [0:0:0:0:0:0:0:1] o.s.w.s.m.m.a.HttpEntityMethodProcessor - Writing [ErrorResponse{errorCode='INTERNAL_SERVER_ERROR', message='서버 내부 오류가 발생했습니다.', timestamp=2026-04-29T1 (truncated)...]
2026-04-29 11:08:01.097 [http-nio-8080-exec-2] WARN  [79e6f87c] [GET] [/favicon.ico] [0:0:0:0:0:0:0:1] o.s.w.s.m.m.a.ExceptionHandlerExceptionResolver - Resolved [org.springframework.web.servlet.resource.NoResourceFoundException: No static resource favicon.ico.]
2026-04-29 11:08:01.098 [http-nio-8080-exec-2] DEBUG [79e6f87c] [GET] [/favicon.ico] [0:0:0:0:0:0:0:1] o.s.web.servlet.DispatcherServlet - Completed 500 INTERNAL_SERVER_ERROR
2026-04-29 11:18:24.812 [File Watcher] INFO  [] [] [] [] o.s.b.d.a.LocalDevToolsAutoConfiguration$RestartingClassPathChangeChangedEventListener - Restarting due to 3 class path changes (0 additions, 0 deletions, 3 modifications)
2026-04-29 11:18:24.821 [Thread-5] INFO  [] [] [] [] o.s.b.w.e.tomcat.GracefulShutdown - Commencing graceful shutdown. Waiting for active requests to complete
2026-04-29 11:18:24.824 [tomcat-shutdown] INFO  [] [] [] [] o.a.coyote.http11.Http11NioProtocol - Pausing ProtocolHandler ["http-nio-8080"]
2026-04-29 11:18:25.084 [tomcat-shutdown] INFO  [] [] [] [] o.s.b.w.e.tomcat.GracefulShutdown - Graceful shutdown complete
2026-04-29 11:18:25.085 [Thread-5] INFO  [] [] [] [] o.a.coyote.http11.Http11NioProtocol - Stopping ProtocolHandler ["http-nio-8080"]
2026-04-29 11:18:25.090 [Thread-5] INFO  [] [] [] [] o.s.o.j.LocalContainerEntityManagerFactoryBean - Closing JPA EntityManagerFactory for persistence unit 'default'
2026-04-29 11:18:25.091 [Thread-5] DEBUG [] [] [] [] org.hibernate.SQL - 
    drop table if exists tbl_book cascade 
2026-04-29 11:18:25.095 [Thread-5] DEBUG [] [] [] [] org.hibernate.SQL - 
    drop table if exists tbl_loan cascade 
2026-04-29 11:18:25.096 [Thread-5] DEBUG [] [] [] [] org.hibernate.SQL - 
    drop table if exists tbl_member cascade 
2026-04-29 11:18:25.097 [Thread-5] DEBUG [] [] [] [] org.hibernate.SQL - 
    drop table if exists tbl_review cascade 
2026-04-29 11:18:25.105 [Thread-5] WARN  [] [] [] [] o.s.b.f.s.DisposableBeanAdapter - Invocation of destroy method failed on bean with name 'inMemoryDatabaseShutdownExecutor': org.h2.jdbc.JdbcSQLNonTransientConnectionException: Database is already closed (to disable automatic closing at VM shutdown, add ";DB_CLOSE_ON_EXIT=FALSE" to the db URL) [90121-232]
2026-04-29 11:18:25.106 [Thread-5] INFO  [] [] [] [] com.zaxxer.hikari.HikariDataSource - HikariPool-1 - Shutdown initiated...
2026-04-29 11:18:25.110 [Thread-5] INFO  [] [] [] [] com.zaxxer.hikari.HikariDataSource - HikariPool-1 - Shutdown completed.
2026-04-29 11:18:25.245 [restartedMain] INFO  [] [] [] [] c.o.s.Chap01SpringStabilityApplication - Starting Chap01SpringStabilityApplication using Java 17.0.18 with PID 8744 (C:\Lecture\10_Logging-Monitoring\module01-spring-stability\build\classes\java\main started by user in C:\Lecture\10_Logging-Monitoring\module01-spring-stability)
2026-04-29 11:18:25.245 [restartedMain] DEBUG [] [] [] [] c.o.s.Chap01SpringStabilityApplication - Running with Spring Boot v3.4.13, Spring v6.2.15
2026-04-29 11:18:25.246 [restartedMain] INFO  [] [] [] [] c.o.s.Chap01SpringStabilityApplication - The following 1 profile is active: "dev"
2026-04-29 11:18:25.582 [restartedMain] INFO  [] [] [] [] o.s.d.r.c.RepositoryConfigurationDelegate - Bootstrapping Spring Data JPA repositories in DEFAULT mode.
2026-04-29 11:18:25.631 [restartedMain] INFO  [] [] [] [] o.s.d.r.c.RepositoryConfigurationDelegate - Finished Spring Data repository scanning in 46 ms. Found 4 JPA repository interfaces.
2026-04-29 11:18:25.875 [restartedMain] INFO  [] [] [] [] o.s.b.w.e.tomcat.TomcatWebServer - Tomcat initialized with port 8080 (http)
2026-04-29 11:18:25.877 [restartedMain] INFO  [] [] [] [] o.a.coyote.http11.Http11NioProtocol - Initializing ProtocolHandler ["http-nio-8080"]
2026-04-29 11:18:25.877 [restartedMain] INFO  [] [] [] [] o.a.catalina.core.StandardService - Starting service [Tomcat]
2026-04-29 11:18:25.878 [restartedMain] INFO  [] [] [] [] o.a.catalina.core.StandardEngine - Starting Servlet engine: [Apache Tomcat/10.1.50]
2026-04-29 11:18:25.905 [restartedMain] INFO  [] [] [] [] o.a.c.c.C.[Tomcat].[localhost].[/] - Initializing Spring embedded WebApplicationContext
2026-04-29 11:18:25.905 [restartedMain] INFO  [] [] [] [] o.s.b.w.s.c.ServletWebServerApplicationContext - Root WebApplicationContext: initialization completed in 656 ms
2026-04-29 11:18:25.935 [restartedMain] DEBUG [] [] [] [] c.o.s.s.l.config.LoggingConfig$1 - Filter 'mdcLoggingFilter' configured for use
2026-04-29 11:18:26.026 [restartedMain] INFO  [] [] [] [] o.h.jpa.internal.util.LogHelper - HHH000204: Processing PersistenceUnitInfo [name: default]
2026-04-29 11:18:26.032 [restartedMain] INFO  [] [] [] [] o.h.c.i.RegionFactoryInitiator - HHH000026: Second-level cache disabled
2026-04-29 11:18:26.048 [restartedMain] INFO  [] [] [] [] o.s.o.j.p.SpringPersistenceUnitInfo - No LoadTimeWeaver setup: ignoring JPA class transformer
2026-04-29 11:18:26.050 [restartedMain] INFO  [] [] [] [] com.zaxxer.hikari.HikariDataSource - HikariPool-2 - Starting...
2026-04-29 11:18:26.108 [restartedMain] INFO  [] [] [] [] com.zaxxer.hikari.pool.HikariPool - HikariPool-2 - Added connection conn10: url=jdbc:h2:mem:library user=OHGIRAFFERS
2026-04-29 11:18:26.108 [restartedMain] INFO  [] [] [] [] com.zaxxer.hikari.HikariDataSource - HikariPool-2 - Start completed.
2026-04-29 11:18:26.110 [restartedMain] INFO  [] [] [] [] o.hibernate.orm.connections.pooling - HHH10001005: Database info:
	Database JDBC URL [Connecting through datasource 'HikariDataSource (HikariPool-2)']
	Database driver: undefined/unknown
	Database version: 2.3.232
	Autocommit mode: undefined/unknown
	Isolation level: undefined/unknown
	Minimum pool size: undefined/unknown
	Maximum pool size: undefined/unknown
2026-04-29 11:18:26.260 [restartedMain] INFO  [] [] [] [] o.h.e.t.j.p.i.JtaPlatformInitiator - HHH000489: No JTA platform available (set 'hibernate.transaction.jta.platform' to enable JTA platform integration)
2026-04-29 11:18:26.261 [restartedMain] DEBUG [] [] [] [] org.hibernate.SQL - 
    drop table if exists tbl_book cascade 
2026-04-29 11:18:26.262 [restartedMain] DEBUG [] [] [] [] org.hibernate.SQL - 
    drop table if exists tbl_loan cascade 
2026-04-29 11:18:26.263 [restartedMain] DEBUG [] [] [] [] org.hibernate.SQL - 
    drop table if exists tbl_member cascade 
2026-04-29 11:18:26.263 [restartedMain] DEBUG [] [] [] [] org.hibernate.SQL - 
    drop table if exists tbl_review cascade 
2026-04-29 11:18:26.263 [restartedMain] DEBUG [] [] [] [] org.hibernate.SQL - 
    create table tbl_book (
        available boolean not null,
        publish_date date not null,
        stock_quantity integer not null,
        book_id bigint generated by default as identity,
        isbn varchar(13) not null unique,
        author varchar(100) not null,
        publisher varchar(100) not null,
        title varchar(200) not null,
        primary key (book_id)
    )
2026-04-29 11:18:26.265 [restartedMain] DEBUG [] [] [] [] org.hibernate.SQL - 
    create table tbl_loan (
        fine_amount integer,
        overdue_days integer,
        book_id bigint not null,
        due_date timestamp(6) not null,
        loan_date timestamp(6) not null,
        loan_id bigint generated by default as identity,
        member_id bigint not null,
        return_date timestamp(6),
        status enum ('ACTIVE','OVERDUE','RETURNED') not null,
        primary key (loan_id)
    )
2026-04-29 11:18:26.267 [restartedMain] DEBUG [] [] [] [] org.hibernate.SQL - 
    create table tbl_member (
        active boolean not null,
        join_date timestamp(6) not null,
        member_id bigint generated by default as identity,
        phone varchar(20),
        member_name varchar(50) not null,
        email varchar(100) not null unique,
        primary key (member_id)
    )
2026-04-29 11:18:26.269 [restartedMain] DEBUG [] [] [] [] org.hibernate.SQL - 
    create table tbl_review (
        helpful_count integer not null check (helpful_count>=0),
        rating float(53) not null,
        verified_purchase boolean not null,
        book_id bigint not null,
        created_at timestamp(6) not null,
        member_id bigint not null,
        review_id bigint generated by default as identity,
        updated_at timestamp(6),
        title varchar(100) not null,
        content varchar(2000) not null,
        status enum ('ACTIVE','DELETED','HIDDEN') not null,
        primary key (review_id),
        unique (member_id, book_id)
    )
2026-04-29 11:18:26.270 [restartedMain] DEBUG [] [] [] [] org.hibernate.SQL - 
    alter table if exists tbl_loan 
       add constraint FK963g40utp85k5mww691e4ma6g 
       foreign key (book_id) 
       references tbl_book
2026-04-29 11:18:26.272 [restartedMain] DEBUG [] [] [] [] org.hibernate.SQL - 
    alter table if exists tbl_loan 
       add constraint FKqtnm703pqo6mnin10corsjsc 
       foreign key (member_id) 
       references tbl_member
2026-04-29 11:18:26.274 [restartedMain] DEBUG [] [] [] [] org.hibernate.SQL - 
    alter table if exists tbl_review 
       add constraint FK6ykodvsh8wis5tfouaxwi9qbc 
       foreign key (book_id) 
       references tbl_book
2026-04-29 11:18:26.276 [restartedMain] DEBUG [] [] [] [] org.hibernate.SQL - 
    alter table if exists tbl_review 
       add constraint FKcgs2lvcrlf9x3jtif9sskpx0 
       foreign key (member_id) 
       references tbl_member
2026-04-29 11:18:26.280 [restartedMain] INFO  [] [] [] [] o.s.o.j.LocalContainerEntityManagerFactoryBean - Initialized JPA EntityManagerFactory for persistence unit 'default'
2026-04-29 11:18:26.760 [restartedMain] WARN  [] [] [] [] o.s.b.a.o.j.JpaBaseConfiguration$JpaWebConfiguration - spring.jpa.open-in-view is enabled by default. Therefore, database queries may be performed during view rendering. Explicitly configure spring.jpa.open-in-view to disable this warning
2026-04-29 11:18:26.845 [restartedMain] DEBUG [] [] [] [] o.s.w.s.m.m.a.RequestMappingHandlerMapping - 29 mappings in 'requestMappingHandlerMapping'
2026-04-29 11:18:26.992 [restartedMain] DEBUG [] [] [] [] o.s.w.s.h.SimpleUrlHandlerMapping - Patterns [/webjars/**, /**] in 'resourceHandlerMapping'
2026-04-29 11:18:27.030 [restartedMain] DEBUG [] [] [] [] o.s.w.s.m.m.a.RequestMappingHandlerAdapter - ControllerAdvice beans: 0 @ModelAttribute, 0 @InitBinder, 1 RequestBodyAdvice, 1 ResponseBodyAdvice
2026-04-29 11:18:27.062 [restartedMain] DEBUG [] [] [] [] o.s.w.s.m.m.a.ExceptionHandlerExceptionResolver - ControllerAdvice beans: 2 @ExceptionHandler, 1 ResponseBodyAdvice
2026-04-29 11:18:27.137 [restartedMain] INFO  [] [] [] [] o.s.b.a.h.H2ConsoleAutoConfiguration - H2 console available at '/h2-console'. Database available at 'jdbc:h2:mem:library'
2026-04-29 11:18:27.235 [restartedMain] INFO  [] [] [] [] o.s.b.d.a.OptionalLiveReloadServer - LiveReload server is running on port 35729
2026-04-29 11:18:27.249 [restartedMain] INFO  [] [] [] [] o.a.coyote.http11.Http11NioProtocol - Starting ProtocolHandler ["http-nio-8080"]
2026-04-29 11:18:27.253 [restartedMain] INFO  [] [] [] [] o.s.b.w.e.tomcat.TomcatWebServer - Tomcat started on port 8080 (http) with context path '/'
2026-04-29 11:18:27.259 [restartedMain] INFO  [] [] [] [] c.o.s.Chap01SpringStabilityApplication - Started Chap01SpringStabilityApplication in 2.086 seconds (process running for 873.241)
2026-04-29 11:18:27.262 [restartedMain] INFO  [] [] [] [] o.s.b.d.a.ConditionEvaluationDeltaLoggingListener - Condition evaluation unchanged
2026-04-29 11:18:39.256 [background-preinit] INFO  [] [] [] [] o.h.validator.internal.util.Version - HV000001: Hibernate Validator 8.0.3.Final
2026-04-29 11:18:39.353 [Test worker] INFO  [] [] [] [] c.o.s.Chap01SpringStabilityApplicationTests - Starting Chap01SpringStabilityApplicationTests using Java 17.0.18 with PID 5728 (started by user in C:\Lecture\10_Logging-Monitoring\module01-spring-stability)
2026-04-29 11:18:39.355 [Test worker] DEBUG [] [] [] [] c.o.s.Chap01SpringStabilityApplicationTests - Running with Spring Boot v3.4.13, Spring v6.2.15
2026-04-29 11:18:39.356 [Test worker] INFO  [] [] [] [] c.o.s.Chap01SpringStabilityApplicationTests - The following 1 profile is active: "dev"
2026-04-29 11:18:39.428 [Test worker] DEBUG [] [] [] [] o.s.w.c.s.GenericWebApplicationContext - Refreshing org.springframework.web.context.support.GenericWebApplicationContext@67fc2aad
2026-04-29 11:18:41.057 [Test worker] INFO  [] [] [] [] o.s.d.r.c.RepositoryConfigurationDelegate - Bootstrapping Spring Data JPA repositories in DEFAULT mode.
2026-04-29 11:18:41.257 [Test worker] INFO  [] [] [] [] o.s.d.r.c.RepositoryConfigurationDelegate - Finished Spring Data repository scanning in 166 ms. Found 4 JPA repository interfaces.
2026-04-29 11:18:42.961 [Test worker] INFO  [] [] [] [] o.h.jpa.internal.util.LogHelper - HHH000204: Processing PersistenceUnitInfo [name: default]
2026-04-29 11:18:43.091 [Test worker] INFO  [] [] [] [] org.hibernate.Version - HHH000412: Hibernate ORM core version 6.6.39.Final
2026-04-29 11:18:43.148 [Test worker] INFO  [] [] [] [] o.h.c.i.RegionFactoryInitiator - HHH000026: Second-level cache disabled
2026-04-29 11:18:43.692 [Test worker] INFO  [] [] [] [] o.s.o.j.p.SpringPersistenceUnitInfo - No LoadTimeWeaver setup: ignoring JPA class transformer
2026-04-29 11:18:43.745 [Test worker] INFO  [] [] [] [] com.zaxxer.hikari.HikariDataSource - HikariPool-1 - Starting...
2026-04-29 11:18:44.076 [Test worker] INFO  [] [] [] [] com.zaxxer.hikari.pool.HikariPool - HikariPool-1 - Added connection conn0: url=jdbc:h2:mem:library user=OHGIRAFFERS
2026-04-29 11:18:44.081 [Test worker] INFO  [] [] [] [] com.zaxxer.hikari.HikariDataSource - HikariPool-1 - Start completed.
2026-04-29 11:18:44.202 [Test worker] INFO  [] [] [] [] o.hibernate.orm.connections.pooling - HHH10001005: Database info:
	Database JDBC URL [Connecting through datasource 'HikariDataSource (HikariPool-1)']
	Database driver: undefined/unknown
	Database version: 2.3.232
	Autocommit mode: undefined/unknown
	Isolation level: undefined/unknown
	Minimum pool size: undefined/unknown
	Maximum pool size: undefined/unknown
2026-04-29 11:18:45.990 [Test worker] INFO  [] [] [] [] o.h.e.t.j.p.i.JtaPlatformInitiator - HHH000489: No JTA platform available (set 'hibernate.transaction.jta.platform' to enable JTA platform integration)
2026-04-29 11:18:46.015 [Test worker] DEBUG [] [] [] [] org.hibernate.SQL - 
    drop table if exists tbl_book cascade 
2026-04-29 11:18:46.020 [Test worker] DEBUG [] [] [] [] org.hibernate.SQL - 
    drop table if exists tbl_loan cascade 
2026-04-29 11:18:46.020 [Test worker] DEBUG [] [] [] [] org.hibernate.SQL - 
    drop table if exists tbl_member cascade 
2026-04-29 11:18:46.022 [Test worker] DEBUG [] [] [] [] org.hibernate.SQL - 
    drop table if exists tbl_review cascade 
2026-04-29 11:18:46.028 [Test worker] DEBUG [] [] [] [] org.hibernate.SQL - 
    create table tbl_book (
        available boolean not null,
        publish_date date not null,
        stock_quantity integer not null,
        book_id bigint generated by default as identity,
        isbn varchar(13) not null unique,
        author varchar(100) not null,
        publisher varchar(100) not null,
        title varchar(200) not null,
        primary key (book_id)
    )
2026-04-29 11:18:46.051 [Test worker] DEBUG [] [] [] [] org.hibernate.SQL - 
    create table tbl_loan (
        fine_amount integer,
        overdue_days integer,
        book_id bigint not null,
        due_date timestamp(6) not null,
        loan_date timestamp(6) not null,
        loan_id bigint generated by default as identity,
        member_id bigint not null,
        return_date timestamp(6),
        status enum ('ACTIVE','OVERDUE','RETURNED') not null,
        primary key (loan_id)
    )
2026-04-29 11:18:46.055 [Test worker] DEBUG [] [] [] [] org.hibernate.SQL - 
    create table tbl_member (
        active boolean not null,
        join_date timestamp(6) not null,
        member_id bigint generated by default as identity,
        phone varchar(20),
        member_name varchar(50) not null,
        email varchar(100) not null unique,
        primary key (member_id)
    )
2026-04-29 11:18:46.058 [Test worker] DEBUG [] [] [] [] org.hibernate.SQL - 
    create table tbl_review (
        helpful_count integer not null check (helpful_count>=0),
        rating float(53) not null,
        verified_purchase boolean not null,
        book_id bigint not null,
        created_at timestamp(6) not null,
        member_id bigint not null,
        review_id bigint generated by default as identity,
        updated_at timestamp(6),
        title varchar(100) not null,
        content varchar(2000) not null,
        status enum ('ACTIVE','DELETED','HIDDEN') not null,
        primary key (review_id),
        unique (member_id, book_id)
    )
2026-04-29 11:18:46.069 [Test worker] DEBUG [] [] [] [] org.hibernate.SQL - 
    alter table if exists tbl_loan 
       add constraint FK963g40utp85k5mww691e4ma6g 
       foreign key (book_id) 
       references tbl_book
2026-04-29 11:18:46.081 [Test worker] DEBUG [] [] [] [] org.hibernate.SQL - 
    alter table if exists tbl_loan 
       add constraint FKqtnm703pqo6mnin10corsjsc 
       foreign key (member_id) 
       references tbl_member
2026-04-29 11:18:46.084 [Test worker] DEBUG [] [] [] [] org.hibernate.SQL - 
    alter table if exists tbl_review 
       add constraint FK6ykodvsh8wis5tfouaxwi9qbc 
       foreign key (book_id) 
       references tbl_book
2026-04-29 11:18:46.086 [Test worker] DEBUG [] [] [] [] org.hibernate.SQL - 
    alter table if exists tbl_review 
       add constraint FKcgs2lvcrlf9x3jtif9sskpx0 
       foreign key (member_id) 
       references tbl_member
2026-04-29 11:18:46.093 [Test worker] INFO  [] [] [] [] o.s.o.j.LocalContainerEntityManagerFactoryBean - Initialized JPA EntityManagerFactory for persistence unit 'default'
2026-04-29 11:18:48.126 [Test worker] INFO  [] [] [] [] o.s.d.j.r.query.QueryEnhancerFactory - Hibernate is in classpath; If applicable, HQL parser will be used.
2026-04-29 11:18:51.327 [Test worker] WARN  [] [] [] [] o.s.b.a.o.j.JpaBaseConfiguration$JpaWebConfiguration - spring.jpa.open-in-view is enabled by default. Therefore, database queries may be performed during view rendering. Explicitly configure spring.jpa.open-in-view to disable this warning
2026-04-29 11:18:52.054 [Test worker] DEBUG [] [] [] [] o.s.w.s.m.m.a.RequestMappingHandlerMapping - 29 mappings in 'requestMappingHandlerMapping'
2026-04-29 11:18:52.751 [Test worker] DEBUG [] [] [] [] o.s.w.s.h.SimpleUrlHandlerMapping - Patterns [/webjars/**, /**] in 'resourceHandlerMapping'
2026-04-29 11:18:52.958 [Test worker] DEBUG [] [] [] [] o.s.w.s.m.m.a.RequestMappingHandlerAdapter - ControllerAdvice beans: 0 @ModelAttribute, 0 @InitBinder, 1 RequestBodyAdvice, 1 ResponseBodyAdvice
2026-04-29 11:18:53.270 [Test worker] DEBUG [] [] [] [] o.s.w.s.m.m.a.ExceptionHandlerExceptionResolver - ControllerAdvice beans: 2 @ExceptionHandler, 1 ResponseBodyAdvice
2026-04-29 11:18:53.512 [Test worker] INFO  [] [] [] [] o.s.b.a.h.H2ConsoleAutoConfiguration - H2 console available at '/h2-console'. Database available at 'jdbc:h2:mem:library'
2026-04-29 11:18:54.108 [Test worker] INFO  [] [] [] [] c.o.s.Chap01SpringStabilityApplicationTests - Started Chap01SpringStabilityApplicationTests in 15.668 seconds (process running for 17.982)
2026-04-29 11:18:55.573 [SpringApplicationShutdownHook] DEBUG [] [] [] [] o.s.w.c.s.GenericWebApplicationContext - Closing org.springframework.web.context.support.GenericWebApplicationContext@67fc2aad, started on Wed Apr 29 11:18:39 KST 2026
2026-04-29 11:18:55.579 [SpringApplicationShutdownHook] INFO  [] [] [] [] o.s.o.j.LocalContainerEntityManagerFactoryBean - Closing JPA EntityManagerFactory for persistence unit 'default'
2026-04-29 11:18:55.582 [SpringApplicationShutdownHook] DEBUG [] [] [] [] org.hibernate.SQL - 
    drop table if exists tbl_book cascade 
2026-04-29 11:18:55.588 [SpringApplicationShutdownHook] DEBUG [] [] [] [] org.hibernate.SQL - 
    drop table if exists tbl_loan cascade 
2026-04-29 11:18:55.591 [SpringApplicationShutdownHook] DEBUG [] [] [] [] org.hibernate.SQL - 
    drop table if exists tbl_member cascade 
2026-04-29 11:18:55.594 [SpringApplicationShutdownHook] DEBUG [] [] [] [] org.hibernate.SQL - 
    drop table if exists tbl_review cascade 
2026-04-29 11:18:55.606 [SpringApplicationShutdownHook] INFO  [] [] [] [] com.zaxxer.hikari.HikariDataSource - HikariPool-1 - Shutdown initiated...
2026-04-29 11:18:55.611 [SpringApplicationShutdownHook] INFO  [] [] [] [] com.zaxxer.hikari.HikariDataSource - HikariPool-1 - Shutdown completed.
2026-04-29 11:20:32.807 [File Watcher] INFO  [] [] [] [] o.s.b.d.a.LocalDevToolsAutoConfiguration$RestartingClassPathChangeChangedEventListener - Restarting due to 3 class path changes (0 additions, 0 deletions, 3 modifications)
2026-04-29 11:20:32.808 [Thread-7] INFO  [] [] [] [] o.s.b.w.e.tomcat.GracefulShutdown - Commencing graceful shutdown. Waiting for active requests to complete
2026-04-29 11:20:32.809 [tomcat-shutdown] INFO  [] [] [] [] o.a.coyote.http11.Http11NioProtocol - Pausing ProtocolHandler ["http-nio-8080"]
2026-04-29 11:20:33.088 [tomcat-shutdown] INFO  [] [] [] [] o.s.b.w.e.tomcat.GracefulShutdown - Graceful shutdown complete
2026-04-29 11:20:33.088 [Thread-7] INFO  [] [] [] [] o.a.coyote.http11.Http11NioProtocol - Stopping ProtocolHandler ["http-nio-8080"]
2026-04-29 11:20:33.092 [Thread-7] INFO  [] [] [] [] o.s.o.j.LocalContainerEntityManagerFactoryBean - Closing JPA EntityManagerFactory for persistence unit 'default'
2026-04-29 11:20:33.092 [Thread-7] DEBUG [] [] [] [] org.hibernate.SQL - 
    drop table if exists tbl_book cascade 
2026-04-29 11:20:33.094 [Thread-7] DEBUG [] [] [] [] org.hibernate.SQL - 
    drop table if exists tbl_loan cascade 
2026-04-29 11:20:33.095 [Thread-7] DEBUG [] [] [] [] org.hibernate.SQL - 
    drop table if exists tbl_member cascade 
2026-04-29 11:20:33.095 [Thread-7] DEBUG [] [] [] [] org.hibernate.SQL - 
    drop table if exists tbl_review cascade 
2026-04-29 11:20:33.097 [Thread-7] WARN  [] [] [] [] o.s.b.f.s.DisposableBeanAdapter - Invocation of destroy method failed on bean with name 'inMemoryDatabaseShutdownExecutor': org.h2.jdbc.JdbcSQLNonTransientConnectionException: Database is already closed (to disable automatic closing at VM shutdown, add ";DB_CLOSE_ON_EXIT=FALSE" to the db URL) [90121-232]
2026-04-29 11:20:33.097 [Thread-7] INFO  [] [] [] [] com.zaxxer.hikari.HikariDataSource - HikariPool-2 - Shutdown initiated...
2026-04-29 11:20:33.098 [Thread-7] INFO  [] [] [] [] com.zaxxer.hikari.HikariDataSource - HikariPool-2 - Shutdown completed.
2026-04-29 11:20:33.233 [restartedMain] INFO  [] [] [] [] c.o.s.Chap01SpringStabilityApplication - Starting Chap01SpringStabilityApplication using Java 17.0.18 with PID 8744 (C:\Lecture\10_Logging-Monitoring\module01-spring-stability\build\classes\java\main started by user in C:\Lecture\10_Logging-Monitoring\module01-spring-stability)
2026-04-29 11:20:33.234 [restartedMain] DEBUG [] [] [] [] c.o.s.Chap01SpringStabilityApplication - Running with Spring Boot v3.4.13, Spring v6.2.15
2026-04-29 11:20:33.234 [restartedMain] INFO  [] [] [] [] c.o.s.Chap01SpringStabilityApplication - The following 1 profile is active: "dev"
2026-04-29 11:20:33.662 [restartedMain] INFO  [] [] [] [] o.s.d.r.c.RepositoryConfigurationDelegate - Bootstrapping Spring Data JPA repositories in DEFAULT mode.
2026-04-29 11:20:33.720 [restartedMain] INFO  [] [] [] [] o.s.d.r.c.RepositoryConfigurationDelegate - Finished Spring Data repository scanning in 55 ms. Found 4 JPA repository interfaces.
2026-04-29 11:20:33.930 [restartedMain] INFO  [] [] [] [] o.s.b.w.e.tomcat.TomcatWebServer - Tomcat initialized with port 8080 (http)
2026-04-29 11:20:33.930 [restartedMain] INFO  [] [] [] [] o.a.coyote.http11.Http11NioProtocol - Initializing ProtocolHandler ["http-nio-8080"]
2026-04-29 11:20:33.930 [restartedMain] INFO  [] [] [] [] o.a.catalina.core.StandardService - Starting service [Tomcat]
2026-04-29 11:20:33.930 [restartedMain] INFO  [] [] [] [] o.a.catalina.core.StandardEngine - Starting Servlet engine: [Apache Tomcat/10.1.50]
2026-04-29 11:20:33.949 [restartedMain] INFO  [] [] [] [] o.a.c.c.C.[Tomcat].[localhost].[/] - Initializing Spring embedded WebApplicationContext
2026-04-29 11:20:33.950 [restartedMain] INFO  [] [] [] [] o.s.b.w.s.c.ServletWebServerApplicationContext - Root WebApplicationContext: initialization completed in 713 ms
2026-04-29 11:20:33.976 [restartedMain] DEBUG [] [] [] [] c.o.s.s.l.config.LoggingConfig$1 - Filter 'mdcLoggingFilter' configured for use
2026-04-29 11:20:34.025 [restartedMain] INFO  [] [] [] [] o.h.jpa.internal.util.LogHelper - HHH000204: Processing PersistenceUnitInfo [name: default]
2026-04-29 11:20:34.028 [restartedMain] INFO  [] [] [] [] o.h.c.i.RegionFactoryInitiator - HHH000026: Second-level cache disabled
2026-04-29 11:20:34.035 [restartedMain] INFO  [] [] [] [] o.s.o.j.p.SpringPersistenceUnitInfo - No LoadTimeWeaver setup: ignoring JPA class transformer
2026-04-29 11:20:34.036 [restartedMain] INFO  [] [] [] [] com.zaxxer.hikari.HikariDataSource - HikariPool-3 - Starting...
2026-04-29 11:20:34.038 [restartedMain] INFO  [] [] [] [] com.zaxxer.hikari.pool.HikariPool - HikariPool-3 - Added connection conn20: url=jdbc:h2:mem:library user=OHGIRAFFERS
2026-04-29 11:20:34.038 [restartedMain] INFO  [] [] [] [] com.zaxxer.hikari.HikariDataSource - HikariPool-3 - Start completed.
2026-04-29 11:20:34.039 [restartedMain] INFO  [] [] [] [] o.hibernate.orm.connections.pooling - HHH10001005: Database info:
	Database JDBC URL [Connecting through datasource 'HikariDataSource (HikariPool-3)']
	Database driver: undefined/unknown
	Database version: 2.3.232
	Autocommit mode: undefined/unknown
	Isolation level: undefined/unknown
	Minimum pool size: undefined/unknown
	Maximum pool size: undefined/unknown
2026-04-29 11:20:34.155 [restartedMain] INFO  [] [] [] [] o.h.e.t.j.p.i.JtaPlatformInitiator - HHH000489: No JTA platform available (set 'hibernate.transaction.jta.platform' to enable JTA platform integration)
2026-04-29 11:20:34.155 [restartedMain] DEBUG [] [] [] [] org.hibernate.SQL - 
    drop table if exists tbl_book cascade 
2026-04-29 11:20:34.155 [restartedMain] DEBUG [] [] [] [] org.hibernate.SQL - 
    drop table if exists tbl_loan cascade 
2026-04-29 11:20:34.155 [restartedMain] DEBUG [] [] [] [] org.hibernate.SQL - 
    drop table if exists tbl_member cascade 
2026-04-29 11:20:34.155 [restartedMain] DEBUG [] [] [] [] org.hibernate.SQL - 
    drop table if exists tbl_review cascade 
2026-04-29 11:20:34.157 [restartedMain] DEBUG [] [] [] [] org.hibernate.SQL - 
    create table tbl_book (
        available boolean not null,
        publish_date date not null,
        stock_quantity integer not null,
        book_id bigint generated by default as identity,
        isbn varchar(13) not null unique,
        author varchar(100) not null,
        publisher varchar(100) not null,
        title varchar(200) not null,
        primary key (book_id)
    )
2026-04-29 11:20:34.158 [restartedMain] DEBUG [] [] [] [] org.hibernate.SQL - 
    create table tbl_loan (
        fine_amount integer,
        overdue_days integer,
        book_id bigint not null,
        due_date timestamp(6) not null,
        loan_date timestamp(6) not null,
        loan_id bigint generated by default as identity,
        member_id bigint not null,
        return_date timestamp(6),
        status enum ('ACTIVE','OVERDUE','RETURNED') not null,
        primary key (loan_id)
    )
2026-04-29 11:20:34.158 [restartedMain] DEBUG [] [] [] [] org.hibernate.SQL - 
    create table tbl_member (
        active boolean not null,
        join_date timestamp(6) not null,
        member_id bigint generated by default as identity,
        phone varchar(20),
        member_name varchar(50) not null,
        email varchar(100) not null unique,
        primary key (member_id)
    )
2026-04-29 11:20:34.158 [restartedMain] DEBUG [] [] [] [] org.hibernate.SQL - 
    create table tbl_review (
        helpful_count integer not null check (helpful_count>=0),
        rating float(53) not null,
        verified_purchase boolean not null,
        book_id bigint not null,
        created_at timestamp(6) not null,
        member_id bigint not null,
        review_id bigint generated by default as identity,
        updated_at timestamp(6),
        title varchar(100) not null,
        content varchar(2000) not null,
        status enum ('ACTIVE','DELETED','HIDDEN') not null,
        primary key (review_id),
        unique (member_id, book_id)
    )
2026-04-29 11:20:34.160 [restartedMain] DEBUG [] [] [] [] org.hibernate.SQL - 
    alter table if exists tbl_loan 
       add constraint FK963g40utp85k5mww691e4ma6g 
       foreign key (book_id) 
       references tbl_book
2026-04-29 11:20:34.160 [restartedMain] DEBUG [] [] [] [] org.hibernate.SQL - 
    alter table if exists tbl_loan 
       add constraint FKqtnm703pqo6mnin10corsjsc 
       foreign key (member_id) 
       references tbl_member
2026-04-29 11:20:34.161 [restartedMain] DEBUG [] [] [] [] org.hibernate.SQL - 
    alter table if exists tbl_review 
       add constraint FK6ykodvsh8wis5tfouaxwi9qbc 
       foreign key (book_id) 
       references tbl_book
2026-04-29 11:20:34.162 [restartedMain] DEBUG [] [] [] [] org.hibernate.SQL - 
    alter table if exists tbl_review 
       add constraint FKcgs2lvcrlf9x3jtif9sskpx0 
       foreign key (member_id) 
       references tbl_member
2026-04-29 11:20:34.163 [restartedMain] INFO  [] [] [] [] o.s.o.j.LocalContainerEntityManagerFactoryBean - Initialized JPA EntityManagerFactory for persistence unit 'default'
2026-04-29 11:20:34.743 [restartedMain] WARN  [] [] [] [] o.s.b.a.o.j.JpaBaseConfiguration$JpaWebConfiguration - spring.jpa.open-in-view is enabled by default. Therefore, database queries may be performed during view rendering. Explicitly configure spring.jpa.open-in-view to disable this warning
2026-04-29 11:20:34.911 [restartedMain] DEBUG [] [] [] [] o.s.w.s.m.m.a.RequestMappingHandlerMapping - 29 mappings in 'requestMappingHandlerMapping'
2026-04-29 11:20:35.189 [restartedMain] DEBUG [] [] [] [] o.s.w.s.h.SimpleUrlHandlerMapping - Patterns [/webjars/**, /**] in 'resourceHandlerMapping'
2026-04-29 11:20:35.234 [restartedMain] DEBUG [] [] [] [] o.s.w.s.m.m.a.RequestMappingHandlerAdapter - ControllerAdvice beans: 0 @ModelAttribute, 0 @InitBinder, 1 RequestBodyAdvice, 1 ResponseBodyAdvice
2026-04-29 11:20:35.283 [restartedMain] DEBUG [] [] [] [] o.s.w.s.m.m.a.ExceptionHandlerExceptionResolver - ControllerAdvice beans: 2 @ExceptionHandler, 1 ResponseBodyAdvice
2026-04-29 11:20:35.388 [restartedMain] INFO  [] [] [] [] o.s.b.a.h.H2ConsoleAutoConfiguration - H2 console available at '/h2-console'. Database available at 'jdbc:h2:mem:library'
2026-04-29 11:20:35.549 [restartedMain] INFO  [] [] [] [] o.s.b.d.a.OptionalLiveReloadServer - LiveReload server is running on port 35729
2026-04-29 11:20:35.571 [restartedMain] INFO  [] [] [] [] o.a.coyote.http11.Http11NioProtocol - Starting ProtocolHandler ["http-nio-8080"]
2026-04-29 11:20:35.579 [restartedMain] INFO  [] [] [] [] o.s.b.w.e.tomcat.TomcatWebServer - Tomcat started on port 8080 (http) with context path '/'
2026-04-29 11:20:35.590 [restartedMain] INFO  [] [] [] [] c.o.s.Chap01SpringStabilityApplication - Started Chap01SpringStabilityApplication in 2.415 seconds (process running for 1001.572)
2026-04-29 11:20:35.593 [restartedMain] INFO  [] [] [] [] o.s.b.d.a.ConditionEvaluationDeltaLoggingListener - Condition evaluation unchanged
2026-04-29 11:39:56.086 [File Watcher] INFO  [] [] [] [] o.s.b.d.a.LocalDevToolsAutoConfiguration$RestartingClassPathChangeChangedEventListener - Restarting due to 2 class path changes (0 additions, 2 deletions, 0 modifications)
2026-04-29 11:39:56.088 [Thread-12] INFO  [] [] [] [] o.s.b.w.e.tomcat.GracefulShutdown - Commencing graceful shutdown. Waiting for active requests to complete
2026-04-29 11:39:56.089 [tomcat-shutdown] INFO  [] [] [] [] o.a.coyote.http11.Http11NioProtocol - Pausing ProtocolHandler ["http-nio-8080"]
2026-04-29 11:39:56.478 [tomcat-shutdown] INFO  [] [] [] [] o.s.b.w.e.tomcat.GracefulShutdown - Graceful shutdown complete
2026-04-29 11:39:56.480 [Thread-12] INFO  [] [] [] [] o.a.coyote.http11.Http11NioProtocol - Stopping ProtocolHandler ["http-nio-8080"]
2026-04-29 11:39:56.485 [Thread-12] INFO  [] [] [] [] o.s.o.j.LocalContainerEntityManagerFactoryBean - Closing JPA EntityManagerFactory for persistence unit 'default'
2026-04-29 11:39:56.485 [Thread-12] DEBUG [] [] [] [] org.hibernate.SQL - 
    drop table if exists tbl_book cascade 
2026-04-29 11:39:56.487 [Thread-12] DEBUG [] [] [] [] org.hibernate.SQL - 
    drop table if exists tbl_loan cascade 
2026-04-29 11:39:56.488 [Thread-12] DEBUG [] [] [] [] org.hibernate.SQL - 
    drop table if exists tbl_member cascade 
2026-04-29 11:39:56.488 [Thread-12] DEBUG [] [] [] [] org.hibernate.SQL - 
    drop table if exists tbl_review cascade 
2026-04-29 11:39:56.489 [Thread-12] WARN  [] [] [] [] o.s.b.f.s.DisposableBeanAdapter - Invocation of destroy method failed on bean with name 'inMemoryDatabaseShutdownExecutor': org.h2.jdbc.JdbcSQLNonTransientConnectionException: Database is already closed (to disable automatic closing at VM shutdown, add ";DB_CLOSE_ON_EXIT=FALSE" to the db URL) [90121-232]
2026-04-29 11:39:56.490 [Thread-12] INFO  [] [] [] [] com.zaxxer.hikari.HikariDataSource - HikariPool-3 - Shutdown initiated...
2026-04-29 11:39:56.491 [Thread-12] INFO  [] [] [] [] com.zaxxer.hikari.HikariDataSource - HikariPool-3 - Shutdown completed.
2026-04-29 11:39:56.665 [restartedMain] INFO  [] [] [] [] c.o.s.Chap01SpringStabilityApplication - Starting Chap01SpringStabilityApplication using Java 17.0.18 with PID 8744 (C:\Lecture\10_Logging-Monitoring\module01-spring-stability\build\classes\java\main started by user in C:\Lecture\10_Logging-Monitoring\module01-spring-stability)
2026-04-29 11:39:56.665 [restartedMain] DEBUG [] [] [] [] c.o.s.Chap01SpringStabilityApplication - Running with Spring Boot v3.4.13, Spring v6.2.15
2026-04-29 11:39:56.666 [restartedMain] INFO  [] [] [] [] c.o.s.Chap01SpringStabilityApplication - The following 1 profile is active: "dev"
2026-04-29 11:39:57.319 [restartedMain] INFO  [] [] [] [] o.s.d.r.c.RepositoryConfigurationDelegate - Bootstrapping Spring Data JPA repositories in DEFAULT mode.
2026-04-29 11:39:57.407 [restartedMain] INFO  [] [] [] [] o.s.d.r.c.RepositoryConfigurationDelegate - Finished Spring Data repository scanning in 85 ms. Found 4 JPA repository interfaces.
2026-04-29 11:39:57.780 [restartedMain] INFO  [] [] [] [] o.s.b.w.e.tomcat.TomcatWebServer - Tomcat initialized with port 8080 (http)
2026-04-29 11:39:57.781 [restartedMain] INFO  [] [] [] [] o.a.coyote.http11.Http11NioProtocol - Initializing ProtocolHandler ["http-nio-8080"]
2026-04-29 11:39:57.781 [restartedMain] INFO  [] [] [] [] o.a.catalina.core.StandardService - Starting service [Tomcat]
2026-04-29 11:39:57.783 [restartedMain] INFO  [] [] [] [] o.a.catalina.core.StandardEngine - Starting Servlet engine: [Apache Tomcat/10.1.50]
2026-04-29 11:39:57.808 [restartedMain] INFO  [] [] [] [] o.a.c.c.C.[Tomcat].[localhost].[/] - Initializing Spring embedded WebApplicationContext
2026-04-29 11:39:57.808 [restartedMain] INFO  [] [] [] [] o.s.b.w.s.c.ServletWebServerApplicationContext - Root WebApplicationContext: initialization completed in 1138 ms
2026-04-29 11:39:57.841 [restartedMain] DEBUG [] [] [] [] c.o.s.s.l.config.LoggingConfig$1 - Filter 'mdcLoggingFilter' configured for use
2026-04-29 11:39:57.949 [restartedMain] INFO  [] [] [] [] o.h.jpa.internal.util.LogHelper - HHH000204: Processing PersistenceUnitInfo [name: default]
2026-04-29 11:39:57.954 [restartedMain] INFO  [] [] [] [] o.h.c.i.RegionFactoryInitiator - HHH000026: Second-level cache disabled
2026-04-29 11:39:57.974 [restartedMain] INFO  [] [] [] [] o.s.o.j.p.SpringPersistenceUnitInfo - No LoadTimeWeaver setup: ignoring JPA class transformer
2026-04-29 11:39:57.978 [restartedMain] INFO  [] [] [] [] com.zaxxer.hikari.HikariDataSource - HikariPool-4 - Starting...
2026-04-29 11:39:57.984 [restartedMain] INFO  [] [] [] [] com.zaxxer.hikari.pool.HikariPool - HikariPool-4 - Added connection conn30: url=jdbc:h2:mem:library user=OHGIRAFFERS
2026-04-29 11:39:57.985 [restartedMain] INFO  [] [] [] [] com.zaxxer.hikari.HikariDataSource - HikariPool-4 - Start completed.
2026-04-29 11:39:57.988 [restartedMain] INFO  [] [] [] [] o.hibernate.orm.connections.pooling - HHH10001005: Database info:
	Database JDBC URL [Connecting through datasource 'HikariDataSource (HikariPool-4)']
	Database driver: undefined/unknown
	Database version: 2.3.232
	Autocommit mode: undefined/unknown
	Isolation level: undefined/unknown
	Minimum pool size: undefined/unknown
	Maximum pool size: undefined/unknown
2026-04-29 11:39:58.169 [restartedMain] INFO  [] [] [] [] o.h.e.t.j.p.i.JtaPlatformInitiator - HHH000489: No JTA platform available (set 'hibernate.transaction.jta.platform' to enable JTA platform integration)
2026-04-29 11:39:58.171 [restartedMain] DEBUG [] [] [] [] org.hibernate.SQL - 
    drop table if exists tbl_book cascade 
2026-04-29 11:39:58.173 [restartedMain] DEBUG [] [] [] [] org.hibernate.SQL - 
    drop table if exists tbl_loan cascade 
2026-04-29 11:39:58.174 [restartedMain] DEBUG [] [] [] [] org.hibernate.SQL - 
    drop table if exists tbl_member cascade 
2026-04-29 11:39:58.175 [restartedMain] DEBUG [] [] [] [] org.hibernate.SQL - 
    drop table if exists tbl_review cascade 
2026-04-29 11:39:58.176 [restartedMain] DEBUG [] [] [] [] org.hibernate.SQL - 
    create table tbl_book (
        available boolean not null,
        publish_date date not null,
        stock_quantity integer not null,
        book_id bigint generated by default as identity,
        isbn varchar(13) not null unique,
        author varchar(100) not null,
        publisher varchar(100) not null,
        title varchar(200) not null,
        primary key (book_id)
    )
2026-04-29 11:39:58.178 [restartedMain] DEBUG [] [] [] [] org.hibernate.SQL - 
    create table tbl_loan (
        fine_amount integer,
        overdue_days integer,
        book_id bigint not null,
        due_date timestamp(6) not null,
        loan_date timestamp(6) not null,
        loan_id bigint generated by default as identity,
        member_id bigint not null,
        return_date timestamp(6),
        status enum ('ACTIVE','OVERDUE','RETURNED') not null,
        primary key (loan_id)
    )
2026-04-29 11:39:58.180 [restartedMain] DEBUG [] [] [] [] org.hibernate.SQL - 
    create table tbl_member (
        active boolean not null,
        join_date timestamp(6) not null,
        member_id bigint generated by default as identity,
        phone varchar(20),
        member_name varchar(50) not null,
        email varchar(100) not null unique,
        primary key (member_id)
    )
2026-04-29 11:39:58.182 [restartedMain] DEBUG [] [] [] [] org.hibernate.SQL - 
    create table tbl_review (
        helpful_count integer not null check (helpful_count>=0),
        rating float(53) not null,
        verified_purchase boolean not null,
        book_id bigint not null,
        created_at timestamp(6) not null,
        member_id bigint not null,
        review_id bigint generated by default as identity,
        updated_at timestamp(6),
        title varchar(100) not null,
        content varchar(2000) not null,
        status enum ('ACTIVE','DELETED','HIDDEN') not null,
        primary key (review_id),
        unique (member_id, book_id)
    )
2026-04-29 11:39:58.185 [restartedMain] DEBUG [] [] [] [] org.hibernate.SQL - 
    alter table if exists tbl_loan 
       add constraint FK963g40utp85k5mww691e4ma6g 
       foreign key (book_id) 
       references tbl_book
2026-04-29 11:39:58.187 [restartedMain] DEBUG [] [] [] [] org.hibernate.SQL - 
    alter table if exists tbl_loan 
       add constraint FKqtnm703pqo6mnin10corsjsc 
       foreign key (member_id) 
       references tbl_member
2026-04-29 11:39:58.189 [restartedMain] DEBUG [] [] [] [] org.hibernate.SQL - 
    alter table if exists tbl_review 
       add constraint FK6ykodvsh8wis5tfouaxwi9qbc 
       foreign key (book_id) 
       references tbl_book
2026-04-29 11:39:58.194 [restartedMain] DEBUG [] [] [] [] org.hibernate.SQL - 
    alter table if exists tbl_review 
       add constraint FKcgs2lvcrlf9x3jtif9sskpx0 
       foreign key (member_id) 
       references tbl_member
2026-04-29 11:39:58.201 [restartedMain] INFO  [] [] [] [] o.s.o.j.LocalContainerEntityManagerFactoryBean - Initialized JPA EntityManagerFactory for persistence unit 'default'
2026-04-29 11:39:58.674 [restartedMain] WARN  [] [] [] [] o.s.b.a.o.j.JpaBaseConfiguration$JpaWebConfiguration - spring.jpa.open-in-view is enabled by default. Therefore, database queries may be performed during view rendering. Explicitly configure spring.jpa.open-in-view to disable this warning
2026-04-29 11:39:58.711 [restartedMain] DEBUG [] [] [] [] o.s.w.s.m.m.a.RequestMappingHandlerMapping - 29 mappings in 'requestMappingHandlerMapping'
2026-04-29 11:39:58.806 [restartedMain] DEBUG [] [] [] [] o.s.w.s.h.SimpleUrlHandlerMapping - Patterns [/webjars/**, /**] in 'resourceHandlerMapping'
2026-04-29 11:39:58.823 [restartedMain] DEBUG [] [] [] [] o.s.w.s.m.m.a.RequestMappingHandlerAdapter - ControllerAdvice beans: 0 @ModelAttribute, 0 @InitBinder, 1 RequestBodyAdvice, 1 ResponseBodyAdvice
2026-04-29 11:39:58.847 [restartedMain] DEBUG [] [] [] [] o.s.w.s.m.m.a.ExceptionHandlerExceptionResolver - ControllerAdvice beans: 2 @ExceptionHandler, 1 ResponseBodyAdvice
2026-04-29 11:39:58.903 [restartedMain] INFO  [] [] [] [] o.s.b.a.h.H2ConsoleAutoConfiguration - H2 console available at '/h2-console'. Database available at 'jdbc:h2:mem:library'
2026-04-29 11:39:59.011 [restartedMain] INFO  [] [] [] [] o.s.b.d.a.OptionalLiveReloadServer - LiveReload server is running on port 35729
2026-04-29 11:39:59.027 [restartedMain] INFO  [] [] [] [] o.a.coyote.http11.Http11NioProtocol - Starting ProtocolHandler ["http-nio-8080"]
2026-04-29 11:39:59.031 [restartedMain] INFO  [] [] [] [] o.s.b.w.e.tomcat.TomcatWebServer - Tomcat started on port 8080 (http) with context path '/'
2026-04-29 11:39:59.036 [restartedMain] INFO  [] [] [] [] c.o.s.Chap01SpringStabilityApplication - Started Chap01SpringStabilityApplication in 2.453 seconds (process running for 2165.019)
2026-04-29 11:39:59.038 [restartedMain] INFO  [] [] [] [] o.s.b.d.a.ConditionEvaluationDeltaLoggingListener - Condition evaluation unchanged
2026-04-29 11:40:00.478 [File Watcher] INFO  [] [] [] [] o.s.b.d.a.LocalDevToolsAutoConfiguration$RestartingClassPathChangeChangedEventListener - Restarting due to 2 class path changes (2 additions, 0 deletions, 0 modifications)
2026-04-29 11:40:00.482 [Thread-16] INFO  [] [] [] [] o.s.b.w.e.tomcat.GracefulShutdown - Commencing graceful shutdown. Waiting for active requests to complete
2026-04-29 11:40:00.483 [tomcat-shutdown] INFO  [] [] [] [] o.a.coyote.http11.Http11NioProtocol - Pausing ProtocolHandler ["http-nio-8080"]
2026-04-29 11:40:00.976 [tomcat-shutdown] INFO  [] [] [] [] o.s.b.w.e.tomcat.GracefulShutdown - Graceful shutdown complete
2026-04-29 11:40:00.977 [Thread-16] INFO  [] [] [] [] o.a.coyote.http11.Http11NioProtocol - Stopping ProtocolHandler ["http-nio-8080"]
2026-04-29 11:40:00.981 [Thread-16] INFO  [] [] [] [] o.s.o.j.LocalContainerEntityManagerFactoryBean - Closing JPA EntityManagerFactory for persistence unit 'default'
2026-04-29 11:40:00.982 [Thread-16] DEBUG [] [] [] [] org.hibernate.SQL - 
    drop table if exists tbl_book cascade 
2026-04-29 11:40:00.984 [Thread-16] DEBUG [] [] [] [] org.hibernate.SQL - 
    drop table if exists tbl_loan cascade 
2026-04-29 11:40:00.985 [Thread-16] DEBUG [] [] [] [] org.hibernate.SQL - 
    drop table if exists tbl_member cascade 
2026-04-29 11:40:00.986 [Thread-16] DEBUG [] [] [] [] org.hibernate.SQL - 
    drop table if exists tbl_review cascade 
2026-04-29 11:40:00.988 [Thread-16] WARN  [] [] [] [] o.s.b.f.s.DisposableBeanAdapter - Invocation of destroy method failed on bean with name 'inMemoryDatabaseShutdownExecutor': org.h2.jdbc.JdbcSQLNonTransientConnectionException: Database is already closed (to disable automatic closing at VM shutdown, add ";DB_CLOSE_ON_EXIT=FALSE" to the db URL) [90121-232]
2026-04-29 11:40:00.988 [Thread-16] INFO  [] [] [] [] com.zaxxer.hikari.HikariDataSource - HikariPool-4 - Shutdown initiated...
2026-04-29 11:40:01.007 [Thread-16] INFO  [] [] [] [] com.zaxxer.hikari.HikariDataSource - HikariPool-4 - Shutdown completed.
2026-04-29 11:40:01.266 [restartedMain] INFO  [] [] [] [] c.o.s.Chap01SpringStabilityApplication - Starting Chap01SpringStabilityApplication using Java 17.0.18 with PID 8744 (C:\Lecture\10_Logging-Monitoring\module01-spring-stability\build\classes\java\main started by user in C:\Lecture\10_Logging-Monitoring\module01-spring-stability)
2026-04-29 11:40:01.266 [restartedMain] DEBUG [] [] [] [] c.o.s.Chap01SpringStabilityApplication - Running with Spring Boot v3.4.13, Spring v6.2.15
2026-04-29 11:40:01.266 [restartedMain] INFO  [] [] [] [] c.o.s.Chap01SpringStabilityApplication - The following 1 profile is active: "dev"
2026-04-29 11:40:01.752 [restartedMain] INFO  [] [] [] [] o.s.d.r.c.RepositoryConfigurationDelegate - Bootstrapping Spring Data JPA repositories in DEFAULT mode.
2026-04-29 11:40:01.851 [restartedMain] INFO  [] [] [] [] o.s.d.r.c.RepositoryConfigurationDelegate - Finished Spring Data repository scanning in 96 ms. Found 4 JPA repository interfaces.
2026-04-29 11:40:02.275 [restartedMain] INFO  [] [] [] [] o.s.b.w.e.tomcat.TomcatWebServer - Tomcat initialized with port 8080 (http)
2026-04-29 11:40:02.276 [restartedMain] INFO  [] [] [] [] o.a.coyote.http11.Http11NioProtocol - Initializing ProtocolHandler ["http-nio-8080"]
2026-04-29 11:40:02.276 [restartedMain] INFO  [] [] [] [] o.a.catalina.core.StandardService - Starting service [Tomcat]
2026-04-29 11:40:02.277 [restartedMain] INFO  [] [] [] [] o.a.catalina.core.StandardEngine - Starting Servlet engine: [Apache Tomcat/10.1.50]
2026-04-29 11:40:02.298 [restartedMain] INFO  [] [] [] [] o.a.c.c.C.[Tomcat].[localhost].[/] - Initializing Spring embedded WebApplicationContext
2026-04-29 11:40:02.298 [restartedMain] INFO  [] [] [] [] o.s.b.w.s.c.ServletWebServerApplicationContext - Root WebApplicationContext: initialization completed in 1029 ms
2026-04-29 11:40:02.335 [restartedMain] DEBUG [] [] [] [] c.o.s.s.l.config.LoggingConfig$1 - Filter 'mdcLoggingFilter' configured for use
2026-04-29 11:40:02.476 [restartedMain] INFO  [] [] [] [] o.h.jpa.internal.util.LogHelper - HHH000204: Processing PersistenceUnitInfo [name: default]
2026-04-29 11:40:02.483 [restartedMain] INFO  [] [] [] [] o.h.c.i.RegionFactoryInitiator - HHH000026: Second-level cache disabled
2026-04-29 11:40:02.501 [restartedMain] INFO  [] [] [] [] o.s.o.j.p.SpringPersistenceUnitInfo - No LoadTimeWeaver setup: ignoring JPA class transformer
2026-04-29 11:40:02.503 [restartedMain] INFO  [] [] [] [] com.zaxxer.hikari.HikariDataSource - HikariPool-5 - Starting...
2026-04-29 11:40:02.507 [restartedMain] INFO  [] [] [] [] com.zaxxer.hikari.pool.HikariPool - HikariPool-5 - Added connection conn40: url=jdbc:h2:mem:library user=OHGIRAFFERS
2026-04-29 11:40:02.507 [restartedMain] INFO  [] [] [] [] com.zaxxer.hikari.HikariDataSource - HikariPool-5 - Start completed.
2026-04-29 11:40:02.509 [restartedMain] INFO  [] [] [] [] o.hibernate.orm.connections.pooling - HHH10001005: Database info:
	Database JDBC URL [Connecting through datasource 'HikariDataSource (HikariPool-5)']
	Database driver: undefined/unknown
	Database version: 2.3.232
	Autocommit mode: undefined/unknown
	Isolation level: undefined/unknown
	Minimum pool size: undefined/unknown
	Maximum pool size: undefined/unknown
2026-04-29 11:40:02.744 [restartedMain] INFO  [] [] [] [] o.h.e.t.j.p.i.JtaPlatformInitiator - HHH000489: No JTA platform available (set 'hibernate.transaction.jta.platform' to enable JTA platform integration)
2026-04-29 11:40:02.745 [restartedMain] DEBUG [] [] [] [] org.hibernate.SQL - 
    drop table if exists tbl_book cascade 
2026-04-29 11:40:02.746 [restartedMain] DEBUG [] [] [] [] org.hibernate.SQL - 
    drop table if exists tbl_loan cascade 
2026-04-29 11:40:02.746 [restartedMain] DEBUG [] [] [] [] org.hibernate.SQL - 
    drop table if exists tbl_member cascade 
2026-04-29 11:40:02.746 [restartedMain] DEBUG [] [] [] [] org.hibernate.SQL - 
    drop table if exists tbl_review cascade 
2026-04-29 11:40:02.747 [restartedMain] DEBUG [] [] [] [] org.hibernate.SQL - 
    create table tbl_book (
        available boolean not null,
        publish_date date not null,
        stock_quantity integer not null,
        book_id bigint generated by default as identity,
        isbn varchar(13) not null unique,
        author varchar(100) not null,
        publisher varchar(100) not null,
        title varchar(200) not null,
        primary key (book_id)
    )
2026-04-29 11:40:02.749 [restartedMain] DEBUG [] [] [] [] org.hibernate.SQL - 
    create table tbl_loan (
        fine_amount integer,
        overdue_days integer,
        book_id bigint not null,
        due_date timestamp(6) not null,
        loan_date timestamp(6) not null,
        loan_id bigint generated by default as identity,
        member_id bigint not null,
        return_date timestamp(6),
        status enum ('ACTIVE','OVERDUE','RETURNED') not null,
        primary key (loan_id)
    )
2026-04-29 11:40:02.750 [restartedMain] DEBUG [] [] [] [] org.hibernate.SQL - 
    create table tbl_member (
        active boolean not null,
        join_date timestamp(6) not null,
        member_id bigint generated by default as identity,
        phone varchar(20),
        member_name varchar(50) not null,
        email varchar(100) not null unique,
        primary key (member_id)
    )
2026-04-29 11:40:02.751 [restartedMain] DEBUG [] [] [] [] org.hibernate.SQL - 
    create table tbl_review (
        helpful_count integer not null check (helpful_count>=0),
        rating float(53) not null,
        verified_purchase boolean not null,
        book_id bigint not null,
        created_at timestamp(6) not null,
        member_id bigint not null,
        review_id bigint generated by default as identity,
        updated_at timestamp(6),
        title varchar(100) not null,
        content varchar(2000) not null,
        status enum ('ACTIVE','DELETED','HIDDEN') not null,
        primary key (review_id),
        unique (member_id, book_id)
    )
2026-04-29 11:40:02.752 [restartedMain] DEBUG [] [] [] [] org.hibernate.SQL - 
    alter table if exists tbl_loan 
       add constraint FK963g40utp85k5mww691e4ma6g 
       foreign key (book_id) 
       references tbl_book
2026-04-29 11:40:02.754 [restartedMain] DEBUG [] [] [] [] org.hibernate.SQL - 
    alter table if exists tbl_loan 
       add constraint FKqtnm703pqo6mnin10corsjsc 
       foreign key (member_id) 
       references tbl_member
2026-04-29 11:40:02.755 [restartedMain] DEBUG [] [] [] [] org.hibernate.SQL - 
    alter table if exists tbl_review 
       add constraint FK6ykodvsh8wis5tfouaxwi9qbc 
       foreign key (book_id) 
       references tbl_book
2026-04-29 11:40:02.757 [restartedMain] DEBUG [] [] [] [] org.hibernate.SQL - 
    alter table if exists tbl_review 
       add constraint FKcgs2lvcrlf9x3jtif9sskpx0 
       foreign key (member_id) 
       references tbl_member
2026-04-29 11:40:02.760 [restartedMain] INFO  [] [] [] [] o.s.o.j.LocalContainerEntityManagerFactoryBean - Initialized JPA EntityManagerFactory for persistence unit 'default'
2026-04-29 11:40:03.490 [restartedMain] WARN  [] [] [] [] o.s.b.a.o.j.JpaBaseConfiguration$JpaWebConfiguration - spring.jpa.open-in-view is enabled by default. Therefore, database queries may be performed during view rendering. Explicitly configure spring.jpa.open-in-view to disable this warning
2026-04-29 11:40:03.634 [restartedMain] DEBUG [] [] [] [] o.s.w.s.m.m.a.RequestMappingHandlerMapping - 29 mappings in 'requestMappingHandlerMapping'
2026-04-29 11:40:03.850 [restartedMain] DEBUG [] [] [] [] o.s.w.s.h.SimpleUrlHandlerMapping - Patterns [/webjars/**, /**] in 'resourceHandlerMapping'
2026-04-29 11:40:03.882 [restartedMain] DEBUG [] [] [] [] o.s.w.s.m.m.a.RequestMappingHandlerAdapter - ControllerAdvice beans: 0 @ModelAttribute, 0 @InitBinder, 1 RequestBodyAdvice, 1 ResponseBodyAdvice
2026-04-29 11:40:03.926 [restartedMain] DEBUG [] [] [] [] o.s.w.s.m.m.a.ExceptionHandlerExceptionResolver - ControllerAdvice beans: 2 @ExceptionHandler, 1 ResponseBodyAdvice
2026-04-29 11:40:04.063 [restartedMain] INFO  [] [] [] [] o.s.b.a.h.H2ConsoleAutoConfiguration - H2 console available at '/h2-console'. Database available at 'jdbc:h2:mem:library'
2026-04-29 11:40:04.225 [restartedMain] INFO  [] [] [] [] o.s.b.d.a.OptionalLiveReloadServer - LiveReload server is running on port 35729
2026-04-29 11:40:04.251 [restartedMain] INFO  [] [] [] [] o.a.coyote.http11.Http11NioProtocol - Starting ProtocolHandler ["http-nio-8080"]
2026-04-29 11:40:04.259 [restartedMain] INFO  [] [] [] [] o.s.b.w.e.tomcat.TomcatWebServer - Tomcat started on port 8080 (http) with context path '/'
2026-04-29 11:40:04.269 [restartedMain] INFO  [] [] [] [] c.o.s.Chap01SpringStabilityApplication - Started Chap01SpringStabilityApplication in 3.128 seconds (process running for 2170.251)
2026-04-29 11:40:04.271 [restartedMain] INFO  [] [] [] [] o.s.b.d.a.ConditionEvaluationDeltaLoggingListener - Condition evaluation unchanged
2026-04-29 11:59:23.185 [http-nio-8080-exec-1] INFO  [] [] [] [] o.a.c.c.C.[Tomcat].[localhost].[/] - Initializing Spring DispatcherServlet 'dispatcherServlet'
2026-04-29 11:59:23.185 [http-nio-8080-exec-1] INFO  [] [] [] [] o.s.web.servlet.DispatcherServlet - Initializing Servlet 'dispatcherServlet'
2026-04-29 11:59:23.185 [http-nio-8080-exec-1] DEBUG [] [] [] [] o.s.web.servlet.DispatcherServlet - Detected StandardServletMultipartResolver
2026-04-29 11:59:23.185 [http-nio-8080-exec-1] DEBUG [] [] [] [] o.s.web.servlet.DispatcherServlet - Detected AcceptHeaderLocaleResolver
2026-04-29 11:59:23.185 [http-nio-8080-exec-1] DEBUG [] [] [] [] o.s.web.servlet.DispatcherServlet - Detected FixedThemeResolver
2026-04-29 11:59:23.187 [http-nio-8080-exec-1] DEBUG [] [] [] [] o.s.web.servlet.DispatcherServlet - Detected org.springframework.web.servlet.view.DefaultRequestToViewNameTranslator@62b53b2b
2026-04-29 11:59:23.188 [http-nio-8080-exec-1] DEBUG [] [] [] [] o.s.web.servlet.DispatcherServlet - Detected org.springframework.web.servlet.support.SessionFlashMapManager@5fe280f3
2026-04-29 11:59:23.188 [http-nio-8080-exec-1] DEBUG [] [] [] [] o.s.web.servlet.DispatcherServlet - enableLoggingRequestDetails='false': request parameters and headers will be masked to prevent unsafe logging of potentially sensitive data
2026-04-29 11:59:23.188 [http-nio-8080-exec-1] INFO  [] [] [] [] o.s.web.servlet.DispatcherServlet - Completed initialization in 3 ms
2026-04-29 11:59:23.190 [http-nio-8080-exec-1] DEBUG [cb103296] [POST] [/api/v1/books] [127.0.0.1] o.s.web.servlet.DispatcherServlet - POST "/api/v1/books", parameters={}
2026-04-29 11:59:23.191 [http-nio-8080-exec-1] DEBUG [cb103296] [POST] [/api/v1/books] [127.0.0.1] o.s.w.s.m.m.a.RequestMappingHandlerMapping - Mapped to com.ohgiraffers.stability.section01.exception.controller.BookController#registerBook(BookDTO)
2026-04-29 11:59:23.309 [http-nio-8080-exec-1] DEBUG [cb103296] [POST] [/api/v1/books] [127.0.0.1] o.s.w.s.m.m.a.RequestResponseBodyMethodProcessor - Read "application/json;charset=UTF-8" to [BookDTO{bookId=null, isbn='9781234567890', title='Spring Boot 완벽 가이드', author='김개발', publisher='테크출판 (truncated)...]
2026-04-29 11:59:23.316 [http-nio-8080-exec-1] INFO  [cb103296] [POST] [/api/v1/books] [127.0.0.1] c.o.s.s.e.controller.BookController - [s1][BookController] 도서 등록 요청 - ISBN: 9781234567890, 제목: Spring Boot 완벽 가이드
2026-04-29 11:59:23.327 [http-nio-8080-exec-1] DEBUG [cb103296] [POST] [/api/v1/books] [127.0.0.1] c.o.s.s.e.service.BookService - 도서 등록 시작 - ISBN: 9781234567890, 제목: Spring Boot 완벽 가이드
2026-04-29 11:59:23.424 [http-nio-8080-exec-1] DEBUG [cb103296] [POST] [/api/v1/books] [127.0.0.1] org.hibernate.SQL - 
    select
        b1_0.book_id 
    from
        tbl_book b1_0 
    where
        b1_0.isbn=? 
    fetch
        first ? rows only
2026-04-29 11:59:23.501 [http-nio-8080-exec-1] DEBUG [cb103296] [POST] [/api/v1/books] [127.0.0.1] org.hibernate.SQL - 
    insert 
    into
        tbl_book
        (author, available, isbn, publish_date, publisher, stock_quantity, title, book_id) 
    values
        (?, ?, ?, ?, ?, ?, ?, default)
2026-04-29 11:59:23.519 [http-nio-8080-exec-1] INFO  [cb103296] [POST] [/api/v1/books] [127.0.0.1] c.o.s.s.e.service.BookService - [s1][BookService] 도서 등록 완료 - ID: 1, 제목: Spring Boot 완벽 가이드
2026-04-29 11:59:23.528 [http-nio-8080-exec-1] INFO  [cb103296] [POST] [/api/v1/books] [127.0.0.1] c.o.s.s.e.controller.BookController - [s1][BookController] 도서 등록 완료 - ID: 1, 제목: Spring Boot 완벽 가이드
2026-04-29 11:59:23.533 [http-nio-8080-exec-1] DEBUG [cb103296] [POST] [/api/v1/books] [127.0.0.1] o.s.w.s.m.m.a.HttpEntityMethodProcessor - Using 'application/json', given [*/*] and supported [application/json, application/*+json]
2026-04-29 11:59:23.533 [http-nio-8080-exec-1] DEBUG [cb103296] [POST] [/api/v1/books] [127.0.0.1] o.s.w.s.m.m.a.HttpEntityMethodProcessor - Writing [BookDTO{bookId=1, isbn='9781234567890', title='Spring Boot 완벽 가이드', author='김개발', publisher='테크출판사', (truncated)...]
2026-04-29 11:59:23.539 [http-nio-8080-exec-1] DEBUG [cb103296] [POST] [/api/v1/books] [127.0.0.1] o.s.web.servlet.DispatcherServlet - Completed 201 CREATED
2026-04-29 12:02:50.465 [http-nio-8080-exec-7] DEBUG [8b10926a] [POST] [/api/v1/books] [127.0.0.1] o.s.web.servlet.DispatcherServlet - POST "/api/v1/books", parameters={}
2026-04-29 12:02:50.466 [http-nio-8080-exec-7] DEBUG [8b10926a] [POST] [/api/v1/books] [127.0.0.1] o.s.w.s.m.m.a.RequestMappingHandlerMapping - Mapped to com.ohgiraffers.stability.section01.exception.controller.BookController#registerBook(BookDTO)
2026-04-29 12:02:50.467 [http-nio-8080-exec-7] DEBUG [8b10926a] [POST] [/api/v1/books] [127.0.0.1] o.s.w.s.m.m.a.RequestResponseBodyMethodProcessor - Read "application/json;charset=UTF-8" to [BookDTO{bookId=null, isbn='9788966262281', title='스프링 부트와 AWS로 혼자 구현하는 웹 서비스', author='이동욱', publish (truncated)...]
2026-04-29 12:02:50.467 [http-nio-8080-exec-7] INFO  [8b10926a] [POST] [/api/v1/books] [127.0.0.1] c.o.s.s.e.controller.BookController - [s1][BookController] 도서 등록 요청 - ISBN: 9788966262281, 제목: 스프링 부트와 AWS로 혼자 구현하는 웹 서비스
2026-04-29 12:02:50.468 [http-nio-8080-exec-7] DEBUG [8b10926a] [POST] [/api/v1/books] [127.0.0.1] c.o.s.s.e.service.BookService - 도서 등록 시작 - ISBN: 9788966262281, 제목: 스프링 부트와 AWS로 혼자 구현하는 웹 서비스
2026-04-29 12:02:50.471 [http-nio-8080-exec-7] DEBUG [8b10926a] [POST] [/api/v1/books] [127.0.0.1] org.hibernate.SQL - 
    select
        b1_0.book_id 
    from
        tbl_book b1_0 
    where
        b1_0.isbn=? 
    fetch
        first ? rows only
2026-04-29 12:02:50.474 [http-nio-8080-exec-7] DEBUG [8b10926a] [POST] [/api/v1/books] [127.0.0.1] org.hibernate.SQL - 
    insert 
    into
        tbl_book
        (author, available, isbn, publish_date, publisher, stock_quantity, title, book_id) 
    values
        (?, ?, ?, ?, ?, ?, ?, default)
2026-04-29 12:02:50.475 [http-nio-8080-exec-7] INFO  [8b10926a] [POST] [/api/v1/books] [127.0.0.1] c.o.s.s.e.service.BookService - [s1][BookService] 도서 등록 완료 - ID: 2, 제목: 스프링 부트와 AWS로 혼자 구현하는 웹 서비스
2026-04-29 12:02:50.476 [http-nio-8080-exec-7] INFO  [8b10926a] [POST] [/api/v1/books] [127.0.0.1] c.o.s.s.e.controller.BookController - [s1][BookController] 도서 등록 완료 - ID: 2, 제목: 스프링 부트와 AWS로 혼자 구현하는 웹 서비스
2026-04-29 12:02:50.477 [http-nio-8080-exec-7] DEBUG [8b10926a] [POST] [/api/v1/books] [127.0.0.1] o.s.w.s.m.m.a.HttpEntityMethodProcessor - Using 'application/json', given [*/*] and supported [application/json, application/*+json]
2026-04-29 12:02:50.477 [http-nio-8080-exec-7] DEBUG [8b10926a] [POST] [/api/v1/books] [127.0.0.1] o.s.w.s.m.m.a.HttpEntityMethodProcessor - Writing [BookDTO{bookId=2, isbn='9788966262281', title='스프링 부트와 AWS로 혼자 구현하는 웹 서비스', author='이동욱', publisher= (truncated)...]
2026-04-29 12:02:50.478 [http-nio-8080-exec-7] DEBUG [8b10926a] [POST] [/api/v1/books] [127.0.0.1] o.s.web.servlet.DispatcherServlet - Completed 201 CREATED
2026-04-29 12:03:05.840 [http-nio-8080-exec-4] DEBUG [979fbf17] [GET] [/api/v1/books/999] [127.0.0.1] o.s.web.servlet.DispatcherServlet - GET "/api/v1/books/999", parameters={}
2026-04-29 12:03:05.841 [http-nio-8080-exec-4] DEBUG [979fbf17] [GET] [/api/v1/books/999] [127.0.0.1] o.s.w.s.m.m.a.RequestMappingHandlerMapping - Mapped to com.ohgiraffers.stability.section01.exception.controller.BookController#getBookById(Long)
2026-04-29 12:03:05.844 [http-nio-8080-exec-4] INFO  [979fbf17] [GET] [/api/v1/books/999] [127.0.0.1] c.o.s.s.e.controller.BookController - [s1][BookController] 도서 조회 요청 - ID: 999
2026-04-29 12:03:05.844 [http-nio-8080-exec-4] DEBUG [979fbf17] [GET] [/api/v1/books/999] [127.0.0.1] c.o.s.s.e.service.BookService - 도서 조회 시작 - ID: 999
2026-04-29 12:03:05.857 [http-nio-8080-exec-4] DEBUG [979fbf17] [GET] [/api/v1/books/999] [127.0.0.1] org.hibernate.SQL - 
    select
        b1_0.book_id,
        b1_0.author,
        b1_0.available,
        b1_0.isbn,
        b1_0.publish_date,
        b1_0.publisher,
        b1_0.stock_quantity,
        b1_0.title 
    from
        tbl_book b1_0 
    where
        b1_0.book_id=?
2026-04-29 12:03:05.878 [http-nio-8080-exec-4] ERROR [979fbf17] [GET] [/api/v1/books/999] [127.0.0.1] c.o.s.s.e.service.BookService - 도서 조회 실패 - ID: 999: 해당 ID의 도서를 찾을 수 없습니다: 999
2026-04-29 12:03:05.884 [http-nio-8080-exec-4] DEBUG [979fbf17] [GET] [/api/v1/books/999] [127.0.0.1] o.s.w.s.m.m.a.ExceptionHandlerExceptionResolver - Using @ExceptionHandler com.ohgiraffers.stability.section01.exception.handler.GlobalExceptionHandler#handleBookNotFoundException(BookNotFoundException, HttpServletRequest)
2026-04-29 12:03:05.885 [http-nio-8080-exec-4] WARN  [979fbf17] [GET] [/api/v1/books/999] [127.0.0.1] c.o.s.s.e.h.GlobalExceptionHandler - [s1][GlobalExceptionHandler] 도서 조회 실패: 해당 ID의 도서를 찾을 수 없습니다: 999
2026-04-29 12:03:05.892 [http-nio-8080-exec-4] DEBUG [979fbf17] [GET] [/api/v1/books/999] [127.0.0.1] o.s.w.s.m.m.a.HttpEntityMethodProcessor - Using 'application/json', given [*/*] and supported [application/json, application/*+json]
2026-04-29 12:03:05.896 [http-nio-8080-exec-4] DEBUG [979fbf17] [GET] [/api/v1/books/999] [127.0.0.1] o.s.w.s.m.m.a.HttpEntityMethodProcessor - Writing [ErrorResponse{errorCode='BOOK_NOT_FOUND_BY_ID', message='해당 ID의 도서를 찾을 수 없습니다: 999', timestamp=2026- (truncated)...]
2026-04-29 12:03:05.909 [http-nio-8080-exec-4] WARN  [979fbf17] [GET] [/api/v1/books/999] [127.0.0.1] o.s.w.s.m.m.a.ExceptionHandlerExceptionResolver - Resolved [com.ohgiraffers.stability.section01.exception.exception.BookNotFoundException: 해당 ID의 도서를 찾을 수 없습니다: 999]
2026-04-29 12:03:05.910 [http-nio-8080-exec-4] DEBUG [979fbf17] [GET] [/api/v1/books/999] [127.0.0.1] o.s.web.servlet.DispatcherServlet - Completed 404 NOT_FOUND
2026-04-29 12:07:40.902 [http-nio-8080-exec-3] DEBUG [4eaca13d] [POST] [/api/v1/books] [127.0.0.1] o.s.web.servlet.DispatcherServlet - POST "/api/v1/books", parameters={}
2026-04-29 12:07:40.903 [http-nio-8080-exec-3] DEBUG [4eaca13d] [POST] [/api/v1/books] [127.0.0.1] o.s.w.s.m.m.a.RequestMappingHandlerMapping - Mapped to com.ohgiraffers.stability.section01.exception.controller.BookController#registerBook(BookDTO)
2026-04-29 12:07:40.905 [http-nio-8080-exec-3] DEBUG [4eaca13d] [POST] [/api/v1/books] [127.0.0.1] o.s.w.s.m.m.a.RequestResponseBodyMethodProcessor - Read "application/json;charset=UTF-8" to [BookDTO{bookId=null, isbn='9788966262281', title='스프링 부트와 AWS로 혼자 구현하는 웹 서비스', author='이동욱', publish (truncated)...]
2026-04-29 12:07:40.905 [http-nio-8080-exec-3] INFO  [4eaca13d] [POST] [/api/v1/books] [127.0.0.1] c.o.s.s.e.controller.BookController - [s1][BookController] 도서 등록 요청 - ISBN: 9788966262281, 제목: 스프링 부트와 AWS로 혼자 구현하는 웹 서비스
2026-04-29 12:07:40.906 [http-nio-8080-exec-3] DEBUG [4eaca13d] [POST] [/api/v1/books] [127.0.0.1] c.o.s.s.e.service.BookService - 도서 등록 시작 - ISBN: 9788966262281, 제목: 스프링 부트와 AWS로 혼자 구현하는 웹 서비스
2026-04-29 12:07:40.909 [http-nio-8080-exec-3] DEBUG [4eaca13d] [POST] [/api/v1/books] [127.0.0.1] org.hibernate.SQL - 
    select
        b1_0.book_id 
    from
        tbl_book b1_0 
    where
        b1_0.isbn=? 
    fetch
        first ? rows only
2026-04-29 12:07:40.914 [http-nio-8080-exec-3] DEBUG [4eaca13d] [POST] [/api/v1/books] [127.0.0.1] o.s.w.s.m.m.a.ExceptionHandlerExceptionResolver - Using @ExceptionHandler com.ohgiraffers.stability.section01.exception.handler.GlobalExceptionHandler#handleDuplicateIsbnException(DuplicateIsbnException, HttpServletRequest)
2026-04-29 12:07:40.915 [http-nio-8080-exec-3] WARN  [4eaca13d] [POST] [/api/v1/books] [127.0.0.1] c.o.s.s.e.h.GlobalExceptionHandler - [s1][GlobalExceptionHandler] 중복 ISBN 등록 시도: 이미 존재하는 ISBN입니다: 9788966262281
2026-04-29 12:07:40.915 [http-nio-8080-exec-3] DEBUG [4eaca13d] [POST] [/api/v1/books] [127.0.0.1] o.s.w.s.m.m.a.HttpEntityMethodProcessor - Using 'application/json', given [*/*] and supported [application/json, application/*+json]
2026-04-29 12:07:40.915 [http-nio-8080-exec-3] DEBUG [4eaca13d] [POST] [/api/v1/books] [127.0.0.1] o.s.w.s.m.m.a.HttpEntityMethodProcessor - Writing [ErrorResponse{errorCode='DUPLICATE_ISBN', message='이미 존재하는 ISBN입니다: 9788966262281', timestamp=2026-0 (truncated)...]
2026-04-29 12:07:40.918 [http-nio-8080-exec-3] WARN  [4eaca13d] [POST] [/api/v1/books] [127.0.0.1] o.s.w.s.m.m.a.ExceptionHandlerExceptionResolver - Resolved [com.ohgiraffers.stability.section01.exception.exception.DuplicateIsbnException: 이미 존재하는 ISBN입니다: 9788966262281]
2026-04-29 12:07:40.918 [http-nio-8080-exec-3] DEBUG [4eaca13d] [POST] [/api/v1/books] [127.0.0.1] o.s.web.servlet.DispatcherServlet - Completed 409 CONFLICT
2026-04-29 12:07:41.043 [http-nio-8080-exec-8] DEBUG [3ff3e4b1] [POST] [/api/v1/books] [127.0.0.1] o.s.web.servlet.DispatcherServlet - POST "/api/v1/books", parameters={}
2026-04-29 12:07:41.043 [http-nio-8080-exec-8] DEBUG [3ff3e4b1] [POST] [/api/v1/books] [127.0.0.1] o.s.w.s.m.m.a.RequestMappingHandlerMapping - Mapped to com.ohgiraffers.stability.section01.exception.controller.BookController#registerBook(BookDTO)
2026-04-29 12:07:41.046 [http-nio-8080-exec-8] DEBUG [3ff3e4b1] [POST] [/api/v1/books] [127.0.0.1] o.s.w.s.m.m.a.RequestResponseBodyMethodProcessor - Read "application/json;charset=UTF-8" to [BookDTO{bookId=null, isbn='9791162243685', title='Clean Code 클린 코드', author='로버트 C. 마틴', publisher=' (truncated)...]
2026-04-29 12:07:41.046 [http-nio-8080-exec-8] INFO  [3ff3e4b1] [POST] [/api/v1/books] [127.0.0.1] c.o.s.s.e.controller.BookController - [s1][BookController] 도서 등록 요청 - ISBN: 9791162243685, 제목: Clean Code 클린 코드
2026-04-29 12:07:41.046 [http-nio-8080-exec-8] DEBUG [3ff3e4b1] [POST] [/api/v1/books] [127.0.0.1] c.o.s.s.e.service.BookService - 도서 등록 시작 - ISBN: 9791162243685, 제목: Clean Code 클린 코드
2026-04-29 12:07:41.048 [http-nio-8080-exec-8] DEBUG [3ff3e4b1] [POST] [/api/v1/books] [127.0.0.1] org.hibernate.SQL - 
    select
        b1_0.book_id 
    from
        tbl_book b1_0 
    where
        b1_0.isbn=? 
    fetch
        first ? rows only
2026-04-29 12:07:41.051 [http-nio-8080-exec-8] DEBUG [3ff3e4b1] [POST] [/api/v1/books] [127.0.0.1] org.hibernate.SQL - 
    insert 
    into
        tbl_book
        (author, available, isbn, publish_date, publisher, stock_quantity, title, book_id) 
    values
        (?, ?, ?, ?, ?, ?, ?, default)
2026-04-29 12:07:41.053 [http-nio-8080-exec-8] INFO  [3ff3e4b1] [POST] [/api/v1/books] [127.0.0.1] c.o.s.s.e.service.BookService - [s1][BookService] 도서 등록 완료 - ID: 3, 제목: Clean Code 클린 코드
2026-04-29 12:07:41.054 [http-nio-8080-exec-8] INFO  [3ff3e4b1] [POST] [/api/v1/books] [127.0.0.1] c.o.s.s.e.controller.BookController - [s1][BookController] 도서 등록 완료 - ID: 3, 제목: Clean Code 클린 코드
2026-04-29 12:07:41.054 [http-nio-8080-exec-8] DEBUG [3ff3e4b1] [POST] [/api/v1/books] [127.0.0.1] o.s.w.s.m.m.a.HttpEntityMethodProcessor - Using 'application/json', given [*/*] and supported [application/json, application/*+json]
2026-04-29 12:07:41.054 [http-nio-8080-exec-8] DEBUG [3ff3e4b1] [POST] [/api/v1/books] [127.0.0.1] o.s.w.s.m.m.a.HttpEntityMethodProcessor - Writing [BookDTO{bookId=3, isbn='9791162243685', title='Clean Code 클린 코드', author='로버트 C. 마틴', publisher='인사이 (truncated)...]
2026-04-29 12:07:41.055 [http-nio-8080-exec-8] DEBUG [3ff3e4b1] [POST] [/api/v1/books] [127.0.0.1] o.s.web.servlet.DispatcherServlet - Completed 201 CREATED
2026-04-29 12:07:41.164 [http-nio-8080-exec-9] DEBUG [736cc975] [POST] [/api/v1/books] [127.0.0.1] o.s.web.servlet.DispatcherServlet - POST "/api/v1/books", parameters={}
2026-04-29 12:07:41.164 [http-nio-8080-exec-9] DEBUG [736cc975] [POST] [/api/v1/books] [127.0.0.1] o.s.w.s.m.m.a.RequestMappingHandlerMapping - Mapped to com.ohgiraffers.stability.section01.exception.controller.BookController#registerBook(BookDTO)
2026-04-29 12:07:41.165 [http-nio-8080-exec-9] DEBUG [736cc975] [POST] [/api/v1/books] [127.0.0.1] o.s.w.s.m.m.a.RequestResponseBodyMethodProcessor - Read "application/json;charset=UTF-8" to [BookDTO{bookId=null, isbn='9788960773417', title='Effective Java 3/E', author='조슈아 블로크', publisher=' (truncated)...]
2026-04-29 12:07:41.165 [http-nio-8080-exec-9] INFO  [736cc975] [POST] [/api/v1/books] [127.0.0.1] c.o.s.s.e.controller.BookController - [s1][BookController] 도서 등록 요청 - ISBN: 9788960773417, 제목: Effective Java 3/E
2026-04-29 12:07:41.165 [http-nio-8080-exec-9] DEBUG [736cc975] [POST] [/api/v1/books] [127.0.0.1] c.o.s.s.e.service.BookService - 도서 등록 시작 - ISBN: 9788960773417, 제목: Effective Java 3/E
2026-04-29 12:07:41.167 [http-nio-8080-exec-9] DEBUG [736cc975] [POST] [/api/v1/books] [127.0.0.1] org.hibernate.SQL - 
    select
        b1_0.book_id 
    from
        tbl_book b1_0 
    where
        b1_0.isbn=? 
    fetch
        first ? rows only
2026-04-29 12:07:41.168 [http-nio-8080-exec-9] DEBUG [736cc975] [POST] [/api/v1/books] [127.0.0.1] org.hibernate.SQL - 
    insert 
    into
        tbl_book
        (author, available, isbn, publish_date, publisher, stock_quantity, title, book_id) 
    values
        (?, ?, ?, ?, ?, ?, ?, default)
2026-04-29 12:07:41.169 [http-nio-8080-exec-9] INFO  [736cc975] [POST] [/api/v1/books] [127.0.0.1] c.o.s.s.e.service.BookService - [s1][BookService] 도서 등록 완료 - ID: 4, 제목: Effective Java 3/E
2026-04-29 12:07:41.170 [http-nio-8080-exec-9] INFO  [736cc975] [POST] [/api/v1/books] [127.0.0.1] c.o.s.s.e.controller.BookController - [s1][BookController] 도서 등록 완료 - ID: 4, 제목: Effective Java 3/E
2026-04-29 12:07:41.170 [http-nio-8080-exec-9] DEBUG [736cc975] [POST] [/api/v1/books] [127.0.0.1] o.s.w.s.m.m.a.HttpEntityMethodProcessor - Using 'application/json', given [*/*] and supported [application/json, application/*+json]
2026-04-29 12:07:41.171 [http-nio-8080-exec-9] DEBUG [736cc975] [POST] [/api/v1/books] [127.0.0.1] o.s.w.s.m.m.a.HttpEntityMethodProcessor - Writing [BookDTO{bookId=4, isbn='9788960773417', title='Effective Java 3/E', author='조슈아 블로크', publisher='인사이 (truncated)...]
2026-04-29 12:07:41.172 [http-nio-8080-exec-9] DEBUG [736cc975] [POST] [/api/v1/books] [127.0.0.1] o.s.web.servlet.DispatcherServlet - Completed 201 CREATED
2026-04-29 12:07:41.216 [http-nio-8080-exec-10] DEBUG [8ecf1c0e] [GET] [/api/v1/books] [127.0.0.1] o.s.web.servlet.DispatcherServlet - GET "/api/v1/books", parameters={}
2026-04-29 12:07:41.217 [http-nio-8080-exec-10] DEBUG [8ecf1c0e] [GET] [/api/v1/books] [127.0.0.1] o.s.w.s.m.m.a.RequestMappingHandlerMapping - Mapped to com.ohgiraffers.stability.section01.exception.controller.BookController#getAllBooks()
2026-04-29 12:07:41.218 [http-nio-8080-exec-10] INFO  [8ecf1c0e] [GET] [/api/v1/books] [127.0.0.1] c.o.s.s.e.controller.BookController - [s1][BookController] 전체 도서 목록 조회 요청
2026-04-29 12:07:41.218 [http-nio-8080-exec-10] DEBUG [8ecf1c0e] [GET] [/api/v1/books] [127.0.0.1] c.o.s.s.e.service.BookService - 전체 도서 목록 조회 시작
2026-04-29 12:07:41.232 [http-nio-8080-exec-10] DEBUG [8ecf1c0e] [GET] [/api/v1/books] [127.0.0.1] org.hibernate.SQL - 
    select
        b1_0.book_id,
        b1_0.author,
        b1_0.available,
        b1_0.isbn,
        b1_0.publish_date,
        b1_0.publisher,
        b1_0.stock_quantity,
        b1_0.title 
    from
        tbl_book b1_0
2026-04-29 12:07:41.236 [http-nio-8080-exec-10] DEBUG [8ecf1c0e] [GET] [/api/v1/books] [127.0.0.1] c.o.s.s.e.service.BookService - 전체 도서 목록 조회 완료 - 총 4권
2026-04-29 12:07:41.237 [http-nio-8080-exec-10] DEBUG [8ecf1c0e] [GET] [/api/v1/books] [127.0.0.1] c.o.s.s.e.service.BookService - 전체 도서 목록 조회 종료
2026-04-29 12:07:41.237 [http-nio-8080-exec-10] INFO  [8ecf1c0e] [GET] [/api/v1/books] [127.0.0.1] c.o.s.s.e.controller.BookController - [s1][BookController] 전체 도서 목록 조회 완료 - 총 4권
2026-04-29 12:07:41.241 [http-nio-8080-exec-10] DEBUG [8ecf1c0e] [GET] [/api/v1/books] [127.0.0.1] o.s.w.s.m.m.a.HttpEntityMethodProcessor - Using 'application/json', given [*/*] and supported [application/json, application/*+json]
2026-04-29 12:07:41.241 [http-nio-8080-exec-10] DEBUG [8ecf1c0e] [GET] [/api/v1/books] [127.0.0.1] o.s.w.s.m.m.a.HttpEntityMethodProcessor - Writing [[BookDTO{bookId=1, isbn='9781234567890', title='Spring Boot 완벽 가이드', author='김개발', publisher='테크출판사' (truncated)...]
2026-04-29 12:07:41.244 [http-nio-8080-exec-10] DEBUG [8ecf1c0e] [GET] [/api/v1/books] [127.0.0.1] o.s.web.servlet.DispatcherServlet - Completed 200 OK
2026-04-29 12:07:41.306 [http-nio-8080-exec-1] DEBUG [a266f697] [GET] [/api/v1/books/1] [127.0.0.1] o.s.web.servlet.DispatcherServlet - GET "/api/v1/books/1", parameters={}
2026-04-29 12:07:41.307 [http-nio-8080-exec-1] DEBUG [a266f697] [GET] [/api/v1/books/1] [127.0.0.1] o.s.w.s.m.m.a.RequestMappingHandlerMapping - Mapped to com.ohgiraffers.stability.section01.exception.controller.BookController#getBookById(Long)
2026-04-29 12:07:41.308 [http-nio-8080-exec-1] INFO  [a266f697] [GET] [/api/v1/books/1] [127.0.0.1] c.o.s.s.e.controller.BookController - [s1][BookController] 도서 조회 요청 - ID: 1
2026-04-29 12:07:41.309 [http-nio-8080-exec-1] DEBUG [a266f697] [GET] [/api/v1/books/1] [127.0.0.1] c.o.s.s.e.service.BookService - 도서 조회 시작 - ID: 1
2026-04-29 12:07:41.309 [http-nio-8080-exec-1] DEBUG [a266f697] [GET] [/api/v1/books/1] [127.0.0.1] org.hibernate.SQL - 
    select
        b1_0.book_id,
        b1_0.author,
        b1_0.available,
        b1_0.isbn,
        b1_0.publish_date,
        b1_0.publisher,
        b1_0.stock_quantity,
        b1_0.title 
    from
        tbl_book b1_0 
    where
        b1_0.book_id=?
2026-04-29 12:07:41.311 [http-nio-8080-exec-1] DEBUG [a266f697] [GET] [/api/v1/books/1] [127.0.0.1] c.o.s.s.e.service.BookService - 도서 조회 완료 - 제목: Spring Boot 완벽 가이드
2026-04-29 12:07:41.311 [http-nio-8080-exec-1] INFO  [a266f697] [GET] [/api/v1/books/1] [127.0.0.1] c.o.s.s.e.controller.BookController - [s1][BookController] 도서 조회 완료 - ID: 1, 제목: Spring Boot 완벽 가이드
2026-04-29 12:07:41.312 [http-nio-8080-exec-1] DEBUG [a266f697] [GET] [/api/v1/books/1] [127.0.0.1] o.s.w.s.m.m.a.HttpEntityMethodProcessor - Using 'application/json', given [*/*] and supported [application/json, application/*+json]
2026-04-29 12:07:41.312 [http-nio-8080-exec-1] DEBUG [a266f697] [GET] [/api/v1/books/1] [127.0.0.1] o.s.w.s.m.m.a.HttpEntityMethodProcessor - Writing [BookDTO{bookId=1, isbn='9781234567890', title='Spring Boot 완벽 가이드', author='김개발', publisher='테크출판사', (truncated)...]
2026-04-29 12:07:41.314 [http-nio-8080-exec-1] DEBUG [a266f697] [GET] [/api/v1/books/1] [127.0.0.1] o.s.web.servlet.DispatcherServlet - Completed 200 OK
2026-04-29 12:07:41.349 [http-nio-8080-exec-2] DEBUG [23d0493c] [GET] [/api/v1/books/isbn/9788966262281] [127.0.0.1] o.s.web.servlet.DispatcherServlet - GET "/api/v1/books/isbn/9788966262281", parameters={}
2026-04-29 12:07:41.349 [http-nio-8080-exec-2] DEBUG [23d0493c] [GET] [/api/v1/books/isbn/9788966262281] [127.0.0.1] o.s.w.s.m.m.a.RequestMappingHandlerMapping - Mapped to com.ohgiraffers.stability.section01.exception.controller.BookController#getBookByIsbn(String)
2026-04-29 12:07:41.357 [http-nio-8080-exec-2] INFO  [23d0493c] [GET] [/api/v1/books/isbn/9788966262281] [127.0.0.1] c.o.s.s.e.controller.BookController - [s1][BookController] ISBN으로 도서 조회 요청 - ISBN: 9788966262281
2026-04-29 12:07:41.357 [http-nio-8080-exec-2] DEBUG [23d0493c] [GET] [/api/v1/books/isbn/9788966262281] [127.0.0.1] c.o.s.s.e.service.BookService - ISBN으로 도서 조회 시작 - ISBN: 9788966262281
2026-04-29 12:07:41.360 [http-nio-8080-exec-2] DEBUG [23d0493c] [GET] [/api/v1/books/isbn/9788966262281] [127.0.0.1] org.hibernate.SQL - 
    select
        b1_0.book_id,
        b1_0.author,
        b1_0.available,
        b1_0.isbn,
        b1_0.publish_date,
        b1_0.publisher,
        b1_0.stock_quantity,
        b1_0.title 
    from
        tbl_book b1_0 
    where
        b1_0.isbn=?
2026-04-29 12:07:41.363 [http-nio-8080-exec-2] DEBUG [23d0493c] [GET] [/api/v1/books/isbn/9788966262281] [127.0.0.1] c.o.s.s.e.service.BookService - ISBN으로 도서 조회 완료 - 제목: 스프링 부트와 AWS로 혼자 구현하는 웹 서비스
2026-04-29 12:07:41.364 [http-nio-8080-exec-2] INFO  [23d0493c] [GET] [/api/v1/books/isbn/9788966262281] [127.0.0.1] c.o.s.s.e.controller.BookController - [s1][BookController] ISBN으로 도서 조회 완료 - ISBN: 9788966262281, 제목: 스프링 부트와 AWS로 혼자 구현하는 웹 서비스
2026-04-29 12:07:41.364 [http-nio-8080-exec-2] DEBUG [23d0493c] [GET] [/api/v1/books/isbn/9788966262281] [127.0.0.1] o.s.w.s.m.m.a.HttpEntityMethodProcessor - Using 'application/json', given [*/*] and supported [application/json, application/*+json]
2026-04-29 12:07:41.364 [http-nio-8080-exec-2] DEBUG [23d0493c] [GET] [/api/v1/books/isbn/9788966262281] [127.0.0.1] o.s.w.s.m.m.a.HttpEntityMethodProcessor - Writing [BookDTO{bookId=2, isbn='9788966262281', title='스프링 부트와 AWS로 혼자 구현하는 웹 서비스', author='이동욱', publisher= (truncated)...]
2026-04-29 12:07:41.365 [http-nio-8080-exec-2] DEBUG [23d0493c] [GET] [/api/v1/books/isbn/9788966262281] [127.0.0.1] o.s.web.servlet.DispatcherServlet - Completed 200 OK
2026-04-29 12:07:41.454 [http-nio-8080-exec-7] DEBUG [1ff2655b] [GET] [/api/v1/books/search] [127.0.0.1] o.s.web.servlet.DispatcherServlet - GET "/api/v1/books/search?keyword=%EC%8A%A4%ED%94%84%EB%A7%81", parameters={masked}
2026-04-29 12:07:41.454 [http-nio-8080-exec-7] DEBUG [1ff2655b] [GET] [/api/v1/books/search] [127.0.0.1] o.s.w.s.m.m.a.RequestMappingHandlerMapping - Mapped to com.ohgiraffers.stability.section01.exception.controller.BookController#searchBooksByTitle(String)
2026-04-29 12:07:41.456 [http-nio-8080-exec-7] INFO  [1ff2655b] [GET] [/api/v1/books/search] [127.0.0.1] c.o.s.s.e.controller.BookController - [s1][BookController] 제목으로 도서 검색 요청 - 키워드: 스프링
2026-04-29 12:07:41.456 [http-nio-8080-exec-7] DEBUG [1ff2655b] [GET] [/api/v1/books/search] [127.0.0.1] c.o.s.s.e.service.BookService - 제목으로 도서 검색 시작 - 키워드: 스프링
2026-04-29 12:07:41.466 [http-nio-8080-exec-7] DEBUG [1ff2655b] [GET] [/api/v1/books/search] [127.0.0.1] org.hibernate.SQL - 
    select
        b1_0.book_id,
        b1_0.author,
        b1_0.available,
        b1_0.isbn,
        b1_0.publish_date,
        b1_0.publisher,
        b1_0.stock_quantity,
        b1_0.title 
    from
        tbl_book b1_0 
    where
        upper(b1_0.title) like upper(?) escape '\'
2026-04-29 12:07:41.468 [http-nio-8080-exec-7] DEBUG [1ff2655b] [GET] [/api/v1/books/search] [127.0.0.1] c.o.s.s.e.service.BookService - 제목으로 도서 검색 완료 - 검색 결과: 1권
2026-04-29 12:07:41.469 [http-nio-8080-exec-7] INFO  [1ff2655b] [GET] [/api/v1/books/search] [127.0.0.1] c.o.s.s.e.controller.BookController - [s1][BookController] 제목으로 도서 검색 완료 - 키워드: 스프링, 검색 결과: 1권
2026-04-29 12:07:41.469 [http-nio-8080-exec-7] DEBUG [1ff2655b] [GET] [/api/v1/books/search] [127.0.0.1] o.s.w.s.m.m.a.HttpEntityMethodProcessor - Using 'application/json', given [*/*] and supported [application/json, application/*+json]
2026-04-29 12:07:41.469 [http-nio-8080-exec-7] DEBUG [1ff2655b] [GET] [/api/v1/books/search] [127.0.0.1] o.s.w.s.m.m.a.HttpEntityMethodProcessor - Writing [[BookDTO{bookId=2, isbn='9788966262281', title='스프링 부트와 AWS로 혼자 구현하는 웹 서비스', author='이동욱', publisher (truncated)...]
2026-04-29 12:07:41.470 [http-nio-8080-exec-7] DEBUG [1ff2655b] [GET] [/api/v1/books/search] [127.0.0.1] o.s.web.servlet.DispatcherServlet - Completed 200 OK
2026-04-29 12:07:41.499 [http-nio-8080-exec-4] DEBUG [e6a90de7] [PATCH] [/api/v1/books/1/stock/increase] [127.0.0.1] o.s.web.servlet.DispatcherServlet - PATCH "/api/v1/books/1/stock/increase?quantity=5", parameters={masked}
2026-04-29 12:07:41.500 [http-nio-8080-exec-4] DEBUG [e6a90de7] [PATCH] [/api/v1/books/1/stock/increase] [127.0.0.1] o.s.w.s.m.m.a.RequestMappingHandlerMapping - Mapped to com.ohgiraffers.stability.section01.exception.controller.BookController#increaseStock(Long, int)
2026-04-29 12:07:41.500 [http-nio-8080-exec-4] INFO  [e6a90de7] [PATCH] [/api/v1/books/1/stock/increase] [127.0.0.1] c.o.s.s.e.controller.BookController - [s1][BookController] 재고 증가 요청 - 도서 ID: 1, 증가 수량: 5
2026-04-29 12:07:41.501 [http-nio-8080-exec-4] DEBUG [e6a90de7] [PATCH] [/api/v1/books/1/stock/increase] [127.0.0.1] c.o.s.s.e.service.BookService - 재고 증가 시작 - 도서 ID: 1, 증가 수량: 5
2026-04-29 12:07:41.501 [http-nio-8080-exec-4] DEBUG [e6a90de7] [PATCH] [/api/v1/books/1/stock/increase] [127.0.0.1] org.hibernate.SQL - 
    select
        b1_0.book_id,
        b1_0.author,
        b1_0.available,
        b1_0.isbn,
        b1_0.publish_date,
        b1_0.publisher,
        b1_0.stock_quantity,
        b1_0.title 
    from
        tbl_book b1_0 
    where
        b1_0.book_id=?
2026-04-29 12:07:41.506 [http-nio-8080-exec-4] INFO  [e6a90de7] [PATCH] [/api/v1/books/1/stock/increase] [127.0.0.1] c.o.s.s.e.service.BookService - [s1][BookService] 재고 증가 완료 - 도서 ID: 1, 현재 재고: 10
2026-04-29 12:07:41.515 [http-nio-8080-exec-4] DEBUG [e6a90de7] [PATCH] [/api/v1/books/1/stock/increase] [127.0.0.1] org.hibernate.SQL - 
    update
        tbl_book 
    set
        author=?,
        available=?,
        isbn=?,
        publish_date=?,
        publisher=?,
        stock_quantity=?,
        title=? 
    where
        book_id=?
2026-04-29 12:07:41.520 [http-nio-8080-exec-4] INFO  [e6a90de7] [PATCH] [/api/v1/books/1/stock/increase] [127.0.0.1] c.o.s.s.e.controller.BookController - [s1][BookController] 재고 증가 완료 - 도서 ID: 1, 현재 재고: 10
2026-04-29 12:07:41.520 [http-nio-8080-exec-4] DEBUG [e6a90de7] [PATCH] [/api/v1/books/1/stock/increase] [127.0.0.1] o.s.w.s.m.m.a.HttpEntityMethodProcessor - Using 'application/json', given [*/*] and supported [application/json, application/*+json]
2026-04-29 12:07:41.520 [http-nio-8080-exec-4] DEBUG [e6a90de7] [PATCH] [/api/v1/books/1/stock/increase] [127.0.0.1] o.s.w.s.m.m.a.HttpEntityMethodProcessor - Writing [BookDTO{bookId=1, isbn='9781234567890', title='Spring Boot 완벽 가이드', author='김개발', publisher='테크출판사', (truncated)...]
2026-04-29 12:07:41.521 [http-nio-8080-exec-4] DEBUG [e6a90de7] [PATCH] [/api/v1/books/1/stock/increase] [127.0.0.1] o.s.web.servlet.DispatcherServlet - Completed 200 OK
2026-04-29 12:07:41.597 [http-nio-8080-exec-5] DEBUG [6c379e83] [PATCH] [/api/v1/books/1/stock/decrease] [127.0.0.1] o.s.web.servlet.DispatcherServlet - PATCH "/api/v1/books/1/stock/decrease?quantity=3", parameters={masked}
2026-04-29 12:07:41.598 [http-nio-8080-exec-5] DEBUG [6c379e83] [PATCH] [/api/v1/books/1/stock/decrease] [127.0.0.1] o.s.w.s.m.m.a.RequestMappingHandlerMapping - Mapped to com.ohgiraffers.stability.section01.exception.controller.BookController#decreaseStock(Long, int)
2026-04-29 12:07:41.598 [http-nio-8080-exec-5] INFO  [6c379e83] [PATCH] [/api/v1/books/1/stock/decrease] [127.0.0.1] c.o.s.s.e.controller.BookController - [s1][BookController] 재고 감소 요청 - 도서 ID: 1, 감소 수량: 3
2026-04-29 12:07:41.598 [http-nio-8080-exec-5] DEBUG [6c379e83] [PATCH] [/api/v1/books/1/stock/decrease] [127.0.0.1] c.o.s.s.e.service.BookService - 재고 감소 시작 - 도서 ID: 1, 감소 수량: 3
2026-04-29 12:07:41.599 [http-nio-8080-exec-5] DEBUG [6c379e83] [PATCH] [/api/v1/books/1/stock/decrease] [127.0.0.1] org.hibernate.SQL - 
    select
        b1_0.book_id,
        b1_0.author,
        b1_0.available,
        b1_0.isbn,
        b1_0.publish_date,
        b1_0.publisher,
        b1_0.stock_quantity,
        b1_0.title 
    from
        tbl_book b1_0 
    where
        b1_0.book_id=?
2026-04-29 12:07:41.600 [http-nio-8080-exec-5] INFO  [6c379e83] [PATCH] [/api/v1/books/1/stock/decrease] [127.0.0.1] c.o.s.s.e.service.BookService - [s1][BookService] 재고 감소 완료 - 도서 ID: 1, 현재 재고: 7
2026-04-29 12:07:41.600 [http-nio-8080-exec-5] DEBUG [6c379e83] [PATCH] [/api/v1/books/1/stock/decrease] [127.0.0.1] org.hibernate.SQL - 
    update
        tbl_book 
    set
        author=?,
        available=?,
        isbn=?,
        publish_date=?,
        publisher=?,
        stock_quantity=?,
        title=? 
    where
        book_id=?
2026-04-29 12:07:41.601 [http-nio-8080-exec-5] INFO  [6c379e83] [PATCH] [/api/v1/books/1/stock/decrease] [127.0.0.1] c.o.s.s.e.controller.BookController - [s1][BookController] 재고 감소 완료 - 도서 ID: 1, 현재 재고: 7
2026-04-29 12:07:41.603 [http-nio-8080-exec-5] DEBUG [6c379e83] [PATCH] [/api/v1/books/1/stock/decrease] [127.0.0.1] o.s.w.s.m.m.a.HttpEntityMethodProcessor - Using 'application/json', given [*/*] and supported [application/json, application/*+json]
2026-04-29 12:07:41.603 [http-nio-8080-exec-5] DEBUG [6c379e83] [PATCH] [/api/v1/books/1/stock/decrease] [127.0.0.1] o.s.w.s.m.m.a.HttpEntityMethodProcessor - Writing [BookDTO{bookId=1, isbn='9781234567890', title='Spring Boot 완벽 가이드', author='김개발', publisher='테크출판사', (truncated)...]
2026-04-29 12:07:41.604 [http-nio-8080-exec-5] DEBUG [6c379e83] [PATCH] [/api/v1/books/1/stock/decrease] [127.0.0.1] o.s.web.servlet.DispatcherServlet - Completed 200 OK
2026-04-29 12:07:41.642 [http-nio-8080-exec-6] DEBUG [64ae9cd3] [PUT] [/api/v1/books/1] [127.0.0.1] o.s.web.servlet.DispatcherServlet - PUT "/api/v1/books/1", parameters={}
2026-04-29 12:07:41.643 [http-nio-8080-exec-6] DEBUG [64ae9cd3] [PUT] [/api/v1/books/1] [127.0.0.1] o.s.w.s.m.m.a.RequestMappingHandlerMapping - Mapped to com.ohgiraffers.stability.section01.exception.controller.BookController#updateBook(Long, BookDTO)
2026-04-29 12:07:41.644 [http-nio-8080-exec-6] DEBUG [64ae9cd3] [PUT] [/api/v1/books/1] [127.0.0.1] o.s.w.s.m.m.a.RequestResponseBodyMethodProcessor - Read "application/json;charset=UTF-8" to [BookDTO{bookId=null, isbn='null', title='스프링 부트와 AWS로 혼자 구현하는 웹 서비스 (개정판)', author='이동욱', publisher= (truncated)...]
2026-04-29 12:07:41.645 [http-nio-8080-exec-6] INFO  [64ae9cd3] [PUT] [/api/v1/books/1] [127.0.0.1] c.o.s.s.e.controller.BookController - [s1][BookController] 도서 정보 수정 요청 - ID: 1
2026-04-29 12:07:41.645 [http-nio-8080-exec-6] DEBUG [64ae9cd3] [PUT] [/api/v1/books/1] [127.0.0.1] c.o.s.s.e.service.BookService - 도서 정보 수정 시작 - ID: 1
2026-04-29 12:07:41.645 [http-nio-8080-exec-6] DEBUG [64ae9cd3] [PUT] [/api/v1/books/1] [127.0.0.1] org.hibernate.SQL - 
    select
        b1_0.book_id,
        b1_0.author,
        b1_0.available,
        b1_0.isbn,
        b1_0.publish_date,
        b1_0.publisher,
        b1_0.stock_quantity,
        b1_0.title 
    from
        tbl_book b1_0 
    where
        b1_0.book_id=?
2026-04-29 12:07:41.647 [http-nio-8080-exec-6] INFO  [64ae9cd3] [PUT] [/api/v1/books/1] [127.0.0.1] c.o.s.s.e.service.BookService - [s1][BookService] 도서 정보 수정 완료 - ID: 1, 제목: 스프링 부트와 AWS로 혼자 구현하는 웹 서비스 (개정판)
2026-04-29 12:07:41.647 [http-nio-8080-exec-6] DEBUG [64ae9cd3] [PUT] [/api/v1/books/1] [127.0.0.1] org.hibernate.SQL - 
    update
        tbl_book 
    set
        author=?,
        available=?,
        isbn=?,
        publish_date=?,
        publisher=?,
        stock_quantity=?,
        title=? 
    where
        book_id=?
2026-04-29 12:07:41.648 [http-nio-8080-exec-6] INFO  [64ae9cd3] [PUT] [/api/v1/books/1] [127.0.0.1] c.o.s.s.e.controller.BookController - [s1][BookController] 도서 정보 수정 완료 - ID: 1, 제목: 스프링 부트와 AWS로 혼자 구현하는 웹 서비스 (개정판)
2026-04-29 12:07:41.648 [http-nio-8080-exec-6] DEBUG [64ae9cd3] [PUT] [/api/v1/books/1] [127.0.0.1] o.s.w.s.m.m.a.HttpEntityMethodProcessor - Using 'application/json', given [*/*] and supported [application/json, application/*+json]
2026-04-29 12:07:41.648 [http-nio-8080-exec-6] DEBUG [64ae9cd3] [PUT] [/api/v1/books/1] [127.0.0.1] o.s.w.s.m.m.a.HttpEntityMethodProcessor - Writing [BookDTO{bookId=1, isbn='9781234567890', title='스프링 부트와 AWS로 혼자 구현하는 웹 서비스 (개정판)', author='이동욱', publ (truncated)...]
2026-04-29 12:07:41.649 [http-nio-8080-exec-6] DEBUG [64ae9cd3] [PUT] [/api/v1/books/1] [127.0.0.1] o.s.web.servlet.DispatcherServlet - Completed 200 OK
2026-04-29 12:07:41.696 [http-nio-8080-exec-3] DEBUG [0dea760b] [GET] [/api/v1/books/999] [127.0.0.1] o.s.web.servlet.DispatcherServlet - GET "/api/v1/books/999", parameters={}
2026-04-29 12:07:41.697 [http-nio-8080-exec-3] DEBUG [0dea760b] [GET] [/api/v1/books/999] [127.0.0.1] o.s.w.s.m.m.a.RequestMappingHandlerMapping - Mapped to com.ohgiraffers.stability.section01.exception.controller.BookController#getBookById(Long)
2026-04-29 12:07:41.698 [http-nio-8080-exec-3] INFO  [0dea760b] [GET] [/api/v1/books/999] [127.0.0.1] c.o.s.s.e.controller.BookController - [s1][BookController] 도서 조회 요청 - ID: 999
2026-04-29 12:07:41.698 [http-nio-8080-exec-3] DEBUG [0dea760b] [GET] [/api/v1/books/999] [127.0.0.1] c.o.s.s.e.service.BookService - 도서 조회 시작 - ID: 999
2026-04-29 12:07:41.698 [http-nio-8080-exec-3] DEBUG [0dea760b] [GET] [/api/v1/books/999] [127.0.0.1] org.hibernate.SQL - 
    select
        b1_0.book_id,
        b1_0.author,
        b1_0.available,
        b1_0.isbn,
        b1_0.publish_date,
        b1_0.publisher,
        b1_0.stock_quantity,
        b1_0.title 
    from
        tbl_book b1_0 
    where
        b1_0.book_id=?
2026-04-29 12:07:41.699 [http-nio-8080-exec-3] ERROR [0dea760b] [GET] [/api/v1/books/999] [127.0.0.1] c.o.s.s.e.service.BookService - 도서 조회 실패 - ID: 999: 해당 ID의 도서를 찾을 수 없습니다: 999
2026-04-29 12:07:41.699 [http-nio-8080-exec-3] DEBUG [0dea760b] [GET] [/api/v1/books/999] [127.0.0.1] o.s.w.s.m.m.a.ExceptionHandlerExceptionResolver - Using @ExceptionHandler com.ohgiraffers.stability.section01.exception.handler.GlobalExceptionHandler#handleBookNotFoundException(BookNotFoundException, HttpServletRequest)
2026-04-29 12:07:41.699 [http-nio-8080-exec-3] WARN  [0dea760b] [GET] [/api/v1/books/999] [127.0.0.1] c.o.s.s.e.h.GlobalExceptionHandler - [s1][GlobalExceptionHandler] 도서 조회 실패: 해당 ID의 도서를 찾을 수 없습니다: 999
2026-04-29 12:07:41.699 [http-nio-8080-exec-3] DEBUG [0dea760b] [GET] [/api/v1/books/999] [127.0.0.1] o.s.w.s.m.m.a.HttpEntityMethodProcessor - Using 'application/json', given [*/*] and supported [application/json, application/*+json]
2026-04-29 12:07:41.699 [http-nio-8080-exec-3] DEBUG [0dea760b] [GET] [/api/v1/books/999] [127.0.0.1] o.s.w.s.m.m.a.HttpEntityMethodProcessor - Writing [ErrorResponse{errorCode='BOOK_NOT_FOUND_BY_ID', message='해당 ID의 도서를 찾을 수 없습니다: 999', timestamp=2026- (truncated)...]
2026-04-29 12:07:41.701 [http-nio-8080-exec-3] WARN  [0dea760b] [GET] [/api/v1/books/999] [127.0.0.1] o.s.w.s.m.m.a.ExceptionHandlerExceptionResolver - Resolved [com.ohgiraffers.stability.section01.exception.exception.BookNotFoundException: 해당 ID의 도서를 찾을 수 없습니다: 999]
2026-04-29 12:07:41.701 [http-nio-8080-exec-3] DEBUG [0dea760b] [GET] [/api/v1/books/999] [127.0.0.1] o.s.web.servlet.DispatcherServlet - Completed 404 NOT_FOUND
2026-04-29 12:07:41.741 [http-nio-8080-exec-8] DEBUG [6714d301] [GET] [/api/v1/books/isbn/1234567890123] [127.0.0.1] o.s.web.servlet.DispatcherServlet - GET "/api/v1/books/isbn/1234567890123", parameters={}
2026-04-29 12:07:41.742 [http-nio-8080-exec-8] DEBUG [6714d301] [GET] [/api/v1/books/isbn/1234567890123] [127.0.0.1] o.s.w.s.m.m.a.RequestMappingHandlerMapping - Mapped to com.ohgiraffers.stability.section01.exception.controller.BookController#getBookByIsbn(String)
2026-04-29 12:07:41.743 [http-nio-8080-exec-8] INFO  [6714d301] [GET] [/api/v1/books/isbn/1234567890123] [127.0.0.1] c.o.s.s.e.controller.BookController - [s1][BookController] ISBN으로 도서 조회 요청 - ISBN: 1234567890123
2026-04-29 12:07:41.743 [http-nio-8080-exec-8] DEBUG [6714d301] [GET] [/api/v1/books/isbn/1234567890123] [127.0.0.1] c.o.s.s.e.service.BookService - ISBN으로 도서 조회 시작 - ISBN: 1234567890123
2026-04-29 12:07:41.744 [http-nio-8080-exec-8] DEBUG [6714d301] [GET] [/api/v1/books/isbn/1234567890123] [127.0.0.1] org.hibernate.SQL - 
    select
        b1_0.book_id,
        b1_0.author,
        b1_0.available,
        b1_0.isbn,
        b1_0.publish_date,
        b1_0.publisher,
        b1_0.stock_quantity,
        b1_0.title 
    from
        tbl_book b1_0 
    where
        b1_0.isbn=?
2026-04-29 12:07:41.746 [http-nio-8080-exec-8] DEBUG [6714d301] [GET] [/api/v1/books/isbn/1234567890123] [127.0.0.1] o.s.w.s.m.m.a.ExceptionHandlerExceptionResolver - Using @ExceptionHandler com.ohgiraffers.stability.section01.exception.handler.GlobalExceptionHandler#handleBookNotFoundException(BookNotFoundException, HttpServletRequest)
2026-04-29 12:07:41.746 [http-nio-8080-exec-8] WARN  [6714d301] [GET] [/api/v1/books/isbn/1234567890123] [127.0.0.1] c.o.s.s.e.h.GlobalExceptionHandler - [s1][GlobalExceptionHandler] 도서 조회 실패: 해당 ISBN의 도서를 찾을 수 없습니다: 1234567890123
2026-04-29 12:07:41.746 [http-nio-8080-exec-8] DEBUG [6714d301] [GET] [/api/v1/books/isbn/1234567890123] [127.0.0.1] o.s.w.s.m.m.a.HttpEntityMethodProcessor - Using 'application/json', given [*/*] and supported [application/json, application/*+json]
2026-04-29 12:07:41.746 [http-nio-8080-exec-8] DEBUG [6714d301] [GET] [/api/v1/books/isbn/1234567890123] [127.0.0.1] o.s.w.s.m.m.a.HttpEntityMethodProcessor - Writing [ErrorResponse{errorCode='BOOK_NOT_FOUND_BY_ISBN', message='해당 ISBN의 도서를 찾을 수 없습니다: 1234567890123', t (truncated)...]
2026-04-29 12:07:41.747 [http-nio-8080-exec-8] WARN  [6714d301] [GET] [/api/v1/books/isbn/1234567890123] [127.0.0.1] o.s.w.s.m.m.a.ExceptionHandlerExceptionResolver - Resolved [com.ohgiraffers.stability.section01.exception.exception.BookNotFoundException: 해당 ISBN의 도서를 찾을 수 없습니다: 1234567890123]
2026-04-29 12:07:41.747 [http-nio-8080-exec-8] DEBUG [6714d301] [GET] [/api/v1/books/isbn/1234567890123] [127.0.0.1] o.s.web.servlet.DispatcherServlet - Completed 404 NOT_FOUND
2026-04-29 12:07:41.783 [http-nio-8080-exec-9] DEBUG [5f220837] [PATCH] [/api/v1/books/999/stock/increase] [127.0.0.1] o.s.web.servlet.DispatcherServlet - PATCH "/api/v1/books/999/stock/increase?quantity=5", parameters={masked}
2026-04-29 12:07:41.783 [http-nio-8080-exec-9] DEBUG [5f220837] [PATCH] [/api/v1/books/999/stock/increase] [127.0.0.1] o.s.w.s.m.m.a.RequestMappingHandlerMapping - Mapped to com.ohgiraffers.stability.section01.exception.controller.BookController#increaseStock(Long, int)
2026-04-29 12:07:41.783 [http-nio-8080-exec-9] INFO  [5f220837] [PATCH] [/api/v1/books/999/stock/increase] [127.0.0.1] c.o.s.s.e.controller.BookController - [s1][BookController] 재고 증가 요청 - 도서 ID: 999, 증가 수량: 5
2026-04-29 12:07:41.784 [http-nio-8080-exec-9] DEBUG [5f220837] [PATCH] [/api/v1/books/999/stock/increase] [127.0.0.1] c.o.s.s.e.service.BookService - 재고 증가 시작 - 도서 ID: 999, 증가 수량: 5
2026-04-29 12:07:41.784 [http-nio-8080-exec-9] DEBUG [5f220837] [PATCH] [/api/v1/books/999/stock/increase] [127.0.0.1] org.hibernate.SQL - 
    select
        b1_0.book_id,
        b1_0.author,
        b1_0.available,
        b1_0.isbn,
        b1_0.publish_date,
        b1_0.publisher,
        b1_0.stock_quantity,
        b1_0.title 
    from
        tbl_book b1_0 
    where
        b1_0.book_id=?
2026-04-29 12:07:41.786 [http-nio-8080-exec-9] DEBUG [5f220837] [PATCH] [/api/v1/books/999/stock/increase] [127.0.0.1] o.s.w.s.m.m.a.ExceptionHandlerExceptionResolver - Using @ExceptionHandler com.ohgiraffers.stability.section01.exception.handler.GlobalExceptionHandler#handleBookNotFoundException(BookNotFoundException, HttpServletRequest)
2026-04-29 12:07:41.786 [http-nio-8080-exec-9] WARN  [5f220837] [PATCH] [/api/v1/books/999/stock/increase] [127.0.0.1] c.o.s.s.e.h.GlobalExceptionHandler - [s1][GlobalExceptionHandler] 도서 조회 실패: 해당 ID의 도서를 찾을 수 없습니다: 999
2026-04-29 12:07:41.786 [http-nio-8080-exec-9] DEBUG [5f220837] [PATCH] [/api/v1/books/999/stock/increase] [127.0.0.1] o.s.w.s.m.m.a.HttpEntityMethodProcessor - Using 'application/json', given [*/*] and supported [application/json, application/*+json]
2026-04-29 12:07:41.786 [http-nio-8080-exec-9] DEBUG [5f220837] [PATCH] [/api/v1/books/999/stock/increase] [127.0.0.1] o.s.w.s.m.m.a.HttpEntityMethodProcessor - Writing [ErrorResponse{errorCode='BOOK_NOT_FOUND_BY_ID', message='해당 ID의 도서를 찾을 수 없습니다: 999', timestamp=2026- (truncated)...]
2026-04-29 12:07:41.787 [http-nio-8080-exec-9] WARN  [5f220837] [PATCH] [/api/v1/books/999/stock/increase] [127.0.0.1] o.s.w.s.m.m.a.ExceptionHandlerExceptionResolver - Resolved [com.ohgiraffers.stability.section01.exception.exception.BookNotFoundException: 해당 ID의 도서를 찾을 수 없습니다: 999]
2026-04-29 12:07:41.787 [http-nio-8080-exec-9] DEBUG [5f220837] [PATCH] [/api/v1/books/999/stock/increase] [127.0.0.1] o.s.web.servlet.DispatcherServlet - Completed 404 NOT_FOUND
2026-04-29 12:07:41.844 [http-nio-8080-exec-10] DEBUG [1a459277] [PUT] [/api/v1/books/999] [127.0.0.1] o.s.web.servlet.DispatcherServlet - PUT "/api/v1/books/999", parameters={}
2026-04-29 12:07:41.845 [http-nio-8080-exec-10] DEBUG [1a459277] [PUT] [/api/v1/books/999] [127.0.0.1] o.s.w.s.m.m.a.RequestMappingHandlerMapping - Mapped to com.ohgiraffers.stability.section01.exception.controller.BookController#updateBook(Long, BookDTO)
2026-04-29 12:07:41.846 [http-nio-8080-exec-10] DEBUG [1a459277] [PUT] [/api/v1/books/999] [127.0.0.1] o.s.w.s.m.m.a.RequestResponseBodyMethodProcessor - Read "application/json;charset=UTF-8" to [BookDTO{bookId=null, isbn='null', title='존재하지 않는 도서', author='테스트', publisher='테스트', publishDate=202 (truncated)...]
2026-04-29 12:07:41.847 [http-nio-8080-exec-10] INFO  [1a459277] [PUT] [/api/v1/books/999] [127.0.0.1] c.o.s.s.e.controller.BookController - [s1][BookController] 도서 정보 수정 요청 - ID: 999
2026-04-29 12:07:41.847 [http-nio-8080-exec-10] DEBUG [1a459277] [PUT] [/api/v1/books/999] [127.0.0.1] c.o.s.s.e.service.BookService - 도서 정보 수정 시작 - ID: 999
2026-04-29 12:07:41.848 [http-nio-8080-exec-10] DEBUG [1a459277] [PUT] [/api/v1/books/999] [127.0.0.1] org.hibernate.SQL - 
    select
        b1_0.book_id,
        b1_0.author,
        b1_0.available,
        b1_0.isbn,
        b1_0.publish_date,
        b1_0.publisher,
        b1_0.stock_quantity,
        b1_0.title 
    from
        tbl_book b1_0 
    where
        b1_0.book_id=?
2026-04-29 12:07:41.850 [http-nio-8080-exec-10] DEBUG [1a459277] [PUT] [/api/v1/books/999] [127.0.0.1] o.s.w.s.m.m.a.ExceptionHandlerExceptionResolver - Using @ExceptionHandler com.ohgiraffers.stability.section01.exception.handler.GlobalExceptionHandler#handleBookNotFoundException(BookNotFoundException, HttpServletRequest)
2026-04-29 12:07:41.850 [http-nio-8080-exec-10] WARN  [1a459277] [PUT] [/api/v1/books/999] [127.0.0.1] c.o.s.s.e.h.GlobalExceptionHandler - [s1][GlobalExceptionHandler] 도서 조회 실패: 해당 ID의 도서를 찾을 수 없습니다: 999
2026-04-29 12:07:41.850 [http-nio-8080-exec-10] DEBUG [1a459277] [PUT] [/api/v1/books/999] [127.0.0.1] o.s.w.s.m.m.a.HttpEntityMethodProcessor - Using 'application/json', given [*/*] and supported [application/json, application/*+json]
2026-04-29 12:07:41.851 [http-nio-8080-exec-10] DEBUG [1a459277] [PUT] [/api/v1/books/999] [127.0.0.1] o.s.w.s.m.m.a.HttpEntityMethodProcessor - Writing [ErrorResponse{errorCode='BOOK_NOT_FOUND_BY_ID', message='해당 ID의 도서를 찾을 수 없습니다: 999', timestamp=2026- (truncated)...]
2026-04-29 12:07:41.851 [http-nio-8080-exec-10] WARN  [1a459277] [PUT] [/api/v1/books/999] [127.0.0.1] o.s.w.s.m.m.a.ExceptionHandlerExceptionResolver - Resolved [com.ohgiraffers.stability.section01.exception.exception.BookNotFoundException: 해당 ID의 도서를 찾을 수 없습니다: 999]
2026-04-29 12:07:41.851 [http-nio-8080-exec-10] DEBUG [1a459277] [PUT] [/api/v1/books/999] [127.0.0.1] o.s.web.servlet.DispatcherServlet - Completed 404 NOT_FOUND
2026-04-29 12:07:41.937 [http-nio-8080-exec-1] DEBUG [495df149] [DELETE] [/api/v1/books/999] [127.0.0.1] o.s.web.servlet.DispatcherServlet - DELETE "/api/v1/books/999", parameters={}
2026-04-29 12:07:41.938 [http-nio-8080-exec-1] DEBUG [495df149] [DELETE] [/api/v1/books/999] [127.0.0.1] o.s.w.s.m.m.a.RequestMappingHandlerMapping - Mapped to com.ohgiraffers.stability.section01.exception.controller.BookController#deleteBook(Long)
2026-04-29 12:07:41.939 [http-nio-8080-exec-1] INFO  [495df149] [DELETE] [/api/v1/books/999] [127.0.0.1] c.o.s.s.e.controller.BookController - [s1][BookController] 도서 삭제 요청 - ID: 999
2026-04-29 12:07:41.939 [http-nio-8080-exec-1] DEBUG [495df149] [DELETE] [/api/v1/books/999] [127.0.0.1] c.o.s.s.e.service.BookService - 도서 삭제 시작 - ID: 999
2026-04-29 12:07:41.940 [http-nio-8080-exec-1] DEBUG [495df149] [DELETE] [/api/v1/books/999] [127.0.0.1] org.hibernate.SQL - 
    select
        b1_0.book_id,
        b1_0.author,
        b1_0.available,
        b1_0.isbn,
        b1_0.publish_date,
        b1_0.publisher,
        b1_0.stock_quantity,
        b1_0.title 
    from
        tbl_book b1_0 
    where
        b1_0.book_id=?
2026-04-29 12:07:41.943 [http-nio-8080-exec-1] DEBUG [495df149] [DELETE] [/api/v1/books/999] [127.0.0.1] o.s.w.s.m.m.a.ExceptionHandlerExceptionResolver - Using @ExceptionHandler com.ohgiraffers.stability.section01.exception.handler.GlobalExceptionHandler#handleBookNotFoundException(BookNotFoundException, HttpServletRequest)
2026-04-29 12:07:41.943 [http-nio-8080-exec-1] WARN  [495df149] [DELETE] [/api/v1/books/999] [127.0.0.1] c.o.s.s.e.h.GlobalExceptionHandler - [s1][GlobalExceptionHandler] 도서 조회 실패: 해당 ID의 도서를 찾을 수 없습니다: 999
2026-04-29 12:07:41.944 [http-nio-8080-exec-1] DEBUG [495df149] [DELETE] [/api/v1/books/999] [127.0.0.1] o.s.w.s.m.m.a.HttpEntityMethodProcessor - Using 'application/json', given [*/*] and supported [application/json, application/*+json]
2026-04-29 12:07:41.944 [http-nio-8080-exec-1] DEBUG [495df149] [DELETE] [/api/v1/books/999] [127.0.0.1] o.s.w.s.m.m.a.HttpEntityMethodProcessor - Writing [ErrorResponse{errorCode='BOOK_NOT_FOUND_BY_ID', message='해당 ID의 도서를 찾을 수 없습니다: 999', timestamp=2026- (truncated)...]
2026-04-29 12:07:41.945 [http-nio-8080-exec-1] WARN  [495df149] [DELETE] [/api/v1/books/999] [127.0.0.1] o.s.w.s.m.m.a.ExceptionHandlerExceptionResolver - Resolved [com.ohgiraffers.stability.section01.exception.exception.BookNotFoundException: 해당 ID의 도서를 찾을 수 없습니다: 999]
2026-04-29 12:07:41.946 [http-nio-8080-exec-1] DEBUG [495df149] [DELETE] [/api/v1/books/999] [127.0.0.1] o.s.web.servlet.DispatcherServlet - Completed 404 NOT_FOUND
2026-04-29 12:07:42.004 [http-nio-8080-exec-2] DEBUG [a7045d96] [POST] [/api/v1/books] [127.0.0.1] o.s.web.servlet.DispatcherServlet - POST "/api/v1/books", parameters={}
2026-04-29 12:07:42.004 [http-nio-8080-exec-2] DEBUG [a7045d96] [POST] [/api/v1/books] [127.0.0.1] o.s.w.s.m.m.a.RequestMappingHandlerMapping - Mapped to com.ohgiraffers.stability.section01.exception.controller.BookController#registerBook(BookDTO)
2026-04-29 12:07:42.005 [http-nio-8080-exec-2] DEBUG [a7045d96] [POST] [/api/v1/books] [127.0.0.1] o.s.w.s.m.m.a.RequestResponseBodyMethodProcessor - Read "application/json;charset=UTF-8" to [BookDTO{bookId=null, isbn='9788966262281', title='중복 ISBN 테스트 도서', author='테스트 저자', publisher='테스트 출 (truncated)...]
2026-04-29 12:07:42.005 [http-nio-8080-exec-2] INFO  [a7045d96] [POST] [/api/v1/books] [127.0.0.1] c.o.s.s.e.controller.BookController - [s1][BookController] 도서 등록 요청 - ISBN: 9788966262281, 제목: 중복 ISBN 테스트 도서
2026-04-29 12:07:42.006 [http-nio-8080-exec-2] DEBUG [a7045d96] [POST] [/api/v1/books] [127.0.0.1] c.o.s.s.e.service.BookService - 도서 등록 시작 - ISBN: 9788966262281, 제목: 중복 ISBN 테스트 도서
2026-04-29 12:07:42.008 [http-nio-8080-exec-2] DEBUG [a7045d96] [POST] [/api/v1/books] [127.0.0.1] org.hibernate.SQL - 
    select
        b1_0.book_id 
    from
        tbl_book b1_0 
    where
        b1_0.isbn=? 
    fetch
        first ? rows only
2026-04-29 12:07:42.010 [http-nio-8080-exec-2] DEBUG [a7045d96] [POST] [/api/v1/books] [127.0.0.1] o.s.w.s.m.m.a.ExceptionHandlerExceptionResolver - Using @ExceptionHandler com.ohgiraffers.stability.section01.exception.handler.GlobalExceptionHandler#handleDuplicateIsbnException(DuplicateIsbnException, HttpServletRequest)
2026-04-29 12:07:42.010 [http-nio-8080-exec-2] WARN  [a7045d96] [POST] [/api/v1/books] [127.0.0.1] c.o.s.s.e.h.GlobalExceptionHandler - [s1][GlobalExceptionHandler] 중복 ISBN 등록 시도: 이미 존재하는 ISBN입니다: 9788966262281
2026-04-29 12:07:42.010 [http-nio-8080-exec-2] DEBUG [a7045d96] [POST] [/api/v1/books] [127.0.0.1] o.s.w.s.m.m.a.HttpEntityMethodProcessor - Using 'application/json', given [*/*] and supported [application/json, application/*+json]
2026-04-29 12:07:42.010 [http-nio-8080-exec-2] DEBUG [a7045d96] [POST] [/api/v1/books] [127.0.0.1] o.s.w.s.m.m.a.HttpEntityMethodProcessor - Writing [ErrorResponse{errorCode='DUPLICATE_ISBN', message='이미 존재하는 ISBN입니다: 9788966262281', timestamp=2026-0 (truncated)...]
2026-04-29 12:07:42.011 [http-nio-8080-exec-2] WARN  [a7045d96] [POST] [/api/v1/books] [127.0.0.1] o.s.w.s.m.m.a.ExceptionHandlerExceptionResolver - Resolved [com.ohgiraffers.stability.section01.exception.exception.DuplicateIsbnException: 이미 존재하는 ISBN입니다: 9788966262281]
2026-04-29 12:07:42.011 [http-nio-8080-exec-2] DEBUG [a7045d96] [POST] [/api/v1/books] [127.0.0.1] o.s.web.servlet.DispatcherServlet - Completed 409 CONFLICT
2026-04-29 12:07:42.098 [http-nio-8080-exec-7] DEBUG [28ea1df5] [GET] [/api/v1/books/3] [127.0.0.1] o.s.web.servlet.DispatcherServlet - GET "/api/v1/books/3", parameters={}
2026-04-29 12:07:42.099 [http-nio-8080-exec-7] DEBUG [28ea1df5] [GET] [/api/v1/books/3] [127.0.0.1] o.s.w.s.m.m.a.RequestMappingHandlerMapping - Mapped to com.ohgiraffers.stability.section01.exception.controller.BookController#getBookById(Long)
2026-04-29 12:07:42.099 [http-nio-8080-exec-7] INFO  [28ea1df5] [GET] [/api/v1/books/3] [127.0.0.1] c.o.s.s.e.controller.BookController - [s1][BookController] 도서 조회 요청 - ID: 3
2026-04-29 12:07:42.100 [http-nio-8080-exec-7] DEBUG [28ea1df5] [GET] [/api/v1/books/3] [127.0.0.1] c.o.s.s.e.service.BookService - 도서 조회 시작 - ID: 3
2026-04-29 12:07:42.100 [http-nio-8080-exec-7] DEBUG [28ea1df5] [GET] [/api/v1/books/3] [127.0.0.1] org.hibernate.SQL - 
    select
        b1_0.book_id,
        b1_0.author,
        b1_0.available,
        b1_0.isbn,
        b1_0.publish_date,
        b1_0.publisher,
        b1_0.stock_quantity,
        b1_0.title 
    from
        tbl_book b1_0 
    where
        b1_0.book_id=?
2026-04-29 12:07:42.102 [http-nio-8080-exec-7] DEBUG [28ea1df5] [GET] [/api/v1/books/3] [127.0.0.1] c.o.s.s.e.service.BookService - 도서 조회 완료 - 제목: Clean Code 클린 코드
2026-04-29 12:07:42.102 [http-nio-8080-exec-7] INFO  [28ea1df5] [GET] [/api/v1/books/3] [127.0.0.1] c.o.s.s.e.controller.BookController - [s1][BookController] 도서 조회 완료 - ID: 3, 제목: Clean Code 클린 코드
2026-04-29 12:07:42.103 [http-nio-8080-exec-7] DEBUG [28ea1df5] [GET] [/api/v1/books/3] [127.0.0.1] o.s.w.s.m.m.a.HttpEntityMethodProcessor - Using 'application/json', given [*/*] and supported [application/json, application/*+json]
2026-04-29 12:07:42.103 [http-nio-8080-exec-7] DEBUG [28ea1df5] [GET] [/api/v1/books/3] [127.0.0.1] o.s.w.s.m.m.a.HttpEntityMethodProcessor - Writing [BookDTO{bookId=3, isbn='9791162243685', title='Clean Code 클린 코드', author='로버트 C. 마틴', publisher='인사이 (truncated)...]
2026-04-29 12:07:42.104 [http-nio-8080-exec-7] DEBUG [28ea1df5] [GET] [/api/v1/books/3] [127.0.0.1] o.s.web.servlet.DispatcherServlet - Completed 200 OK
2026-04-29 12:07:42.248 [http-nio-8080-exec-4] DEBUG [164bd240] [PATCH] [/api/v1/books/3/stock/decrease] [127.0.0.1] o.s.web.servlet.DispatcherServlet - PATCH "/api/v1/books/3/stock/decrease?quantity=10", parameters={masked}
2026-04-29 12:07:42.250 [http-nio-8080-exec-4] DEBUG [164bd240] [PATCH] [/api/v1/books/3/stock/decrease] [127.0.0.1] o.s.w.s.m.m.a.RequestMappingHandlerMapping - Mapped to com.ohgiraffers.stability.section01.exception.controller.BookController#decreaseStock(Long, int)
2026-04-29 12:07:42.250 [http-nio-8080-exec-4] INFO  [164bd240] [PATCH] [/api/v1/books/3/stock/decrease] [127.0.0.1] c.o.s.s.e.controller.BookController - [s1][BookController] 재고 감소 요청 - 도서 ID: 3, 감소 수량: 10
2026-04-29 12:07:42.250 [http-nio-8080-exec-4] DEBUG [164bd240] [PATCH] [/api/v1/books/3/stock/decrease] [127.0.0.1] c.o.s.s.e.service.BookService - 재고 감소 시작 - 도서 ID: 3, 감소 수량: 10
2026-04-29 12:07:42.251 [http-nio-8080-exec-4] DEBUG [164bd240] [PATCH] [/api/v1/books/3/stock/decrease] [127.0.0.1] org.hibernate.SQL - 
    select
        b1_0.book_id,
        b1_0.author,
        b1_0.available,
        b1_0.isbn,
        b1_0.publish_date,
        b1_0.publisher,
        b1_0.stock_quantity,
        b1_0.title 
    from
        tbl_book b1_0 
    where
        b1_0.book_id=?
2026-04-29 12:07:42.253 [http-nio-8080-exec-4] DEBUG [164bd240] [PATCH] [/api/v1/books/3/stock/decrease] [127.0.0.1] o.s.w.s.m.m.a.ExceptionHandlerExceptionResolver - Using @ExceptionHandler com.ohgiraffers.stability.section01.exception.handler.GlobalExceptionHandler#handleInsufficientStockException(InsufficientStockException, HttpServletRequest)
2026-04-29 12:07:42.253 [http-nio-8080-exec-4] WARN  [164bd240] [PATCH] [/api/v1/books/3/stock/decrease] [127.0.0.1] c.o.s.s.e.h.GlobalExceptionHandler - [s1][GlobalExceptionHandler] 재고 부족: 재고가 부족합니다. 도서: Clean Code 클린 코드, 요청 수량: 10, 현재 재고: 5
2026-04-29 12:07:42.254 [http-nio-8080-exec-4] DEBUG [164bd240] [PATCH] [/api/v1/books/3/stock/decrease] [127.0.0.1] o.s.w.s.m.m.a.HttpEntityMethodProcessor - Using 'application/json', given [*/*] and supported [application/json, application/*+json]
2026-04-29 12:07:42.254 [http-nio-8080-exec-4] DEBUG [164bd240] [PATCH] [/api/v1/books/3/stock/decrease] [127.0.0.1] o.s.w.s.m.m.a.HttpEntityMethodProcessor - Writing [ErrorResponse{errorCode='INSUFFICIENT_STOCK', message='재고가 부족합니다. 도서: Clean Code 클린 코드, 요청 수량: 10, 현 (truncated)...]
2026-04-29 12:07:42.256 [http-nio-8080-exec-4] WARN  [164bd240] [PATCH] [/api/v1/books/3/stock/decrease] [127.0.0.1] o.s.w.s.m.m.a.ExceptionHandlerExceptionResolver - Resolved [com.ohgiraffers.stability.section01.exception.exception.InsufficientStockException: 재고가 부족합니다. 도서: Clean Code 클린 코드, 요청 수량: 10, 현재 재고: 5]
2026-04-29 12:07:42.256 [http-nio-8080-exec-4] DEBUG [164bd240] [PATCH] [/api/v1/books/3/stock/decrease] [127.0.0.1] o.s.web.servlet.DispatcherServlet - Completed 400 BAD_REQUEST
2026-04-29 12:07:42.301 [http-nio-8080-exec-5] DEBUG [e05f9e25] [PATCH] [/api/v1/books/3/stock/decrease] [127.0.0.1] o.s.web.servlet.DispatcherServlet - PATCH "/api/v1/books/3/stock/decrease?quantity=3", parameters={masked}
2026-04-29 12:07:42.302 [http-nio-8080-exec-5] DEBUG [e05f9e25] [PATCH] [/api/v1/books/3/stock/decrease] [127.0.0.1] o.s.w.s.m.m.a.RequestMappingHandlerMapping - Mapped to com.ohgiraffers.stability.section01.exception.controller.BookController#decreaseStock(Long, int)
2026-04-29 12:07:42.302 [http-nio-8080-exec-5] INFO  [e05f9e25] [PATCH] [/api/v1/books/3/stock/decrease] [127.0.0.1] c.o.s.s.e.controller.BookController - [s1][BookController] 재고 감소 요청 - 도서 ID: 3, 감소 수량: 3
2026-04-29 12:07:42.303 [http-nio-8080-exec-5] DEBUG [e05f9e25] [PATCH] [/api/v1/books/3/stock/decrease] [127.0.0.1] c.o.s.s.e.service.BookService - 재고 감소 시작 - 도서 ID: 3, 감소 수량: 3
2026-04-29 12:07:42.303 [http-nio-8080-exec-5] DEBUG [e05f9e25] [PATCH] [/api/v1/books/3/stock/decrease] [127.0.0.1] org.hibernate.SQL - 
    select
        b1_0.book_id,
        b1_0.author,
        b1_0.available,
        b1_0.isbn,
        b1_0.publish_date,
        b1_0.publisher,
        b1_0.stock_quantity,
        b1_0.title 
    from
        tbl_book b1_0 
    where
        b1_0.book_id=?
2026-04-29 12:07:42.305 [http-nio-8080-exec-5] INFO  [e05f9e25] [PATCH] [/api/v1/books/3/stock/decrease] [127.0.0.1] c.o.s.s.e.service.BookService - [s1][BookService] 재고 감소 완료 - 도서 ID: 3, 현재 재고: 2
2026-04-29 12:07:42.305 [http-nio-8080-exec-5] DEBUG [e05f9e25] [PATCH] [/api/v1/books/3/stock/decrease] [127.0.0.1] org.hibernate.SQL - 
    update
        tbl_book 
    set
        author=?,
        available=?,
        isbn=?,
        publish_date=?,
        publisher=?,
        stock_quantity=?,
        title=? 
    where
        book_id=?
2026-04-29 12:07:42.307 [http-nio-8080-exec-5] INFO  [e05f9e25] [PATCH] [/api/v1/books/3/stock/decrease] [127.0.0.1] c.o.s.s.e.controller.BookController - [s1][BookController] 재고 감소 완료 - 도서 ID: 3, 현재 재고: 2
2026-04-29 12:07:42.307 [http-nio-8080-exec-5] DEBUG [e05f9e25] [PATCH] [/api/v1/books/3/stock/decrease] [127.0.0.1] o.s.w.s.m.m.a.HttpEntityMethodProcessor - Using 'application/json', given [*/*] and supported [application/json, application/*+json]
2026-04-29 12:07:42.307 [http-nio-8080-exec-5] DEBUG [e05f9e25] [PATCH] [/api/v1/books/3/stock/decrease] [127.0.0.1] o.s.w.s.m.m.a.HttpEntityMethodProcessor - Writing [BookDTO{bookId=3, isbn='9791162243685', title='Clean Code 클린 코드', author='로버트 C. 마틴', publisher='인사이 (truncated)...]
2026-04-29 12:07:42.309 [http-nio-8080-exec-5] DEBUG [e05f9e25] [PATCH] [/api/v1/books/3/stock/decrease] [127.0.0.1] o.s.web.servlet.DispatcherServlet - Completed 200 OK
2026-04-29 12:07:42.353 [http-nio-8080-exec-6] DEBUG [68905a40] [PATCH] [/api/v1/books/1/stock/increase] [127.0.0.1] o.s.web.servlet.DispatcherServlet - PATCH "/api/v1/books/1/stock/increase?quantity=-5", parameters={masked}
2026-04-29 12:07:42.354 [http-nio-8080-exec-6] DEBUG [68905a40] [PATCH] [/api/v1/books/1/stock/increase] [127.0.0.1] o.s.w.s.m.m.a.RequestMappingHandlerMapping - Mapped to com.ohgiraffers.stability.section01.exception.controller.BookController#increaseStock(Long, int)
2026-04-29 12:07:42.355 [http-nio-8080-exec-6] INFO  [68905a40] [PATCH] [/api/v1/books/1/stock/increase] [127.0.0.1] c.o.s.s.e.controller.BookController - [s1][BookController] 재고 증가 요청 - 도서 ID: 1, 증가 수량: -5
2026-04-29 12:07:42.355 [http-nio-8080-exec-6] DEBUG [68905a40] [PATCH] [/api/v1/books/1/stock/increase] [127.0.0.1] c.o.s.s.e.service.BookService - 재고 증가 시작 - 도서 ID: 1, 증가 수량: -5
2026-04-29 12:07:42.356 [http-nio-8080-exec-6] DEBUG [68905a40] [PATCH] [/api/v1/books/1/stock/increase] [127.0.0.1] org.hibernate.SQL - 
    select
        b1_0.book_id,
        b1_0.author,
        b1_0.available,
        b1_0.isbn,
        b1_0.publish_date,
        b1_0.publisher,
        b1_0.stock_quantity,
        b1_0.title 
    from
        tbl_book b1_0 
    where
        b1_0.book_id=?
2026-04-29 12:07:42.358 [http-nio-8080-exec-6] INFO  [68905a40] [PATCH] [/api/v1/books/1/stock/increase] [127.0.0.1] c.o.s.s.e.service.BookService - [s1][BookService] 재고 증가 완료 - 도서 ID: 1, 현재 재고: 2
2026-04-29 12:07:42.360 [http-nio-8080-exec-6] DEBUG [68905a40] [PATCH] [/api/v1/books/1/stock/increase] [127.0.0.1] org.hibernate.SQL - 
    update
        tbl_book 
    set
        author=?,
        available=?,
        isbn=?,
        publish_date=?,
        publisher=?,
        stock_quantity=?,
        title=? 
    where
        book_id=?
2026-04-29 12:07:42.361 [http-nio-8080-exec-6] INFO  [68905a40] [PATCH] [/api/v1/books/1/stock/increase] [127.0.0.1] c.o.s.s.e.controller.BookController - [s1][BookController] 재고 증가 완료 - 도서 ID: 1, 현재 재고: 2
2026-04-29 12:07:42.361 [http-nio-8080-exec-6] DEBUG [68905a40] [PATCH] [/api/v1/books/1/stock/increase] [127.0.0.1] o.s.w.s.m.m.a.HttpEntityMethodProcessor - Using 'application/json', given [*/*] and supported [application/json, application/*+json]
2026-04-29 12:07:42.361 [http-nio-8080-exec-6] DEBUG [68905a40] [PATCH] [/api/v1/books/1/stock/increase] [127.0.0.1] o.s.w.s.m.m.a.HttpEntityMethodProcessor - Writing [BookDTO{bookId=1, isbn='9781234567890', title='스프링 부트와 AWS로 혼자 구현하는 웹 서비스 (개정판)', author='이동욱', publ (truncated)...]
2026-04-29 12:07:42.363 [http-nio-8080-exec-6] DEBUG [68905a40] [PATCH] [/api/v1/books/1/stock/increase] [127.0.0.1] o.s.web.servlet.DispatcherServlet - Completed 200 OK
2026-04-29 12:07:42.412 [http-nio-8080-exec-3] DEBUG [083a2d54] [PATCH] [/api/v1/books/1/stock/decrease] [127.0.0.1] o.s.web.servlet.DispatcherServlet - PATCH "/api/v1/books/1/stock/decrease?quantity=-3", parameters={masked}
2026-04-29 12:07:42.413 [http-nio-8080-exec-3] DEBUG [083a2d54] [PATCH] [/api/v1/books/1/stock/decrease] [127.0.0.1] o.s.w.s.m.m.a.RequestMappingHandlerMapping - Mapped to com.ohgiraffers.stability.section01.exception.controller.BookController#decreaseStock(Long, int)
2026-04-29 12:07:42.413 [http-nio-8080-exec-3] INFO  [083a2d54] [PATCH] [/api/v1/books/1/stock/decrease] [127.0.0.1] c.o.s.s.e.controller.BookController - [s1][BookController] 재고 감소 요청 - 도서 ID: 1, 감소 수량: -3
2026-04-29 12:07:42.414 [http-nio-8080-exec-3] DEBUG [083a2d54] [PATCH] [/api/v1/books/1/stock/decrease] [127.0.0.1] c.o.s.s.e.service.BookService - 재고 감소 시작 - 도서 ID: 1, 감소 수량: -3
2026-04-29 12:07:42.414 [http-nio-8080-exec-3] DEBUG [083a2d54] [PATCH] [/api/v1/books/1/stock/decrease] [127.0.0.1] org.hibernate.SQL - 
    select
        b1_0.book_id,
        b1_0.author,
        b1_0.available,
        b1_0.isbn,
        b1_0.publish_date,
        b1_0.publisher,
        b1_0.stock_quantity,
        b1_0.title 
    from
        tbl_book b1_0 
    where
        b1_0.book_id=?
2026-04-29 12:07:42.416 [http-nio-8080-exec-3] INFO  [083a2d54] [PATCH] [/api/v1/books/1/stock/decrease] [127.0.0.1] c.o.s.s.e.service.BookService - [s1][BookService] 재고 감소 완료 - 도서 ID: 1, 현재 재고: 5
2026-04-29 12:07:42.418 [http-nio-8080-exec-3] DEBUG [083a2d54] [PATCH] [/api/v1/books/1/stock/decrease] [127.0.0.1] org.hibernate.SQL - 
    update
        tbl_book 
    set
        author=?,
        available=?,
        isbn=?,
        publish_date=?,
        publisher=?,
        stock_quantity=?,
        title=? 
    where
        book_id=?
2026-04-29 12:07:42.419 [http-nio-8080-exec-3] INFO  [083a2d54] [PATCH] [/api/v1/books/1/stock/decrease] [127.0.0.1] c.o.s.s.e.controller.BookController - [s1][BookController] 재고 감소 완료 - 도서 ID: 1, 현재 재고: 5
2026-04-29 12:07:42.419 [http-nio-8080-exec-3] DEBUG [083a2d54] [PATCH] [/api/v1/books/1/stock/decrease] [127.0.0.1] o.s.w.s.m.m.a.HttpEntityMethodProcessor - Using 'application/json', given [*/*] and supported [application/json, application/*+json]
2026-04-29 12:07:42.419 [http-nio-8080-exec-3] DEBUG [083a2d54] [PATCH] [/api/v1/books/1/stock/decrease] [127.0.0.1] o.s.w.s.m.m.a.HttpEntityMethodProcessor - Writing [BookDTO{bookId=1, isbn='9781234567890', title='스프링 부트와 AWS로 혼자 구현하는 웹 서비스 (개정판)', author='이동욱', publ (truncated)...]
2026-04-29 12:07:42.421 [http-nio-8080-exec-3] DEBUG [083a2d54] [PATCH] [/api/v1/books/1/stock/decrease] [127.0.0.1] o.s.web.servlet.DispatcherServlet - Completed 200 OK
2026-04-29 12:07:42.465 [http-nio-8080-exec-8] DEBUG [758ac1b4] [POST] [/api/v1/books] [127.0.0.1] o.s.web.servlet.DispatcherServlet - POST "/api/v1/books", parameters={}
2026-04-29 12:07:42.466 [http-nio-8080-exec-8] DEBUG [758ac1b4] [POST] [/api/v1/books] [127.0.0.1] o.s.w.s.m.m.a.RequestMappingHandlerMapping - Mapped to com.ohgiraffers.stability.section01.exception.controller.BookController#registerBook(BookDTO)
2026-04-29 12:07:42.471 [http-nio-8080-exec-8] DEBUG [758ac1b4] [POST] [/api/v1/books] [127.0.0.1] o.s.web.method.HandlerMethod - Could not resolve parameter [0] in public org.springframework.http.ResponseEntity<com.ohgiraffers.stability.section01.exception.dto.BookDTO> com.ohgiraffers.stability.section01.exception.controller.BookController.registerBook(com.ohgiraffers.stability.section01.exception.dto.BookDTO): JSON parse error: Cannot deserialize value of type `java.time.LocalDate` from String "잘못된 날짜 형식": Failed to deserialize java.time.LocalDate: (java.time.format.DateTimeParseException) Text '잘못된 날짜 형식' could not be parsed at index 0
2026-04-29 12:07:42.472 [http-nio-8080-exec-8] DEBUG [758ac1b4] [POST] [/api/v1/books] [127.0.0.1] o.s.w.s.m.m.a.ExceptionHandlerExceptionResolver - Using @ExceptionHandler com.ohgiraffers.stability.section01.exception.handler.GlobalExceptionHandler#handleGenericException(Exception, HttpServletRequest)
2026-04-29 12:07:42.472 [http-nio-8080-exec-8] ERROR [758ac1b4] [POST] [/api/v1/books] [127.0.0.1] c.o.s.s.e.h.GlobalExceptionHandler - [s1][GlobalExceptionHandler] 예상하지 못한 오류 발생
org.springframework.http.converter.HttpMessageNotReadableException: JSON parse error: Cannot deserialize value of type `java.time.LocalDate` from String "잘못된 날짜 형식": Failed to deserialize java.time.LocalDate: (java.time.format.DateTimeParseException) Text '잘못된 날짜 형식' could not be parsed at index 0
	at org.springframework.http.converter.json.AbstractJackson2HttpMessageConverter.readJavaType(AbstractJackson2HttpMessageConverter.java:408)
	at org.springframework.http.converter.json.AbstractJackson2HttpMessageConverter.read(AbstractJackson2HttpMessageConverter.java:356)
	at org.springframework.web.servlet.mvc.method.annotation.AbstractMessageConverterMethodArgumentResolver.readWithMessageConverters(AbstractMessageConverterMethodArgumentResolver.java:204)
	at org.springframework.web.servlet.mvc.method.annotation.RequestResponseBodyMethodProcessor.readWithMessageConverters(RequestResponseBodyMethodProcessor.java:176)
	at org.springframework.web.servlet.mvc.method.annotation.RequestResponseBodyMethodProcessor.resolveArgument(RequestResponseBodyMethodProcessor.java:150)
	at org.springframework.web.method.support.HandlerMethodArgumentResolverComposite.resolveArgument(HandlerMethodArgumentResolverComposite.java:122)
	at org.springframework.web.method.support.InvocableHandlerMethod.getMethodArgumentValues(InvocableHandlerMethod.java:227)
	at org.springframework.web.method.support.InvocableHandlerMethod.invokeForRequest(InvocableHandlerMethod.java:181)
	at org.springframework.web.servlet.mvc.method.annotation.ServletInvocableHandlerMethod.invokeAndHandle(ServletInvocableHandlerMethod.java:118)
	at org.springframework.web.servlet.mvc.method.annotation.RequestMappingHandlerAdapter.invokeHandlerMethod(RequestMappingHandlerAdapter.java:991)
	at org.springframework.web.servlet.mvc.method.annotation.RequestMappingHandlerAdapter.handleInternal(RequestMappingHandlerAdapter.java:896)
	at org.springframework.web.servlet.mvc.method.AbstractHandlerMethodAdapter.handle(AbstractHandlerMethodAdapter.java:87)
	at org.springframework.web.servlet.DispatcherServlet.doDispatch(DispatcherServlet.java:1089)
	at org.springframework.web.servlet.DispatcherServlet.doService(DispatcherServlet.java:979)
	at org.springframework.web.servlet.FrameworkServlet.processRequest(FrameworkServlet.java:1014)
	at org.springframework.web.servlet.FrameworkServlet.doPost(FrameworkServlet.java:914)
	at jakarta.servlet.http.HttpServlet.service(HttpServlet.java:590)
	at org.springframework.web.servlet.FrameworkServlet.service(FrameworkServlet.java:885)
	at jakarta.servlet.http.HttpServlet.service(HttpServlet.java:658)
	at org.apache.catalina.core.ApplicationFilterChain.internalDoFilter(ApplicationFilterChain.java:193)
	at org.apache.catalina.core.ApplicationFilterChain.doFilter(ApplicationFilterChain.java:138)
	at org.apache.tomcat.websocket.server.WsFilter.doFilter(WsFilter.java:51)
	at org.apache.catalina.core.ApplicationFilterChain.internalDoFilter(ApplicationFilterChain.java:162)
	at org.apache.catalina.core.ApplicationFilterChain.doFilter(ApplicationFilterChain.java:138)
	at com.ohgiraffers.stability.section02.logging.config.LoggingConfig$1.doFilterInternal(LoggingConfig.java:78)
	at org.springframework.web.filter.OncePerRequestFilter.doFilter(OncePerRequestFilter.java:116)
	at org.apache.catalina.core.ApplicationFilterChain.internalDoFilter(ApplicationFilterChain.java:162)
	at org.apache.catalina.core.ApplicationFilterChain.doFilter(ApplicationFilterChain.java:138)
	at org.springframework.web.filter.RequestContextFilter.doFilterInternal(RequestContextFilter.java:100)
	at org.springframework.web.filter.OncePerRequestFilter.doFilter(OncePerRequestFilter.java:116)
	at org.apache.catalina.core.ApplicationFilterChain.internalDoFilter(ApplicationFilterChain.java:162)
	at org.apache.catalina.core.ApplicationFilterChain.doFilter(ApplicationFilterChain.java:138)
	at org.springframework.web.filter.FormContentFilter.doFilterInternal(FormContentFilter.java:93)
	at org.springframework.web.filter.OncePerRequestFilter.doFilter(OncePerRequestFilter.java:116)
	at org.apache.catalina.core.ApplicationFilterChain.internalDoFilter(ApplicationFilterChain.java:162)
	at org.apache.catalina.core.ApplicationFilterChain.doFilter(ApplicationFilterChain.java:138)
	at org.springframework.web.filter.CharacterEncodingFilter.doFilterInternal(CharacterEncodingFilter.java:201)
	at org.springframework.web.filter.OncePerRequestFilter.doFilter(OncePerRequestFilter.java:116)
	at org.apache.catalina.core.ApplicationFilterChain.internalDoFilter(ApplicationFilterChain.java:162)
	at org.apache.catalina.core.ApplicationFilterChain.doFilter(ApplicationFilterChain.java:138)
	at org.apache.catalina.core.StandardWrapperValve.invoke(StandardWrapperValve.java:165)
	at org.apache.catalina.core.StandardContextValve.invoke(StandardContextValve.java:88)
	at org.apache.catalina.authenticator.AuthenticatorBase.invoke(AuthenticatorBase.java:482)
	at org.apache.catalina.core.StandardHostValve.invoke(StandardHostValve.java:113)
	at org.apache.catalina.valves.ErrorReportValve.invoke(ErrorReportValve.java:83)
	at org.apache.catalina.core.StandardEngineValve.invoke(StandardEngineValve.java:72)
	at org.apache.catalina.connector.CoyoteAdapter.service(CoyoteAdapter.java:342)
	at org.apache.coyote.http11.Http11Processor.service(Http11Processor.java:399)
	at org.apache.coyote.AbstractProcessorLight.process(AbstractProcessorLight.java:63)
	at org.apache.coyote.AbstractProtocol$ConnectionHandler.process(AbstractProtocol.java:903)
	at org.apache.tomcat.util.net.NioEndpoint$SocketProcessor.doRun(NioEndpoint.java:1774)
	at org.apache.tomcat.util.net.SocketProcessorBase.run(SocketProcessorBase.java:52)
	at org.apache.tomcat.util.threads.ThreadPoolExecutor.runWorker(ThreadPoolExecutor.java:973)
	at org.apache.tomcat.util.threads.ThreadPoolExecutor$Worker.run(ThreadPoolExecutor.java:491)
	at org.apache.tomcat.util.threads.TaskThread$WrappingRunnable.run(TaskThread.java:63)
	at java.base/java.lang.Thread.run(Thread.java:840)
Caused by: com.fasterxml.jackson.databind.exc.InvalidFormatException: Cannot deserialize value of type `java.time.LocalDate` from String "잘못된 날짜 형식": Failed to deserialize java.time.LocalDate: (java.time.format.DateTimeParseException) Text '잘못된 날짜 형식' could not be parsed at index 0
 at [Source: REDACTED (`StreamReadFeature.INCLUDE_SOURCE_IN_LOCATION` disabled); line: 6, column: 18] (through reference chain: com.ohgiraffers.stability.section01.exception.dto.BookDTO["publishDate"])
	at com.fasterxml.jackson.databind.exc.InvalidFormatException.from(InvalidFormatException.java:67)
	at com.fasterxml.jackson.databind.DeserializationContext.weirdStringException(DeserializationContext.java:1959)
	at com.fasterxml.jackson.databind.DeserializationContext.handleWeirdStringValue(DeserializationContext.java:1245)
	at com.fasterxml.jackson.datatype.jsr310.deser.JSR310DeserializerBase._handleDateTimeException(JSR310DeserializerBase.java:176)
	at com.fasterxml.jackson.datatype.jsr310.deser.LocalDateDeserializer._fromString(LocalDateDeserializer.java:178)
	at com.fasterxml.jackson.datatype.jsr310.deser.LocalDateDeserializer.deserialize(LocalDateDeserializer.java:91)
	at com.fasterxml.jackson.datatype.jsr310.deser.LocalDateDeserializer.deserialize(LocalDateDeserializer.java:37)
	at com.fasterxml.jackson.databind.deser.impl.MethodProperty.deserializeAndSet(MethodProperty.java:129)
	at com.fasterxml.jackson.databind.deser.BeanDeserializer.deserializeFromObject(BeanDeserializer.java:399)
	at com.fasterxml.jackson.databind.deser.BeanDeserializer.deserialize(BeanDeserializer.java:185)
	at com.fasterxml.jackson.databind.deser.DefaultDeserializationContext.readRootValue(DefaultDeserializationContext.java:342)
	at com.fasterxml.jackson.databind.ObjectReader._bindAndClose(ObjectReader.java:2131)
	at com.fasterxml.jackson.databind.ObjectReader.readValue(ObjectReader.java:1501)
	at org.springframework.http.converter.json.AbstractJackson2HttpMessageConverter.readJavaType(AbstractJackson2HttpMessageConverter.java:397)
	... 55 common frames omitted
Caused by: java.time.format.DateTimeParseException: Text '잘못된 날짜 형식' could not be parsed at index 0
	at java.base/java.time.format.DateTimeFormatter.parseResolved0(DateTimeFormatter.java:2052)
	at java.base/java.time.format.DateTimeFormatter.parse(DateTimeFormatter.java:1954)
	at java.base/java.time.LocalDate.parse(LocalDate.java:430)
	at com.fasterxml.jackson.datatype.jsr310.deser.LocalDateDeserializer._fromString(LocalDateDeserializer.java:176)
	... 64 common frames omitted
2026-04-29 12:07:42.474 [http-nio-8080-exec-8] DEBUG [758ac1b4] [POST] [/api/v1/books] [127.0.0.1] o.s.w.s.m.m.a.HttpEntityMethodProcessor - Using 'application/json', given [*/*] and supported [application/json, application/*+json]
2026-04-29 12:07:42.474 [http-nio-8080-exec-8] DEBUG [758ac1b4] [POST] [/api/v1/books] [127.0.0.1] o.s.w.s.m.m.a.HttpEntityMethodProcessor - Writing [ErrorResponse{errorCode='INTERNAL_SERVER_ERROR', message='서버 내부 오류가 발생했습니다.', timestamp=2026-04-29T1 (truncated)...]
2026-04-29 12:07:42.474 [http-nio-8080-exec-8] WARN  [758ac1b4] [POST] [/api/v1/books] [127.0.0.1] o.s.w.s.m.m.a.ExceptionHandlerExceptionResolver - Resolved [org.springframework.http.converter.HttpMessageNotReadableException: JSON parse error: Cannot deserialize value of type `java.time.LocalDate` from String "잘못된 날짜 형식": Failed to deserialize java.time.LocalDate: (java.time.format.DateTimeParseException) Text '잘못된 날짜 형식' could not be parsed at index 0]
2026-04-29 12:07:42.475 [http-nio-8080-exec-8] DEBUG [758ac1b4] [POST] [/api/v1/books] [127.0.0.1] o.s.web.servlet.DispatcherServlet - Completed 500 INTERNAL_SERVER_ERROR
2026-04-29 12:07:42.537 [http-nio-8080-exec-9] DEBUG [857741aa] [POST] [/api/v1/books] [127.0.0.1] o.s.web.servlet.DispatcherServlet - POST "/api/v1/books", parameters={}
2026-04-29 12:07:42.538 [http-nio-8080-exec-9] DEBUG [857741aa] [POST] [/api/v1/books] [127.0.0.1] o.s.w.s.m.m.a.RequestMappingHandlerMapping - Mapped to com.ohgiraffers.stability.section01.exception.controller.BookController#registerBook(BookDTO)
2026-04-29 12:07:42.538 [http-nio-8080-exec-9] DEBUG [857741aa] [POST] [/api/v1/books] [127.0.0.1] o.s.w.s.m.m.a.RequestResponseBodyMethodProcessor - Read "application/json;charset=UTF-8" to [BookDTO{bookId=null, isbn='null', title='제목만 있는 도서', author='null', publisher='null', publishDate=nu (truncated)...]
2026-04-29 12:07:42.539 [http-nio-8080-exec-9] INFO  [857741aa] [POST] [/api/v1/books] [127.0.0.1] c.o.s.s.e.controller.BookController - [s1][BookController] 도서 등록 요청 - ISBN: null, 제목: 제목만 있는 도서
2026-04-29 12:07:42.539 [http-nio-8080-exec-9] DEBUG [857741aa] [POST] [/api/v1/books] [127.0.0.1] c.o.s.s.e.service.BookService - 도서 등록 시작 - ISBN: null, 제목: 제목만 있는 도서
2026-04-29 12:07:42.543 [http-nio-8080-exec-9] DEBUG [857741aa] [POST] [/api/v1/books] [127.0.0.1] org.hibernate.SQL - 
    select
        b1_0.book_id 
    from
        tbl_book b1_0 
    where
        b1_0.isbn is null 
    fetch
        first ? rows only
2026-04-29 12:07:42.546 [http-nio-8080-exec-9] DEBUG [857741aa] [POST] [/api/v1/books] [127.0.0.1] org.hibernate.SQL - 
    insert 
    into
        tbl_book
        (author, available, isbn, publish_date, publisher, stock_quantity, title, book_id) 
    values
        (?, ?, ?, ?, ?, ?, ?, default)
2026-04-29 12:07:42.548 [http-nio-8080-exec-9] WARN  [857741aa] [POST] [/api/v1/books] [127.0.0.1] o.h.e.jdbc.spi.SqlExceptionHelper - SQL Error: 23502, SQLState: 23502
2026-04-29 12:07:42.548 [http-nio-8080-exec-9] ERROR [857741aa] [POST] [/api/v1/books] [127.0.0.1] o.h.e.jdbc.spi.SqlExceptionHelper - NULL not allowed for column "PUBLISH_DATE"; SQL statement:
insert into tbl_book (author,available,isbn,publish_date,publisher,stock_quantity,title,book_id) values (?,?,?,?,?,?,?,default) [23502-232]
2026-04-29 12:07:42.561 [http-nio-8080-exec-9] DEBUG [857741aa] [POST] [/api/v1/books] [127.0.0.1] o.s.w.s.m.m.a.ExceptionHandlerExceptionResolver - Using @ExceptionHandler com.ohgiraffers.stability.section01.exception.handler.GlobalExceptionHandler#handleGenericException(Exception, HttpServletRequest)
2026-04-29 12:07:42.562 [http-nio-8080-exec-9] ERROR [857741aa] [POST] [/api/v1/books] [127.0.0.1] c.o.s.s.e.h.GlobalExceptionHandler - [s1][GlobalExceptionHandler] 예상하지 못한 오류 발생
org.springframework.dao.DataIntegrityViolationException: could not execute statement [NULL not allowed for column "PUBLISH_DATE"; SQL statement:
insert into tbl_book (author,available,isbn,publish_date,publisher,stock_quantity,title,book_id) values (?,?,?,?,?,?,?,default) [23502-232]] [insert into tbl_book (author,available,isbn,publish_date,publisher,stock_quantity,title,book_id) values (?,?,?,?,?,?,?,default)]; SQL [insert into tbl_book (author,available,isbn,publish_date,publisher,stock_quantity,title,book_id) values (?,?,?,?,?,?,?,default)]; constraint [null]
	at org.springframework.orm.jpa.vendor.HibernateJpaDialect.convertHibernateAccessException(HibernateJpaDialect.java:294)
	at org.springframework.orm.jpa.vendor.HibernateJpaDialect.convertHibernateAccessException(HibernateJpaDialect.java:256)
	at org.springframework.orm.jpa.vendor.HibernateJpaDialect.translateExceptionIfPossible(HibernateJpaDialect.java:241)
	at org.springframework.orm.jpa.AbstractEntityManagerFactoryBean.translateExceptionIfPossible(AbstractEntityManagerFactoryBean.java:560)
	at org.springframework.dao.support.ChainedPersistenceExceptionTranslator.translateExceptionIfPossible(ChainedPersistenceExceptionTranslator.java:61)
	at org.springframework.dao.support.DataAccessUtils.translateIfNecessary(DataAccessUtils.java:343)
	at org.springframework.dao.support.PersistenceExceptionTranslationInterceptor.invoke(PersistenceExceptionTranslationInterceptor.java:160)
	at org.springframework.aop.framework.ReflectiveMethodInvocation.proceed(ReflectiveMethodInvocation.java:184)
	at org.springframework.data.jpa.repository.support.CrudMethodMetadataPostProcessor$CrudMethodMetadataPopulatingMethodInterceptor.invoke(CrudMethodMetadataPostProcessor.java:165)
	at org.springframework.aop.framework.ReflectiveMethodInvocation.proceed(ReflectiveMethodInvocation.java:184)
	at org.springframework.aop.framework.JdkDynamicAopProxy.invoke(JdkDynamicAopProxy.java:223)
	at jdk.proxy8/jdk.proxy8.$Proxy184.save(Unknown Source)
	at com.ohgiraffers.stability.section01.exception.service.BookService.registerBook(BookService.java:142)
	at java.base/jdk.internal.reflect.NativeMethodAccessorImpl.invoke0(Native Method)
	at java.base/jdk.internal.reflect.NativeMethodAccessorImpl.invoke(NativeMethodAccessorImpl.java:77)
	at java.base/jdk.internal.reflect.DelegatingMethodAccessorImpl.invoke(DelegatingMethodAccessorImpl.java:43)
	at java.base/java.lang.reflect.Method.invoke(Method.java:569)
	at org.springframework.aop.support.AopUtils.invokeJoinpointUsingReflection(AopUtils.java:360)
	at org.springframework.aop.framework.ReflectiveMethodInvocation.invokeJoinpoint(ReflectiveMethodInvocation.java:196)
	at org.springframework.aop.framework.ReflectiveMethodInvocation.proceed(ReflectiveMethodInvocation.java:163)
	at org.springframework.transaction.interceptor.TransactionAspectSupport.invokeWithinTransaction(TransactionAspectSupport.java:380)
	at org.springframework.transaction.interceptor.TransactionInterceptor.invoke(TransactionInterceptor.java:119)
	at org.springframework.aop.framework.ReflectiveMethodInvocation.proceed(ReflectiveMethodInvocation.java:184)
	at org.springframework.aop.framework.CglibAopProxy$DynamicAdvisedInterceptor.intercept(CglibAopProxy.java:728)
	at com.ohgiraffers.stability.section01.exception.service.BookService$$SpringCGLIB$$0.registerBook(<generated>)
	at com.ohgiraffers.stability.section01.exception.controller.BookController.registerBook(BookController.java:110)
	at java.base/jdk.internal.reflect.NativeMethodAccessorImpl.invoke0(Native Method)
	at java.base/jdk.internal.reflect.NativeMethodAccessorImpl.invoke(NativeMethodAccessorImpl.java:77)
	at java.base/jdk.internal.reflect.DelegatingMethodAccessorImpl.invoke(DelegatingMethodAccessorImpl.java:43)
	at java.base/java.lang.reflect.Method.invoke(Method.java:569)
	at org.springframework.web.method.support.InvocableHandlerMethod.doInvoke(InvocableHandlerMethod.java:258)
	at org.springframework.web.method.support.InvocableHandlerMethod.invokeForRequest(InvocableHandlerMethod.java:191)
	at org.springframework.web.servlet.mvc.method.annotation.ServletInvocableHandlerMethod.invokeAndHandle(ServletInvocableHandlerMethod.java:118)
	at org.springframework.web.servlet.mvc.method.annotation.RequestMappingHandlerAdapter.invokeHandlerMethod(RequestMappingHandlerAdapter.java:991)
	at org.springframework.web.servlet.mvc.method.annotation.RequestMappingHandlerAdapter.handleInternal(RequestMappingHandlerAdapter.java:896)
	at org.springframework.web.servlet.mvc.method.AbstractHandlerMethodAdapter.handle(AbstractHandlerMethodAdapter.java:87)
	at org.springframework.web.servlet.DispatcherServlet.doDispatch(DispatcherServlet.java:1089)
	at org.springframework.web.servlet.DispatcherServlet.doService(DispatcherServlet.java:979)
	at org.springframework.web.servlet.FrameworkServlet.processRequest(FrameworkServlet.java:1014)
	at org.springframework.web.servlet.FrameworkServlet.doPost(FrameworkServlet.java:914)
	at jakarta.servlet.http.HttpServlet.service(HttpServlet.java:590)
	at org.springframework.web.servlet.FrameworkServlet.service(FrameworkServlet.java:885)
	at jakarta.servlet.http.HttpServlet.service(HttpServlet.java:658)
	at org.apache.catalina.core.ApplicationFilterChain.internalDoFilter(ApplicationFilterChain.java:193)
	at org.apache.catalina.core.ApplicationFilterChain.doFilter(ApplicationFilterChain.java:138)
	at org.apache.tomcat.websocket.server.WsFilter.doFilter(WsFilter.java:51)
	at org.apache.catalina.core.ApplicationFilterChain.internalDoFilter(ApplicationFilterChain.java:162)
	at org.apache.catalina.core.ApplicationFilterChain.doFilter(ApplicationFilterChain.java:138)
	at com.ohgiraffers.stability.section02.logging.config.LoggingConfig$1.doFilterInternal(LoggingConfig.java:78)
	at org.springframework.web.filter.OncePerRequestFilter.doFilter(OncePerRequestFilter.java:116)
	at org.apache.catalina.core.ApplicationFilterChain.internalDoFilter(ApplicationFilterChain.java:162)
	at org.apache.catalina.core.ApplicationFilterChain.doFilter(ApplicationFilterChain.java:138)
	at org.springframework.web.filter.RequestContextFilter.doFilterInternal(RequestContextFilter.java:100)
	at org.springframework.web.filter.OncePerRequestFilter.doFilter(OncePerRequestFilter.java:116)
	at org.apache.catalina.core.ApplicationFilterChain.internalDoFilter(ApplicationFilterChain.java:162)
	at org.apache.catalina.core.ApplicationFilterChain.doFilter(ApplicationFilterChain.java:138)
	at org.springframework.web.filter.FormContentFilter.doFilterInternal(FormContentFilter.java:93)
	at org.springframework.web.filter.OncePerRequestFilter.doFilter(OncePerRequestFilter.java:116)
	at org.apache.catalina.core.ApplicationFilterChain.internalDoFilter(ApplicationFilterChain.java:162)
	at org.apache.catalina.core.ApplicationFilterChain.doFilter(ApplicationFilterChain.java:138)
	at org.springframework.web.filter.CharacterEncodingFilter.doFilterInternal(CharacterEncodingFilter.java:201)
	at org.springframework.web.filter.OncePerRequestFilter.doFilter(OncePerRequestFilter.java:116)
	at org.apache.catalina.core.ApplicationFilterChain.internalDoFilter(ApplicationFilterChain.java:162)
	at org.apache.catalina.core.ApplicationFilterChain.doFilter(ApplicationFilterChain.java:138)
	at org.apache.catalina.core.StandardWrapperValve.invoke(StandardWrapperValve.java:165)
	at org.apache.catalina.core.StandardContextValve.invoke(StandardContextValve.java:88)
	at org.apache.catalina.authenticator.AuthenticatorBase.invoke(AuthenticatorBase.java:482)
	at org.apache.catalina.core.StandardHostValve.invoke(StandardHostValve.java:113)
	at org.apache.catalina.valves.ErrorReportValve.invoke(ErrorReportValve.java:83)
	at org.apache.catalina.core.StandardEngineValve.invoke(StandardEngineValve.java:72)
	at org.apache.catalina.connector.CoyoteAdapter.service(CoyoteAdapter.java:342)
	at org.apache.coyote.http11.Http11Processor.service(Http11Processor.java:399)
	at org.apache.coyote.AbstractProcessorLight.process(AbstractProcessorLight.java:63)
	at org.apache.coyote.AbstractProtocol$ConnectionHandler.process(AbstractProtocol.java:903)
	at org.apache.tomcat.util.net.NioEndpoint$SocketProcessor.doRun(NioEndpoint.java:1774)
	at org.apache.tomcat.util.net.SocketProcessorBase.run(SocketProcessorBase.java:52)
	at org.apache.tomcat.util.threads.ThreadPoolExecutor.runWorker(ThreadPoolExecutor.java:973)
	at org.apache.tomcat.util.threads.ThreadPoolExecutor$Worker.run(ThreadPoolExecutor.java:491)
	at org.apache.tomcat.util.threads.TaskThread$WrappingRunnable.run(TaskThread.java:63)
	at java.base/java.lang.Thread.run(Thread.java:840)
Caused by: org.hibernate.exception.ConstraintViolationException: could not execute statement [NULL not allowed for column "PUBLISH_DATE"; SQL statement:
insert into tbl_book (author,available,isbn,publish_date,publisher,stock_quantity,title,book_id) values (?,?,?,?,?,?,?,default) [23502-232]] [insert into tbl_book (author,available,isbn,publish_date,publisher,stock_quantity,title,book_id) values (?,?,?,?,?,?,?,default)]
	at org.hibernate.exception.internal.SQLExceptionTypeDelegate.convert(SQLExceptionTypeDelegate.java:62)
	at org.hibernate.exception.internal.StandardSQLExceptionConverter.convert(StandardSQLExceptionConverter.java:58)
	at org.hibernate.engine.jdbc.spi.SqlExceptionHelper.convert(SqlExceptionHelper.java:108)
	at org.hibernate.engine.jdbc.internal.ResultSetReturnImpl.executeUpdate(ResultSetReturnImpl.java:197)
	at org.hibernate.id.insert.GetGeneratedKeysDelegate.performMutation(GetGeneratedKeysDelegate.java:116)
	at org.hibernate.engine.jdbc.mutation.internal.MutationExecutorSingleNonBatched.performNonBatchedOperations(MutationExecutorSingleNonBatched.java:47)
	at org.hibernate.engine.jdbc.mutation.internal.AbstractMutationExecutor.execute(AbstractMutationExecutor.java:55)
	at org.hibernate.persister.entity.mutation.InsertCoordinatorStandard.doStaticInserts(InsertCoordinatorStandard.java:194)
	at org.hibernate.persister.entity.mutation.InsertCoordinatorStandard.coordinateInsert(InsertCoordinatorStandard.java:132)
	at org.hibernate.persister.entity.mutation.InsertCoordinatorStandard.insert(InsertCoordinatorStandard.java:95)
	at org.hibernate.action.internal.EntityIdentityInsertAction.execute(EntityIdentityInsertAction.java:85)
	at org.hibernate.engine.spi.ActionQueue.execute(ActionQueue.java:682)
	at org.hibernate.engine.spi.ActionQueue.addResolvedEntityInsertAction(ActionQueue.java:293)
	at org.hibernate.engine.spi.ActionQueue.addInsertAction(ActionQueue.java:274)
	at org.hibernate.engine.spi.ActionQueue.addAction(ActionQueue.java:324)
	at org.hibernate.event.internal.AbstractSaveEventListener.addInsertAction(AbstractSaveEventListener.java:394)
	at org.hibernate.event.internal.AbstractSaveEventListener.performSaveOrReplicate(AbstractSaveEventListener.java:308)
	at org.hibernate.event.internal.AbstractSaveEventListener.performSave(AbstractSaveEventListener.java:224)
	at org.hibernate.event.internal.AbstractSaveEventListener.saveWithGeneratedId(AbstractSaveEventListener.java:136)
	at org.hibernate.event.internal.DefaultPersistEventListener.entityIsTransient(DefaultPersistEventListener.java:177)
	at org.hibernate.event.internal.DefaultPersistEventListener.persist(DefaultPersistEventListener.java:95)
	at org.hibernate.event.internal.DefaultPersistEventListener.onPersist(DefaultPersistEventListener.java:79)
	at org.hibernate.event.internal.DefaultPersistEventListener.onPersist(DefaultPersistEventListener.java:55)
	at org.hibernate.event.service.internal.EventListenerGroupImpl.fireEventOnEachListener(EventListenerGroupImpl.java:127)
	at org.hibernate.internal.SessionImpl.firePersist(SessionImpl.java:761)
	at org.hibernate.internal.SessionImpl.persist(SessionImpl.java:745)
	at java.base/jdk.internal.reflect.NativeMethodAccessorImpl.invoke0(Native Method)
	at java.base/jdk.internal.reflect.NativeMethodAccessorImpl.invoke(NativeMethodAccessorImpl.java:77)
	at java.base/jdk.internal.reflect.DelegatingMethodAccessorImpl.invoke(DelegatingMethodAccessorImpl.java:43)
	at java.base/java.lang.reflect.Method.invoke(Method.java:569)
	at org.springframework.orm.jpa.ExtendedEntityManagerCreator$ExtendedEntityManagerInvocationHandler.invoke(ExtendedEntityManagerCreator.java:364)
	at jdk.proxy8/jdk.proxy8.$Proxy182.persist(Unknown Source)
	at java.base/jdk.internal.reflect.NativeMethodAccessorImpl.invoke0(Native Method)
	at java.base/jdk.internal.reflect.NativeMethodAccessorImpl.invoke(NativeMethodAccessorImpl.java:77)
	at java.base/jdk.internal.reflect.DelegatingMethodAccessorImpl.invoke(DelegatingMethodAccessorImpl.java:43)
	at java.base/java.lang.reflect.Method.invoke(Method.java:569)
	at org.springframework.orm.jpa.SharedEntityManagerCreator$SharedEntityManagerInvocationHandler.invoke(SharedEntityManagerCreator.java:320)
	at jdk.proxy8/jdk.proxy8.$Proxy182.persist(Unknown Source)
	at org.springframework.data.jpa.repository.support.SimpleJpaRepository.save(SimpleJpaRepository.java:636)
	at java.base/jdk.internal.reflect.NativeMethodAccessorImpl.invoke0(Native Method)
	at java.base/jdk.internal.reflect.NativeMethodAccessorImpl.invoke(NativeMethodAccessorImpl.java:77)
	at java.base/jdk.internal.reflect.DelegatingMethodAccessorImpl.invoke(DelegatingMethodAccessorImpl.java:43)
	at java.base/java.lang.reflect.Method.invoke(Method.java:569)
	at org.springframework.aop.support.AopUtils.invokeJoinpointUsingReflection(AopUtils.java:360)
	at org.springframework.data.repository.core.support.RepositoryMethodInvoker$RepositoryFragmentMethodInvoker.lambda$new$0(RepositoryMethodInvoker.java:277)
	at org.springframework.data.repository.core.support.RepositoryMethodInvoker.doInvoke(RepositoryMethodInvoker.java:170)
	at org.springframework.data.repository.core.support.RepositoryMethodInvoker.invoke(RepositoryMethodInvoker.java:158)
	at org.springframework.data.repository.core.support.RepositoryComposition$RepositoryFragments.invoke(RepositoryComposition.java:515)
	at org.springframework.data.repository.core.support.RepositoryComposition.invoke(RepositoryComposition.java:284)
	at org.springframework.data.repository.core.support.RepositoryFactorySupport$ImplementationMethodExecutionInterceptor.invoke(RepositoryFactorySupport.java:731)
	at org.springframework.aop.framework.ReflectiveMethodInvocation.proceed(ReflectiveMethodInvocation.java:184)
	at org.springframework.data.repository.core.support.QueryExecutorMethodInterceptor.doInvoke(QueryExecutorMethodInterceptor.java:174)
	at org.springframework.data.repository.core.support.QueryExecutorMethodInterceptor.invoke(QueryExecutorMethodInterceptor.java:149)
	at org.springframework.aop.framework.ReflectiveMethodInvocation.proceed(ReflectiveMethodInvocation.java:184)
	at org.springframework.data.projection.DefaultMethodInvokingMethodInterceptor.invoke(DefaultMethodInvokingMethodInterceptor.java:69)
	at org.springframework.aop.framework.ReflectiveMethodInvocation.proceed(ReflectiveMethodInvocation.java:184)
	at org.springframework.transaction.interceptor.TransactionAspectSupport.invokeWithinTransaction(TransactionAspectSupport.java:380)
	at org.springframework.transaction.interceptor.TransactionInterceptor.invoke(TransactionInterceptor.java:119)
	at org.springframework.aop.framework.ReflectiveMethodInvocation.proceed(ReflectiveMethodInvocation.java:184)
	at org.springframework.dao.support.PersistenceExceptionTranslationInterceptor.invoke(PersistenceExceptionTranslationInterceptor.java:138)
	... 73 common frames omitted
Caused by: org.h2.jdbc.JdbcSQLIntegrityConstraintViolationException: NULL not allowed for column "PUBLISH_DATE"; SQL statement:
insert into tbl_book (author,available,isbn,publish_date,publisher,stock_quantity,title,book_id) values (?,?,?,?,?,?,?,default) [23502-232]
	at org.h2.message.DbException.getJdbcSQLException(DbException.java:520)
	at org.h2.message.DbException.getJdbcSQLException(DbException.java:489)
	at org.h2.message.DbException.get(DbException.java:223)
	at org.h2.message.DbException.get(DbException.java:199)
	at org.h2.table.Column.validateConvertUpdateSequence(Column.java:402)
	at org.h2.table.Table.convertInsertRow(Table.java:963)
	at org.h2.command.dml.Insert.insertRows(Insert.java:167)
	at org.h2.command.dml.Insert.update(Insert.java:135)
	at org.h2.command.CommandContainer.executeUpdateWithGeneratedKeys(CommandContainer.java:212)
	at org.h2.command.CommandContainer.update(CommandContainer.java:133)
	at org.h2.command.Command.executeUpdate(Command.java:304)
	at org.h2.command.Command.executeUpdate(Command.java:248)
	at org.h2.jdbc.JdbcPreparedStatement.executeUpdateInternal(JdbcPreparedStatement.java:213)
	at org.h2.jdbc.JdbcPreparedStatement.executeUpdate(JdbcPreparedStatement.java:172)
	at com.zaxxer.hikari.pool.ProxyPreparedStatement.executeUpdate(ProxyPreparedStatement.java:61)
	at com.zaxxer.hikari.pool.HikariProxyPreparedStatement.executeUpdate(HikariProxyPreparedStatement.java)
	at org.hibernate.engine.jdbc.internal.ResultSetReturnImpl.executeUpdate(ResultSetReturnImpl.java:194)
	... 129 common frames omitted
2026-04-29 12:07:42.564 [http-nio-8080-exec-9] DEBUG [857741aa] [POST] [/api/v1/books] [127.0.0.1] o.s.w.s.m.m.a.HttpEntityMethodProcessor - Using 'application/json', given [*/*] and supported [application/json, application/*+json]
2026-04-29 12:07:42.564 [http-nio-8080-exec-9] DEBUG [857741aa] [POST] [/api/v1/books] [127.0.0.1] o.s.w.s.m.m.a.HttpEntityMethodProcessor - Writing [ErrorResponse{errorCode='INTERNAL_SERVER_ERROR', message='서버 내부 오류가 발생했습니다.', timestamp=2026-04-29T1 (truncated)...]
2026-04-29 12:07:42.565 [http-nio-8080-exec-9] WARN  [857741aa] [POST] [/api/v1/books] [127.0.0.1] o.s.w.s.m.m.a.ExceptionHandlerExceptionResolver - Resolved [org.springframework.dao.DataIntegrityViolationException: could not execute statement [NULL not allowed for column "PUBLISH_DATE"; SQL statement:<EOL>insert into tbl_book (author,available,isbn,publish_date,publisher,stock_quantity,title,book_id) values (?,?,?,?,?,?,?,default) [23502-232]] [insert into tbl_book (author,available,isbn,publish_date,publisher,stock_quantity,title,book_id) values (?,?,?,?,?,?,?,default)]; SQL [insert into tbl_book (author,available,isbn,publish_date,publisher,stock_quantity,title,book_id) values (?,?,?,?,?,?,?,default)]; constraint [null]]
2026-04-29 12:07:42.566 [http-nio-8080-exec-9] DEBUG [857741aa] [POST] [/api/v1/books] [127.0.0.1] o.s.web.servlet.DispatcherServlet - Completed 500 INTERNAL_SERVER_ERROR
2026-04-29 12:07:42.642 [http-nio-8080-exec-10] DEBUG [5a5f011b] [DELETE] [/api/v1/books/2] [127.0.0.1] o.s.web.servlet.DispatcherServlet - DELETE "/api/v1/books/2", parameters={}
2026-04-29 12:07:42.642 [http-nio-8080-exec-10] DEBUG [5a5f011b] [DELETE] [/api/v1/books/2] [127.0.0.1] o.s.w.s.m.m.a.RequestMappingHandlerMapping - Mapped to com.ohgiraffers.stability.section01.exception.controller.BookController#deleteBook(Long)
2026-04-29 12:07:42.643 [http-nio-8080-exec-10] INFO  [5a5f011b] [DELETE] [/api/v1/books/2] [127.0.0.1] c.o.s.s.e.controller.BookController - [s1][BookController] 도서 삭제 요청 - ID: 2
2026-04-29 12:07:42.644 [http-nio-8080-exec-10] DEBUG [5a5f011b] [DELETE] [/api/v1/books/2] [127.0.0.1] c.o.s.s.e.service.BookService - 도서 삭제 시작 - ID: 2
2026-04-29 12:07:42.645 [http-nio-8080-exec-10] DEBUG [5a5f011b] [DELETE] [/api/v1/books/2] [127.0.0.1] org.hibernate.SQL - 
    select
        b1_0.book_id,
        b1_0.author,
        b1_0.available,
        b1_0.isbn,
        b1_0.publish_date,
        b1_0.publisher,
        b1_0.stock_quantity,
        b1_0.title 
    from
        tbl_book b1_0 
    where
        b1_0.book_id=?
2026-04-29 12:07:42.651 [http-nio-8080-exec-10] INFO  [5a5f011b] [DELETE] [/api/v1/books/2] [127.0.0.1] c.o.s.s.e.service.BookService - [s1][BookService] 도서 삭제 완료 - ID: 2, 제목: 스프링 부트와 AWS로 혼자 구현하는 웹 서비스
2026-04-29 12:07:42.653 [http-nio-8080-exec-10] DEBUG [5a5f011b] [DELETE] [/api/v1/books/2] [127.0.0.1] org.hibernate.SQL - 
    delete 
    from
        tbl_book 
    where
        book_id=?
2026-04-29 12:07:42.656 [http-nio-8080-exec-10] INFO  [5a5f011b] [DELETE] [/api/v1/books/2] [127.0.0.1] c.o.s.s.e.controller.BookController - [s1][BookController] 도서 삭제 완료 - ID: 2
2026-04-29 12:07:42.658 [http-nio-8080-exec-10] DEBUG [5a5f011b] [DELETE] [/api/v1/books/2] [127.0.0.1] o.s.w.s.m.m.a.HttpEntityMethodProcessor - Using 'application/json', given [*/*] and supported [application/json, application/*+json]
2026-04-29 12:07:42.659 [http-nio-8080-exec-10] DEBUG [5a5f011b] [DELETE] [/api/v1/books/2] [127.0.0.1] o.s.w.s.m.m.a.HttpEntityMethodProcessor - Nothing to write: null body
2026-04-29 12:07:42.659 [http-nio-8080-exec-10] DEBUG [5a5f011b] [DELETE] [/api/v1/books/2] [127.0.0.1] o.s.web.servlet.DispatcherServlet - Completed 204 NO_CONTENT
2026-04-29 12:07:42.705 [http-nio-8080-exec-1] DEBUG [34bf953a] [GET] [/api/v1/books/2] [127.0.0.1] o.s.web.servlet.DispatcherServlet - GET "/api/v1/books/2", parameters={}
2026-04-29 12:07:42.706 [http-nio-8080-exec-1] DEBUG [34bf953a] [GET] [/api/v1/books/2] [127.0.0.1] o.s.w.s.m.m.a.RequestMappingHandlerMapping - Mapped to com.ohgiraffers.stability.section01.exception.controller.BookController#getBookById(Long)
2026-04-29 12:07:42.706 [http-nio-8080-exec-1] INFO  [34bf953a] [GET] [/api/v1/books/2] [127.0.0.1] c.o.s.s.e.controller.BookController - [s1][BookController] 도서 조회 요청 - ID: 2
2026-04-29 12:07:42.707 [http-nio-8080-exec-1] DEBUG [34bf953a] [GET] [/api/v1/books/2] [127.0.0.1] c.o.s.s.e.service.BookService - 도서 조회 시작 - ID: 2
2026-04-29 12:07:42.709 [http-nio-8080-exec-1] DEBUG [34bf953a] [GET] [/api/v1/books/2] [127.0.0.1] org.hibernate.SQL - 
    select
        b1_0.book_id,
        b1_0.author,
        b1_0.available,
        b1_0.isbn,
        b1_0.publish_date,
        b1_0.publisher,
        b1_0.stock_quantity,
        b1_0.title 
    from
        tbl_book b1_0 
    where
        b1_0.book_id=?
2026-04-29 12:07:42.710 [http-nio-8080-exec-1] ERROR [34bf953a] [GET] [/api/v1/books/2] [127.0.0.1] c.o.s.s.e.service.BookService - 도서 조회 실패 - ID: 2: 해당 ID의 도서를 찾을 수 없습니다: 2
2026-04-29 12:07:42.711 [http-nio-8080-exec-1] DEBUG [34bf953a] [GET] [/api/v1/books/2] [127.0.0.1] o.s.w.s.m.m.a.ExceptionHandlerExceptionResolver - Using @ExceptionHandler com.ohgiraffers.stability.section01.exception.handler.GlobalExceptionHandler#handleBookNotFoundException(BookNotFoundException, HttpServletRequest)
2026-04-29 12:07:42.712 [http-nio-8080-exec-1] WARN  [34bf953a] [GET] [/api/v1/books/2] [127.0.0.1] c.o.s.s.e.h.GlobalExceptionHandler - [s1][GlobalExceptionHandler] 도서 조회 실패: 해당 ID의 도서를 찾을 수 없습니다: 2
2026-04-29 12:07:42.713 [http-nio-8080-exec-1] DEBUG [34bf953a] [GET] [/api/v1/books/2] [127.0.0.1] o.s.w.s.m.m.a.HttpEntityMethodProcessor - Using 'application/json', given [*/*] and supported [application/json, application/*+json]
2026-04-29 12:07:42.713 [http-nio-8080-exec-1] DEBUG [34bf953a] [GET] [/api/v1/books/2] [127.0.0.1] o.s.w.s.m.m.a.HttpEntityMethodProcessor - Writing [ErrorResponse{errorCode='BOOK_NOT_FOUND_BY_ID', message='해당 ID의 도서를 찾을 수 없습니다: 2', timestamp=2026-04 (truncated)...]
2026-04-29 12:07:42.713 [http-nio-8080-exec-1] WARN  [34bf953a] [GET] [/api/v1/books/2] [127.0.0.1] o.s.w.s.m.m.a.ExceptionHandlerExceptionResolver - Resolved [com.ohgiraffers.stability.section01.exception.exception.BookNotFoundException: 해당 ID의 도서를 찾을 수 없습니다: 2]
2026-04-29 12:07:42.714 [http-nio-8080-exec-1] DEBUG [34bf953a] [GET] [/api/v1/books/2] [127.0.0.1] o.s.web.servlet.DispatcherServlet - Completed 404 NOT_FOUND
2026-04-29 12:07:42.756 [http-nio-8080-exec-2] DEBUG [7c325e54] [GET] [/api/v1/books] [127.0.0.1] o.s.web.servlet.DispatcherServlet - GET "/api/v1/books", parameters={}
2026-04-29 12:07:42.757 [http-nio-8080-exec-2] DEBUG [7c325e54] [GET] [/api/v1/books] [127.0.0.1] o.s.w.s.m.m.a.RequestMappingHandlerMapping - Mapped to com.ohgiraffers.stability.section01.exception.controller.BookController#getAllBooks()
2026-04-29 12:07:42.757 [http-nio-8080-exec-2] INFO  [7c325e54] [GET] [/api/v1/books] [127.0.0.1] c.o.s.s.e.controller.BookController - [s1][BookController] 전체 도서 목록 조회 요청
2026-04-29 12:07:42.758 [http-nio-8080-exec-2] DEBUG [7c325e54] [GET] [/api/v1/books] [127.0.0.1] c.o.s.s.e.service.BookService - 전체 도서 목록 조회 시작
2026-04-29 12:07:42.762 [http-nio-8080-exec-2] DEBUG [7c325e54] [GET] [/api/v1/books] [127.0.0.1] org.hibernate.SQL - 
    select
        b1_0.book_id,
        b1_0.author,
        b1_0.available,
        b1_0.isbn,
        b1_0.publish_date,
        b1_0.publisher,
        b1_0.stock_quantity,
        b1_0.title 
    from
        tbl_book b1_0
2026-04-29 12:07:42.764 [http-nio-8080-exec-2] DEBUG [7c325e54] [GET] [/api/v1/books] [127.0.0.1] c.o.s.s.e.service.BookService - 전체 도서 목록 조회 완료 - 총 3권
2026-04-29 12:07:42.765 [http-nio-8080-exec-2] DEBUG [7c325e54] [GET] [/api/v1/books] [127.0.0.1] c.o.s.s.e.service.BookService - 전체 도서 목록 조회 종료
2026-04-29 12:07:42.765 [http-nio-8080-exec-2] INFO  [7c325e54] [GET] [/api/v1/books] [127.0.0.1] c.o.s.s.e.controller.BookController - [s1][BookController] 전체 도서 목록 조회 완료 - 총 3권
2026-04-29 12:07:42.766 [http-nio-8080-exec-2] DEBUG [7c325e54] [GET] [/api/v1/books] [127.0.0.1] o.s.w.s.m.m.a.HttpEntityMethodProcessor - Using 'application/json', given [*/*] and supported [application/json, application/*+json]
2026-04-29 12:07:42.766 [http-nio-8080-exec-2] DEBUG [7c325e54] [GET] [/api/v1/books] [127.0.0.1] o.s.w.s.m.m.a.HttpEntityMethodProcessor - Writing [[BookDTO{bookId=1, isbn='9781234567890', title='스프링 부트와 AWS로 혼자 구현하는 웹 서비스 (개정판)', author='이동욱', pub (truncated)...]
2026-04-29 12:07:42.767 [http-nio-8080-exec-2] DEBUG [7c325e54] [GET] [/api/v1/books] [127.0.0.1] o.s.web.servlet.DispatcherServlet - Completed 200 OK
2026-04-29 12:16:18.545 [http-nio-8080-exec-4] DEBUG [d2e7de2b] [GET] [/api/v1/loans/status] [172.20.0.137] o.s.web.servlet.DispatcherServlet - GET "/api/v1/loans/status", parameters={}
2026-04-29 12:16:18.546 [http-nio-8080-exec-4] DEBUG [d2e7de2b] [GET] [/api/v1/loans/status] [172.20.0.137] o.s.w.s.m.m.a.RequestMappingHandlerMapping - Mapped to com.ohgiraffers.stability.section02.logging.controller.LoanController#getSystemStatus()
2026-04-29 12:16:18.551 [http-nio-8080-exec-4] INFO  [d2e7de2b] [GET] [/api/v1/loans/status] [172.20.0.137] c.o.s.s.l.controller.LoanController - [s2][LoanController] 대출 시스템 상태 확인 요청
2026-04-29 12:16:18.553 [http-nio-8080-exec-4] INFO  [d2e7de2b] [GET] [/api/v1/loans/status] [172.20.0.137] c.o.s.s.l.controller.LoanController - [s2][LoanController] 대출 시스템 상태 확인 완료 - 상태: HEALTHY
2026-04-29 12:16:18.561 [http-nio-8080-exec-4] DEBUG [d2e7de2b] [GET] [/api/v1/loans/status] [172.20.0.137] o.s.w.s.m.m.a.HttpEntityMethodProcessor - Using 'application/json', given [application/json] and supported [application/json, application/*+json]
2026-04-29 12:16:18.561 [http-nio-8080-exec-4] DEBUG [d2e7de2b] [GET] [/api/v1/loans/status] [172.20.0.137] o.s.w.s.m.m.a.HttpEntityMethodProcessor - Writing [{timestamp=2026-04-29T12:16:18.553340500, status=HEALTHY, message=대출 시스템이 정상적으로 동작 중입니다.}]
2026-04-29 12:16:18.564 [http-nio-8080-exec-4] DEBUG [d2e7de2b] [GET] [/api/v1/loans/status] [172.20.0.137] o.s.web.servlet.DispatcherServlet - Completed 200 OK
2026-04-29 12:20:27.160 [http-nio-8080-exec-9] DEBUG [1d5bf059] [GET] [/api/v1/loans/status] [172.20.0.137] o.s.web.servlet.DispatcherServlet - GET "/api/v1/loans/status", parameters={}
2026-04-29 12:20:27.160 [http-nio-8080-exec-9] DEBUG [1d5bf059] [GET] [/api/v1/loans/status] [172.20.0.137] o.s.w.s.m.m.a.RequestMappingHandlerMapping - Mapped to com.ohgiraffers.stability.section02.logging.controller.LoanController#getSystemStatus()
2026-04-29 12:20:27.161 [http-nio-8080-exec-9] INFO  [1d5bf059] [GET] [/api/v1/loans/status] [172.20.0.137] c.o.s.s.l.controller.LoanController - [s2][LoanController] 대출 시스템 상태 확인 요청
2026-04-29 12:20:27.161 [http-nio-8080-exec-9] INFO  [1d5bf059] [GET] [/api/v1/loans/status] [172.20.0.137] c.o.s.s.l.controller.LoanController - [s2][LoanController] 대출 시스템 상태 확인 완료 - 상태: HEALTHY
2026-04-29 12:20:27.164 [http-nio-8080-exec-9] DEBUG [1d5bf059] [GET] [/api/v1/loans/status] [172.20.0.137] o.s.w.s.m.m.a.HttpEntityMethodProcessor - Using 'application/json', given [application/json] and supported [application/json, application/*+json]
2026-04-29 12:20:27.164 [http-nio-8080-exec-9] DEBUG [1d5bf059] [GET] [/api/v1/loans/status] [172.20.0.137] o.s.w.s.m.m.a.HttpEntityMethodProcessor - Writing [{timestamp=2026-04-29T12:20:27.161734200, status=HEALTHY, message=대출 시스템이 정상적으로 동작 중입니다.}]
2026-04-29 12:20:27.165 [http-nio-8080-exec-9] DEBUG [1d5bf059] [GET] [/api/v1/loans/status] [172.20.0.137] o.s.web.servlet.DispatcherServlet - Completed 200 OK
2026-04-29 12:20:27.295 [http-nio-8080-exec-11] DEBUG [50f366d7] [POST] [/api/v1/books] [127.0.0.1] o.s.web.servlet.DispatcherServlet - POST "/api/v1/books", parameters={}
2026-04-29 12:20:27.296 [http-nio-8080-exec-11] DEBUG [50f366d7] [POST] [/api/v1/books] [127.0.0.1] o.s.w.s.m.m.a.RequestMappingHandlerMapping - Mapped to com.ohgiraffers.stability.section01.exception.controller.BookController#registerBook(BookDTO)
2026-04-29 12:20:27.297 [http-nio-8080-exec-11] DEBUG [50f366d7] [POST] [/api/v1/books] [127.0.0.1] o.s.w.s.m.m.a.RequestResponseBodyMethodProcessor - Read "application/json;charset=UTF-8" to [BookDTO{bookId=null, isbn='9781234567890', title='Spring Boot 완벽 가이드', author='김개발', publisher='테크출판 (truncated)...]
2026-04-29 12:20:27.297 [http-nio-8080-exec-11] INFO  [50f366d7] [POST] [/api/v1/books] [127.0.0.1] c.o.s.s.e.controller.BookController - [s1][BookController] 도서 등록 요청 - ISBN: 9781234567890, 제목: Spring Boot 완벽 가이드
2026-04-29 12:20:27.298 [http-nio-8080-exec-11] DEBUG [50f366d7] [POST] [/api/v1/books] [127.0.0.1] c.o.s.s.e.service.BookService - 도서 등록 시작 - ISBN: 9781234567890, 제목: Spring Boot 완벽 가이드
2026-04-29 12:20:27.300 [http-nio-8080-exec-11] DEBUG [50f366d7] [POST] [/api/v1/books] [127.0.0.1] org.hibernate.SQL - 
    select
        b1_0.book_id 
    from
        tbl_book b1_0 
    where
        b1_0.isbn=? 
    fetch
        first ? rows only
2026-04-29 12:20:27.304 [http-nio-8080-exec-11] DEBUG [50f366d7] [POST] [/api/v1/books] [127.0.0.1] o.s.w.s.m.m.a.ExceptionHandlerExceptionResolver - Using @ExceptionHandler com.ohgiraffers.stability.section01.exception.handler.GlobalExceptionHandler#handleDuplicateIsbnException(DuplicateIsbnException, HttpServletRequest)
2026-04-29 12:20:27.305 [http-nio-8080-exec-11] WARN  [50f366d7] [POST] [/api/v1/books] [127.0.0.1] c.o.s.s.e.h.GlobalExceptionHandler - [s1][GlobalExceptionHandler] 중복 ISBN 등록 시도: 이미 존재하는 ISBN입니다: 9781234567890
2026-04-29 12:20:27.305 [http-nio-8080-exec-11] DEBUG [50f366d7] [POST] [/api/v1/books] [127.0.0.1] o.s.w.s.m.m.a.HttpEntityMethodProcessor - Using 'application/json', given [*/*] and supported [application/json, application/*+json]
2026-04-29 12:20:27.305 [http-nio-8080-exec-11] DEBUG [50f366d7] [POST] [/api/v1/books] [127.0.0.1] o.s.w.s.m.m.a.HttpEntityMethodProcessor - Writing [ErrorResponse{errorCode='DUPLICATE_ISBN', message='이미 존재하는 ISBN입니다: 9781234567890', timestamp=2026-0 (truncated)...]
2026-04-29 12:20:27.306 [http-nio-8080-exec-11] WARN  [50f366d7] [POST] [/api/v1/books] [127.0.0.1] o.s.w.s.m.m.a.ExceptionHandlerExceptionResolver - Resolved [com.ohgiraffers.stability.section01.exception.exception.DuplicateIsbnException: 이미 존재하는 ISBN입니다: 9781234567890]
2026-04-29 12:20:27.306 [http-nio-8080-exec-11] DEBUG [50f366d7] [POST] [/api/v1/books] [127.0.0.1] o.s.web.servlet.DispatcherServlet - Completed 409 CONFLICT
2026-04-29 12:20:27.359 [http-nio-8080-exec-2] DEBUG [4f4bf857] [POST] [/api/v1/books] [127.0.0.1] o.s.web.servlet.DispatcherServlet - POST "/api/v1/books", parameters={}
2026-04-29 12:20:27.360 [http-nio-8080-exec-2] DEBUG [4f4bf857] [POST] [/api/v1/books] [127.0.0.1] o.s.w.s.m.m.a.RequestMappingHandlerMapping - Mapped to com.ohgiraffers.stability.section01.exception.controller.BookController#registerBook(BookDTO)
2026-04-29 12:20:27.361 [http-nio-8080-exec-2] DEBUG [4f4bf857] [POST] [/api/v1/books] [127.0.0.1] o.s.w.s.m.m.a.RequestResponseBodyMethodProcessor - Read "application/json;charset=UTF-8" to [BookDTO{bookId=null, isbn='9780987654321', title='Java 프로그래밍 입문', author='박자바', publisher='코딩출판사', p (truncated)...]
2026-04-29 12:20:27.362 [http-nio-8080-exec-2] INFO  [4f4bf857] [POST] [/api/v1/books] [127.0.0.1] c.o.s.s.e.controller.BookController - [s1][BookController] 도서 등록 요청 - ISBN: 9780987654321, 제목: Java 프로그래밍 입문
2026-04-29 12:20:27.363 [http-nio-8080-exec-2] DEBUG [4f4bf857] [POST] [/api/v1/books] [127.0.0.1] c.o.s.s.e.service.BookService - 도서 등록 시작 - ISBN: 9780987654321, 제목: Java 프로그래밍 입문
2026-04-29 12:20:27.365 [http-nio-8080-exec-2] DEBUG [4f4bf857] [POST] [/api/v1/books] [127.0.0.1] org.hibernate.SQL - 
    select
        b1_0.book_id 
    from
        tbl_book b1_0 
    where
        b1_0.isbn=? 
    fetch
        first ? rows only
2026-04-29 12:20:27.367 [http-nio-8080-exec-2] DEBUG [4f4bf857] [POST] [/api/v1/books] [127.0.0.1] org.hibernate.SQL - 
    insert 
    into
        tbl_book
        (author, available, isbn, publish_date, publisher, stock_quantity, title, book_id) 
    values
        (?, ?, ?, ?, ?, ?, ?, default)
2026-04-29 12:20:27.369 [http-nio-8080-exec-2] INFO  [4f4bf857] [POST] [/api/v1/books] [127.0.0.1] c.o.s.s.e.service.BookService - [s1][BookService] 도서 등록 완료 - ID: 5, 제목: Java 프로그래밍 입문
2026-04-29 12:20:27.370 [http-nio-8080-exec-2] INFO  [4f4bf857] [POST] [/api/v1/books] [127.0.0.1] c.o.s.s.e.controller.BookController - [s1][BookController] 도서 등록 완료 - ID: 5, 제목: Java 프로그래밍 입문
2026-04-29 12:20:27.370 [http-nio-8080-exec-2] DEBUG [4f4bf857] [POST] [/api/v1/books] [127.0.0.1] o.s.w.s.m.m.a.HttpEntityMethodProcessor - Using 'application/json', given [*/*] and supported [application/json, application/*+json]
2026-04-29 12:20:27.370 [http-nio-8080-exec-2] DEBUG [4f4bf857] [POST] [/api/v1/books] [127.0.0.1] o.s.w.s.m.m.a.HttpEntityMethodProcessor - Writing [BookDTO{bookId=5, isbn='9780987654321', title='Java 프로그래밍 입문', author='박자바', publisher='코딩출판사', publ (truncated)...]
2026-04-29 12:20:27.371 [http-nio-8080-exec-2] DEBUG [4f4bf857] [POST] [/api/v1/books] [127.0.0.1] o.s.web.servlet.DispatcherServlet - Completed 201 CREATED
2026-04-29 12:20:27.488 [http-nio-8080-exec-5] DEBUG [7679e611] [POST] [/api/v1/books] [127.0.0.1] o.s.web.servlet.DispatcherServlet - POST "/api/v1/books", parameters={}
2026-04-29 12:20:27.488 [http-nio-8080-exec-5] DEBUG [7679e611] [POST] [/api/v1/books] [127.0.0.1] o.s.w.s.m.m.a.RequestMappingHandlerMapping - Mapped to com.ohgiraffers.stability.section01.exception.controller.BookController#registerBook(BookDTO)
2026-04-29 12:20:27.489 [http-nio-8080-exec-5] DEBUG [7679e611] [POST] [/api/v1/books] [127.0.0.1] o.s.w.s.m.m.a.RequestResponseBodyMethodProcessor - Read "application/json;charset=UTF-8" to [BookDTO{bookId=null, isbn='9788966262281', title='Clean Code', author='로버트 마틴', publisher='인사이트', pu (truncated)...]
2026-04-29 12:20:27.489 [http-nio-8080-exec-5] INFO  [7679e611] [POST] [/api/v1/books] [127.0.0.1] c.o.s.s.e.controller.BookController - [s1][BookController] 도서 등록 요청 - ISBN: 9788966262281, 제목: Clean Code
2026-04-29 12:20:27.490 [http-nio-8080-exec-5] DEBUG [7679e611] [POST] [/api/v1/books] [127.0.0.1] c.o.s.s.e.service.BookService - 도서 등록 시작 - ISBN: 9788966262281, 제목: Clean Code
2026-04-29 12:20:27.493 [http-nio-8080-exec-5] DEBUG [7679e611] [POST] [/api/v1/books] [127.0.0.1] org.hibernate.SQL - 
    select
        b1_0.book_id 
    from
        tbl_book b1_0 
    where
        b1_0.isbn=? 
    fetch
        first ? rows only
2026-04-29 12:20:27.495 [http-nio-8080-exec-5] DEBUG [7679e611] [POST] [/api/v1/books] [127.0.0.1] org.hibernate.SQL - 
    insert 
    into
        tbl_book
        (author, available, isbn, publish_date, publisher, stock_quantity, title, book_id) 
    values
        (?, ?, ?, ?, ?, ?, ?, default)
2026-04-29 12:20:27.497 [http-nio-8080-exec-5] INFO  [7679e611] [POST] [/api/v1/books] [127.0.0.1] c.o.s.s.e.service.BookService - [s1][BookService] 도서 등록 완료 - ID: 6, 제목: Clean Code
2026-04-29 12:20:27.497 [http-nio-8080-exec-5] INFO  [7679e611] [POST] [/api/v1/books] [127.0.0.1] c.o.s.s.e.controller.BookController - [s1][BookController] 도서 등록 완료 - ID: 6, 제목: Clean Code
2026-04-29 12:20:27.497 [http-nio-8080-exec-5] DEBUG [7679e611] [POST] [/api/v1/books] [127.0.0.1] o.s.w.s.m.m.a.HttpEntityMethodProcessor - Using 'application/json', given [*/*] and supported [application/json, application/*+json]
2026-04-29 12:20:27.497 [http-nio-8080-exec-5] DEBUG [7679e611] [POST] [/api/v1/books] [127.0.0.1] o.s.w.s.m.m.a.HttpEntityMethodProcessor - Writing [BookDTO{bookId=6, isbn='9788966262281', title='Clean Code', author='로버트 마틴', publisher='인사이트', publi (truncated)...]
2026-04-29 12:20:27.498 [http-nio-8080-exec-5] DEBUG [7679e611] [POST] [/api/v1/books] [127.0.0.1] o.s.web.servlet.DispatcherServlet - Completed 201 CREATED
2026-04-29 12:20:27.570 [http-nio-8080-exec-10] DEBUG [ff11355a] [GET] [/api/v1/books] [127.0.0.1] o.s.web.servlet.DispatcherServlet - GET "/api/v1/books", parameters={}
2026-04-29 12:20:27.570 [http-nio-8080-exec-10] DEBUG [ff11355a] [GET] [/api/v1/books] [127.0.0.1] o.s.w.s.m.m.a.RequestMappingHandlerMapping - Mapped to com.ohgiraffers.stability.section01.exception.controller.BookController#getAllBooks()
2026-04-29 12:20:27.570 [http-nio-8080-exec-10] INFO  [ff11355a] [GET] [/api/v1/books] [127.0.0.1] c.o.s.s.e.controller.BookController - [s1][BookController] 전체 도서 목록 조회 요청
2026-04-29 12:20:27.570 [http-nio-8080-exec-10] DEBUG [ff11355a] [GET] [/api/v1/books] [127.0.0.1] c.o.s.s.e.service.BookService - 전체 도서 목록 조회 시작
2026-04-29 12:20:27.574 [http-nio-8080-exec-10] DEBUG [ff11355a] [GET] [/api/v1/books] [127.0.0.1] org.hibernate.SQL - 
    select
        b1_0.book_id,
        b1_0.author,
        b1_0.available,
        b1_0.isbn,
        b1_0.publish_date,
        b1_0.publisher,
        b1_0.stock_quantity,
        b1_0.title 
    from
        tbl_book b1_0
2026-04-29 12:20:27.576 [http-nio-8080-exec-10] DEBUG [ff11355a] [GET] [/api/v1/books] [127.0.0.1] c.o.s.s.e.service.BookService - 전체 도서 목록 조회 완료 - 총 5권
2026-04-29 12:20:27.576 [http-nio-8080-exec-10] DEBUG [ff11355a] [GET] [/api/v1/books] [127.0.0.1] c.o.s.s.e.service.BookService - 전체 도서 목록 조회 종료
2026-04-29 12:20:27.577 [http-nio-8080-exec-10] INFO  [ff11355a] [GET] [/api/v1/books] [127.0.0.1] c.o.s.s.e.controller.BookController - [s1][BookController] 전체 도서 목록 조회 완료 - 총 5권
2026-04-29 12:20:27.577 [http-nio-8080-exec-10] DEBUG [ff11355a] [GET] [/api/v1/books] [127.0.0.1] o.s.w.s.m.m.a.HttpEntityMethodProcessor - Using 'application/json', given [application/json] and supported [application/json, application/*+json]
2026-04-29 12:20:27.577 [http-nio-8080-exec-10] DEBUG [ff11355a] [GET] [/api/v1/books] [127.0.0.1] o.s.w.s.m.m.a.HttpEntityMethodProcessor - Writing [[BookDTO{bookId=1, isbn='9781234567890', title='스프링 부트와 AWS로 혼자 구현하는 웹 서비스 (개정판)', author='이동욱', pub (truncated)...]
2026-04-29 12:20:27.578 [http-nio-8080-exec-10] DEBUG [ff11355a] [GET] [/api/v1/books] [127.0.0.1] o.s.web.servlet.DispatcherServlet - Completed 200 OK
2026-04-29 12:20:27.645 [http-nio-8080-exec-6] DEBUG [2605f4a0] [POST] [/api/v1/loans] [127.0.0.1] o.s.web.servlet.DispatcherServlet - POST "/api/v1/loans?memberId=1&bookId=1", parameters={masked}
2026-04-29 12:20:27.646 [http-nio-8080-exec-6] DEBUG [2605f4a0] [POST] [/api/v1/loans] [127.0.0.1] o.s.w.s.m.m.a.RequestMappingHandlerMapping - Mapped to com.ohgiraffers.stability.section02.logging.controller.LoanController#createLoan(Long, Long)
2026-04-29 12:20:27.647 [http-nio-8080-exec-6] INFO  [2605f4a0] [POST] [/api/v1/loans] [127.0.0.1] c.o.s.s.l.controller.LoanController - [s2][LoanController] 대출 요청 접수 - 회원 ID: 1, 도서 ID: 1
2026-04-29 12:20:27.650 [http-nio-8080-exec-6] DEBUG [2605f4a0] [POST] [/api/v1/loans] [127.0.0.1] org.hibernate.SQL - 
    select
        m1_0.member_id,
        m1_0.active,
        m1_0.email,
        m1_0.join_date,
        m1_0.member_name,
        m1_0.phone 
    from
        tbl_member m1_0 
    where
        m1_0.member_id=?
2026-04-29 12:20:27.655 [http-nio-8080-exec-6] DEBUG [2605f4a0] [POST] [/api/v1/loans] [127.0.0.1] org.hibernate.SQL - 
    select
        b1_0.book_id,
        b1_0.author,
        b1_0.available,
        b1_0.isbn,
        b1_0.publish_date,
        b1_0.publisher,
        b1_0.stock_quantity,
        b1_0.title 
    from
        tbl_book b1_0 
    where
        b1_0.book_id=?
2026-04-29 12:20:27.681 [http-nio-8080-exec-6] DEBUG [2605f4a0] [POST] [/api/v1/loans] [127.0.0.1] org.hibernate.SQL - 
    select
        count(l1_0.loan_id) 
    from
        tbl_loan l1_0 
    where
        l1_0.member_id=? 
        and l1_0.status='ACTIVE'
2026-04-29 12:20:27.705 [http-nio-8080-exec-6] DEBUG [2605f4a0] [POST] [/api/v1/loans] [127.0.0.1] org.hibernate.SQL - 
    select
        count(l1_0.loan_id)>0 
    from
        tbl_loan l1_0 
    where
        l1_0.book_id=? 
        and l1_0.status='ACTIVE'
2026-04-29 12:20:27.709 [http-nio-8080-exec-6] DEBUG [2605f4a0] [POST] [/api/v1/loans] [127.0.0.1] org.hibernate.SQL - 
    insert 
    into
        tbl_loan
        (book_id, due_date, fine_amount, loan_date, member_id, overdue_days, return_date, status, loan_id) 
    values
        (?, ?, ?, ?, ?, ?, ?, ?, default)
2026-04-29 12:20:27.727 [http-nio-8080-exec-6] DEBUG [2605f4a0] [POST] [/api/v1/loans] [127.0.0.1] org.hibernate.SQL - 
    update
        tbl_book 
    set
        author=?,
        available=?,
        isbn=?,
        publish_date=?,
        publisher=?,
        stock_quantity=?,
        title=? 
    where
        book_id=?
2026-04-29 12:20:27.728 [http-nio-8080-exec-6] INFO  [2605f4a0] [POST] [/api/v1/loans] [127.0.0.1] c.o.s.s.l.controller.LoanController - [s2][LoanController] 대출 요청 처리 완료 - 대출 ID: 1
2026-04-29 12:20:27.737 [http-nio-8080-exec-6] DEBUG [2605f4a0] [POST] [/api/v1/loans] [127.0.0.1] o.s.w.s.m.m.a.HttpEntityMethodProcessor - Using 'application/json', given [application/json] and supported [application/json, application/*+json]
2026-04-29 12:20:27.737 [http-nio-8080-exec-6] DEBUG [2605f4a0] [POST] [/api/v1/loans] [127.0.0.1] o.s.w.s.m.m.a.HttpEntityMethodProcessor - Writing [LoanDTO{loanId=1, memberId=1, memberName='김도서', bookId=1, bookTitle='스프링 부트와 AWS로 혼자 구현하는 웹 서비스 (개정판 (truncated)...]
2026-04-29 12:20:27.739 [http-nio-8080-exec-6] DEBUG [2605f4a0] [POST] [/api/v1/loans] [127.0.0.1] o.s.web.servlet.DispatcherServlet - Completed 201 CREATED
2026-04-29 12:20:27.788 [http-nio-8080-exec-3] DEBUG [49ef91ea] [POST] [/api/v1/loans] [127.0.0.1] o.s.web.servlet.DispatcherServlet - POST "/api/v1/loans?memberId=1&bookId=2", parameters={masked}
2026-04-29 12:20:27.788 [http-nio-8080-exec-3] DEBUG [49ef91ea] [POST] [/api/v1/loans] [127.0.0.1] o.s.w.s.m.m.a.RequestMappingHandlerMapping - Mapped to com.ohgiraffers.stability.section02.logging.controller.LoanController#createLoan(Long, Long)
2026-04-29 12:20:27.789 [http-nio-8080-exec-3] INFO  [49ef91ea] [POST] [/api/v1/loans] [127.0.0.1] c.o.s.s.l.controller.LoanController - [s2][LoanController] 대출 요청 접수 - 회원 ID: 1, 도서 ID: 2
2026-04-29 12:20:27.791 [http-nio-8080-exec-3] DEBUG [49ef91ea] [POST] [/api/v1/loans] [127.0.0.1] org.hibernate.SQL - 
    select
        m1_0.member_id,
        m1_0.active,
        m1_0.email,
        m1_0.join_date,
        m1_0.member_name,
        m1_0.phone 
    from
        tbl_member m1_0 
    where
        m1_0.member_id=?
2026-04-29 12:20:27.792 [http-nio-8080-exec-3] DEBUG [49ef91ea] [POST] [/api/v1/loans] [127.0.0.1] org.hibernate.SQL - 
    select
        b1_0.book_id,
        b1_0.author,
        b1_0.available,
        b1_0.isbn,
        b1_0.publish_date,
        b1_0.publisher,
        b1_0.stock_quantity,
        b1_0.title 
    from
        tbl_book b1_0 
    where
        b1_0.book_id=?
2026-04-29 12:20:27.795 [http-nio-8080-exec-3] DEBUG [49ef91ea] [POST] [/api/v1/loans] [127.0.0.1] o.s.w.s.m.m.a.ExceptionHandlerExceptionResolver - Using @ExceptionHandler com.ohgiraffers.stability.section01.exception.handler.GlobalExceptionHandler#handleBookNotFoundException(BookNotFoundException, HttpServletRequest)
2026-04-29 12:20:27.795 [http-nio-8080-exec-3] WARN  [49ef91ea] [POST] [/api/v1/loans] [127.0.0.1] c.o.s.s.e.h.GlobalExceptionHandler - [s1][GlobalExceptionHandler] 도서 조회 실패: 해당 ID의 도서를 찾을 수 없습니다: 2
2026-04-29 12:20:27.795 [http-nio-8080-exec-3] DEBUG [49ef91ea] [POST] [/api/v1/loans] [127.0.0.1] o.s.w.s.m.m.a.HttpEntityMethodProcessor - Using 'application/json', given [application/json] and supported [application/json, application/*+json]
2026-04-29 12:20:27.795 [http-nio-8080-exec-3] DEBUG [49ef91ea] [POST] [/api/v1/loans] [127.0.0.1] o.s.w.s.m.m.a.HttpEntityMethodProcessor - Writing [ErrorResponse{errorCode='BOOK_NOT_FOUND_BY_ID', message='해당 ID의 도서를 찾을 수 없습니다: 2', timestamp=2026-04 (truncated)...]
2026-04-29 12:20:27.796 [http-nio-8080-exec-3] WARN  [49ef91ea] [POST] [/api/v1/loans] [127.0.0.1] o.s.w.s.m.m.a.ExceptionHandlerExceptionResolver - Resolved [com.ohgiraffers.stability.section01.exception.exception.BookNotFoundException: 해당 ID의 도서를 찾을 수 없습니다: 2]
2026-04-29 12:20:27.796 [http-nio-8080-exec-3] DEBUG [49ef91ea] [POST] [/api/v1/loans] [127.0.0.1] o.s.web.servlet.DispatcherServlet - Completed 404 NOT_FOUND
2026-04-29 12:20:27.865 [http-nio-8080-exec-8] DEBUG [ee78aeaa] [GET] [/api/v1/loans/member/1] [127.0.0.1] o.s.web.servlet.DispatcherServlet - GET "/api/v1/loans/member/1", parameters={}
2026-04-29 12:20:27.865 [http-nio-8080-exec-8] DEBUG [ee78aeaa] [GET] [/api/v1/loans/member/1] [127.0.0.1] o.s.w.s.m.m.a.RequestMappingHandlerMapping - Mapped to com.ohgiraffers.stability.section02.logging.controller.LoanController#getLoansByMember(Long)
2026-04-29 12:20:27.867 [http-nio-8080-exec-8] INFO  [ee78aeaa] [GET] [/api/v1/loans/member/1] [127.0.0.1] c.o.s.s.l.controller.LoanController - [s2][LoanController] 회원별 대출 목록 조회 요청 - 회원 ID: 1
2026-04-29 12:20:27.868 [http-nio-8080-exec-8] DEBUG [ee78aeaa] [GET] [/api/v1/loans/member/1] [127.0.0.1] org.hibernate.SQL - 
    select
        m1_0.member_id,
        m1_0.active,
        m1_0.email,
        m1_0.join_date,
        m1_0.member_name,
        m1_0.phone 
    from
        tbl_member m1_0 
    where
        m1_0.member_id=?
2026-04-29 12:20:27.874 [http-nio-8080-exec-8] DEBUG [ee78aeaa] [GET] [/api/v1/loans/member/1] [127.0.0.1] org.hibernate.SQL - 
    select
        l1_0.loan_id,
        l1_0.book_id,
        l1_0.due_date,
        l1_0.fine_amount,
        l1_0.loan_date,
        l1_0.member_id,
        l1_0.overdue_days,
        l1_0.return_date,
        l1_0.status 
    from
        tbl_loan l1_0 
    where
        l1_0.member_id=?
2026-04-29 12:20:27.890 [http-nio-8080-exec-8] DEBUG [ee78aeaa] [GET] [/api/v1/loans/member/1] [127.0.0.1] org.hibernate.SQL - 
    select
        b1_0.book_id,
        b1_0.author,
        b1_0.available,
        b1_0.isbn,
        b1_0.publish_date,
        b1_0.publisher,
        b1_0.stock_quantity,
        b1_0.title 
    from
        tbl_book b1_0 
    where
        b1_0.book_id=?
2026-04-29 12:20:27.894 [http-nio-8080-exec-8] INFO  [ee78aeaa] [GET] [/api/v1/loans/member/1] [127.0.0.1] c.o.s.s.l.controller.LoanController - [s2][LoanController] 회원별 대출 목록 조회 완료 - 회원 ID: 1, 대출 수: 1건
2026-04-29 12:20:27.895 [http-nio-8080-exec-8] DEBUG [ee78aeaa] [GET] [/api/v1/loans/member/1] [127.0.0.1] o.s.w.s.m.m.a.HttpEntityMethodProcessor - Using 'application/json', given [application/json] and supported [application/json, application/*+json]
2026-04-29 12:20:27.896 [http-nio-8080-exec-8] DEBUG [ee78aeaa] [GET] [/api/v1/loans/member/1] [127.0.0.1] o.s.w.s.m.m.a.HttpEntityMethodProcessor - Writing [[LoanDTO{loanId=1, memberId=1, memberName='김도서', bookId=1, bookTitle='스프링 부트와 AWS로 혼자 구현하는 웹 서비스 (개정 (truncated)...]
2026-04-29 12:20:27.898 [http-nio-8080-exec-8] DEBUG [ee78aeaa] [GET] [/api/v1/loans/member/1] [127.0.0.1] o.s.web.servlet.DispatcherServlet - Completed 200 OK
2026-04-29 12:20:27.990 [http-nio-8080-exec-4] DEBUG [736ea8f7] [PATCH] [/api/v1/loans/1/extend] [127.0.0.1] o.s.web.servlet.DispatcherServlet - PATCH "/api/v1/loans/1/extend?extensionDays=7", parameters={masked}
2026-04-29 12:20:27.990 [http-nio-8080-exec-4] DEBUG [736ea8f7] [PATCH] [/api/v1/loans/1/extend] [127.0.0.1] o.s.w.s.m.m.a.RequestMappingHandlerMapping - Mapped to com.ohgiraffers.stability.section02.logging.controller.LoanController#extendLoan(Long, int)
2026-04-29 12:20:27.991 [http-nio-8080-exec-4] INFO  [736ea8f7] [PATCH] [/api/v1/loans/1/extend] [127.0.0.1] c.o.s.s.l.controller.LoanController - [s2][LoanController] 대출 연장 요청 접수 - 대출 ID: 1, 연장 일수: 7일
2026-04-29 12:20:28.003 [http-nio-8080-exec-4] DEBUG [736ea8f7] [PATCH] [/api/v1/loans/1/extend] [127.0.0.1] org.hibernate.SQL - 
    select
        l1_0.loan_id,
        l1_0.book_id,
        l1_0.due_date,
        l1_0.fine_amount,
        l1_0.loan_date,
        l1_0.member_id,
        l1_0.overdue_days,
        l1_0.return_date,
        l1_0.status 
    from
        tbl_loan l1_0 
    where
        l1_0.loan_id=?
2026-04-29 12:20:28.008 [http-nio-8080-exec-4] DEBUG [736ea8f7] [PATCH] [/api/v1/loans/1/extend] [127.0.0.1] org.hibernate.SQL - 
    select
        m1_0.member_id,
        m1_0.active,
        m1_0.email,
        m1_0.join_date,
        m1_0.member_name,
        m1_0.phone 
    from
        tbl_member m1_0 
    where
        m1_0.member_id=?
2026-04-29 12:20:28.010 [http-nio-8080-exec-4] DEBUG [736ea8f7] [PATCH] [/api/v1/loans/1/extend] [127.0.0.1] org.hibernate.SQL - 
    select
        b1_0.book_id,
        b1_0.author,
        b1_0.available,
        b1_0.isbn,
        b1_0.publish_date,
        b1_0.publisher,
        b1_0.stock_quantity,
        b1_0.title 
    from
        tbl_book b1_0 
    where
        b1_0.book_id=?
2026-04-29 12:20:28.011 [http-nio-8080-exec-4] DEBUG [736ea8f7] [PATCH] [/api/v1/loans/1/extend] [127.0.0.1] org.hibernate.SQL - 
    update
        tbl_loan 
    set
        book_id=?,
        due_date=?,
        fine_amount=?,
        loan_date=?,
        member_id=?,
        overdue_days=?,
        return_date=?,
        status=? 
    where
        loan_id=?
2026-04-29 12:20:28.012 [http-nio-8080-exec-4] INFO  [736ea8f7] [PATCH] [/api/v1/loans/1/extend] [127.0.0.1] c.o.s.s.l.controller.LoanController - [s2][LoanController] 대출 연장 요청 처리 완료 - 대출 ID: 1
2026-04-29 12:20:28.012 [http-nio-8080-exec-4] DEBUG [736ea8f7] [PATCH] [/api/v1/loans/1/extend] [127.0.0.1] o.s.w.s.m.m.a.HttpEntityMethodProcessor - Using 'application/json', given [application/json] and supported [application/json, application/*+json]
2026-04-29 12:20:28.012 [http-nio-8080-exec-4] DEBUG [736ea8f7] [PATCH] [/api/v1/loans/1/extend] [127.0.0.1] o.s.w.s.m.m.a.HttpEntityMethodProcessor - Writing [LoanDTO{loanId=1, memberId=1, memberName='김도서', bookId=1, bookTitle='스프링 부트와 AWS로 혼자 구현하는 웹 서비스 (개정판 (truncated)...]
2026-04-29 12:20:28.014 [http-nio-8080-exec-4] DEBUG [736ea8f7] [PATCH] [/api/v1/loans/1/extend] [127.0.0.1] o.s.web.servlet.DispatcherServlet - Completed 200 OK
2026-04-29 12:20:28.040 [http-nio-8080-exec-7] DEBUG [44e5b712] [PATCH] [/api/v1/loans/1/return] [127.0.0.1] o.s.web.servlet.DispatcherServlet - PATCH "/api/v1/loans/1/return", parameters={}
2026-04-29 12:20:28.041 [http-nio-8080-exec-7] DEBUG [44e5b712] [PATCH] [/api/v1/loans/1/return] [127.0.0.1] o.s.w.s.m.m.a.RequestMappingHandlerMapping - Mapped to com.ohgiraffers.stability.section02.logging.controller.LoanController#returnBook(Long)
2026-04-29 12:20:28.042 [http-nio-8080-exec-7] INFO  [44e5b712] [PATCH] [/api/v1/loans/1/return] [127.0.0.1] c.o.s.s.l.controller.LoanController - [s2][LoanController] 반납 요청 접수 - 대출 ID: 1
2026-04-29 12:20:28.044 [http-nio-8080-exec-7] DEBUG [44e5b712] [PATCH] [/api/v1/loans/1/return] [127.0.0.1] org.hibernate.SQL - 
    select
        l1_0.loan_id,
        l1_0.book_id,
        l1_0.due_date,
        l1_0.fine_amount,
        l1_0.loan_date,
        l1_0.member_id,
        l1_0.overdue_days,
        l1_0.return_date,
        l1_0.status 
    from
        tbl_loan l1_0 
    where
        l1_0.loan_id=?
2026-04-29 12:20:28.047 [http-nio-8080-exec-7] DEBUG [44e5b712] [PATCH] [/api/v1/loans/1/return] [127.0.0.1] org.hibernate.SQL - 
    select
        b1_0.book_id,
        b1_0.author,
        b1_0.available,
        b1_0.isbn,
        b1_0.publish_date,
        b1_0.publisher,
        b1_0.stock_quantity,
        b1_0.title 
    from
        tbl_book b1_0 
    where
        b1_0.book_id=?
2026-04-29 12:20:28.049 [http-nio-8080-exec-7] DEBUG [44e5b712] [PATCH] [/api/v1/loans/1/return] [127.0.0.1] org.hibernate.SQL - 
    select
        m1_0.member_id,
        m1_0.active,
        m1_0.email,
        m1_0.join_date,
        m1_0.member_name,
        m1_0.phone 
    from
        tbl_member m1_0 
    where
        m1_0.member_id=?
2026-04-29 12:20:28.050 [http-nio-8080-exec-7] DEBUG [44e5b712] [PATCH] [/api/v1/loans/1/return] [127.0.0.1] org.hibernate.SQL - 
    update
        tbl_loan 
    set
        book_id=?,
        due_date=?,
        fine_amount=?,
        loan_date=?,
        member_id=?,
        overdue_days=?,
        return_date=?,
        status=? 
    where
        loan_id=?
2026-04-29 12:20:28.052 [http-nio-8080-exec-7] DEBUG [44e5b712] [PATCH] [/api/v1/loans/1/return] [127.0.0.1] org.hibernate.SQL - 
    update
        tbl_book 
    set
        author=?,
        available=?,
        isbn=?,
        publish_date=?,
        publisher=?,
        stock_quantity=?,
        title=? 
    where
        book_id=?
2026-04-29 12:20:28.053 [http-nio-8080-exec-7] INFO  [44e5b712] [PATCH] [/api/v1/loans/1/return] [127.0.0.1] c.o.s.s.l.controller.LoanController - [s2][LoanController] 반납 요청 처리 완료 - 대출 ID: 1
2026-04-29 12:20:28.054 [http-nio-8080-exec-7] DEBUG [44e5b712] [PATCH] [/api/v1/loans/1/return] [127.0.0.1] o.s.w.s.m.m.a.HttpEntityMethodProcessor - Using 'application/json', given [application/json] and supported [application/json, application/*+json]
2026-04-29 12:20:28.054 [http-nio-8080-exec-7] DEBUG [44e5b712] [PATCH] [/api/v1/loans/1/return] [127.0.0.1] o.s.w.s.m.m.a.HttpEntityMethodProcessor - Writing [LoanDTO{loanId=1, memberId=1, memberName='김도서', bookId=1, bookTitle='스프링 부트와 AWS로 혼자 구현하는 웹 서비스 (개정판 (truncated)...]
2026-04-29 12:20:28.055 [http-nio-8080-exec-7] DEBUG [44e5b712] [PATCH] [/api/v1/loans/1/return] [127.0.0.1] o.s.web.servlet.DispatcherServlet - Completed 200 OK
2026-04-29 12:20:28.092 [http-nio-8080-exec-9] DEBUG [541591d1] [GET] [/api/v1/loans/overdue] [127.0.0.1] o.s.web.servlet.DispatcherServlet - GET "/api/v1/loans/overdue", parameters={}
2026-04-29 12:20:28.093 [http-nio-8080-exec-9] DEBUG [541591d1] [GET] [/api/v1/loans/overdue] [127.0.0.1] o.s.w.s.m.m.a.RequestMappingHandlerMapping - Mapped to com.ohgiraffers.stability.section02.logging.controller.LoanController#getOverdueLoans()
2026-04-29 12:20:28.094 [http-nio-8080-exec-9] INFO  [541591d1] [GET] [/api/v1/loans/overdue] [127.0.0.1] c.o.s.s.l.controller.LoanController - [s2][LoanController] 연체 대출 목록 조회 요청
2026-04-29 12:20:28.098 [http-nio-8080-exec-9] DEBUG [541591d1] [GET] [/api/v1/loans/overdue] [127.0.0.1] org.hibernate.SQL - 
    select
        l1_0.loan_id,
        l1_0.book_id,
        l1_0.due_date,
        l1_0.fine_amount,
        l1_0.loan_date,
        l1_0.member_id,
        l1_0.overdue_days,
        l1_0.return_date,
        l1_0.status 
    from
        tbl_loan l1_0 
    where
        l1_0.status='ACTIVE' 
        and l1_0.due_date<?
2026-04-29 12:20:28.100 [http-nio-8080-exec-9] INFO  [541591d1] [GET] [/api/v1/loans/overdue] [127.0.0.1] c.o.s.s.l.controller.LoanController - [s2][LoanController] 연체 대출 목록 조회 완료 - 연체 건수: 0건
2026-04-29 12:20:28.101 [http-nio-8080-exec-9] DEBUG [541591d1] [GET] [/api/v1/loans/overdue] [127.0.0.1] o.s.w.s.m.m.a.HttpEntityMethodProcessor - Using 'application/json', given [application/json] and supported [application/json, application/*+json]
2026-04-29 12:20:28.101 [http-nio-8080-exec-9] DEBUG [541591d1] [GET] [/api/v1/loans/overdue] [127.0.0.1] o.s.w.s.m.m.a.HttpEntityMethodProcessor - Writing [[]]
2026-04-29 12:20:28.102 [http-nio-8080-exec-9] DEBUG [541591d1] [GET] [/api/v1/loans/overdue] [127.0.0.1] o.s.web.servlet.DispatcherServlet - Completed 200 OK
2026-04-29 12:20:28.146 [http-nio-8080-exec-11] DEBUG [95be865b] [POST] [/api/v1/loans/overdue/process] [127.0.0.1] o.s.web.servlet.DispatcherServlet - POST "/api/v1/loans/overdue/process", parameters={}
2026-04-29 12:20:28.147 [http-nio-8080-exec-11] DEBUG [95be865b] [POST] [/api/v1/loans/overdue/process] [127.0.0.1] o.s.w.s.m.m.a.RequestMappingHandlerMapping - Mapped to com.ohgiraffers.stability.section02.logging.controller.LoanController#processOverdueLoans()
2026-04-29 12:20:28.147 [http-nio-8080-exec-11] INFO  [95be865b] [POST] [/api/v1/loans/overdue/process] [127.0.0.1] c.o.s.s.l.controller.LoanController - [s2][LoanController] 연체 대출 일괄 처리 요청
2026-04-29 12:20:28.149 [http-nio-8080-exec-11] DEBUG [95be865b] [POST] [/api/v1/loans/overdue/process] [127.0.0.1] org.hibernate.SQL - 
    select
        l1_0.loan_id,
        l1_0.book_id,
        l1_0.due_date,
        l1_0.fine_amount,
        l1_0.loan_date,
        l1_0.member_id,
        l1_0.overdue_days,
        l1_0.return_date,
        l1_0.status 
    from
        tbl_loan l1_0 
    where
        l1_0.status='ACTIVE' 
        and l1_0.due_date<?
2026-04-29 12:20:28.150 [http-nio-8080-exec-11] INFO  [95be865b] [POST] [/api/v1/loans/overdue/process] [127.0.0.1] c.o.s.s.l.controller.LoanController - [s2][LoanController] 연체 대출 일괄 처리 완료 - 처리 건수: 0건
2026-04-29 12:20:28.151 [http-nio-8080-exec-11] DEBUG [95be865b] [POST] [/api/v1/loans/overdue/process] [127.0.0.1] o.s.w.s.m.m.a.HttpEntityMethodProcessor - Using 'application/json', given [application/json] and supported [application/json, application/*+json]
2026-04-29 12:20:28.151 [http-nio-8080-exec-11] DEBUG [95be865b] [POST] [/api/v1/loans/overdue/process] [127.0.0.1] o.s.w.s.m.m.a.HttpEntityMethodProcessor - Writing [{message=연체 대출 일괄 처리가 완료되었습니다., processedCount=0}]
2026-04-29 12:20:28.152 [http-nio-8080-exec-11] DEBUG [95be865b] [POST] [/api/v1/loans/overdue/process] [127.0.0.1] o.s.web.servlet.DispatcherServlet - Completed 200 OK
2026-04-29 12:20:28.198 [http-nio-8080-exec-2] DEBUG [7e1bd6dc] [POST] [/api/v1/loans/test/logging] [127.0.0.1] o.s.web.servlet.DispatcherServlet - POST "/api/v1/loans/test/logging?level=debug&message=%EB%94%94%EB%B2%84%EA%B7%B8+%EB%A1%9C%EA%B7%B8+%ED%85%8C%EC%8A%A4%ED%8A%B8%EC%9E%85%EB%8B%88%EB%8B%A4", parameters={masked}
2026-04-29 12:20:28.199 [http-nio-8080-exec-2] DEBUG [7e1bd6dc] [POST] [/api/v1/loans/test/logging] [127.0.0.1] o.s.w.s.m.m.a.RequestMappingHandlerMapping - Mapped to com.ohgiraffers.stability.section02.logging.controller.LoanController#testLogging(String, String)
2026-04-29 12:20:28.200 [http-nio-8080-exec-2] INFO  [7e1bd6dc] [POST] [/api/v1/loans/test/logging] [127.0.0.1] c.o.s.s.l.controller.LoanController - [s2][LoanController] 로깅 테스트 요청 - 레벨: debug, 메시지: 디버그 로그 테스트입니다
2026-04-29 12:20:28.200 [http-nio-8080-exec-2] DEBUG [7e1bd6dc] [POST] [/api/v1/loans/test/logging] [127.0.0.1] c.o.s.s.l.controller.LoanController - [s2][LoanController] DEBUG 테스트: 디버그 로그 테스트입니다
2026-04-29 12:20:28.201 [http-nio-8080-exec-2] DEBUG [7e1bd6dc] [POST] [/api/v1/loans/test/logging] [127.0.0.1] o.s.w.s.m.m.a.HttpEntityMethodProcessor - Using 'application/json', given [application/json] and supported [application/json, application/*+json]
2026-04-29 12:20:28.201 [http-nio-8080-exec-2] DEBUG [7e1bd6dc] [POST] [/api/v1/loans/test/logging] [127.0.0.1] o.s.w.s.m.m.a.HttpEntityMethodProcessor - Writing [{result=로깅 테스트가 완료되었습니다., level=debug, message=디버그 로그 테스트입니다}]
2026-04-29 12:20:28.202 [http-nio-8080-exec-2] DEBUG [7e1bd6dc] [POST] [/api/v1/loans/test/logging] [127.0.0.1] o.s.web.servlet.DispatcherServlet - Completed 200 OK
2026-04-29 12:20:28.267 [http-nio-8080-exec-5] DEBUG [ba218cb0] [POST] [/api/v1/loans/test/logging] [127.0.0.1] o.s.web.servlet.DispatcherServlet - POST "/api/v1/loans/test/logging?level=info&message=%EC%A0%95%EB%B3%B4+%EB%A1%9C%EA%B7%B8+%ED%85%8C%EC%8A%A4%ED%8A%B8%EC%9E%85%EB%8B%88%EB%8B%A4", parameters={masked}
2026-04-29 12:20:28.267 [http-nio-8080-exec-5] DEBUG [ba218cb0] [POST] [/api/v1/loans/test/logging] [127.0.0.1] o.s.w.s.m.m.a.RequestMappingHandlerMapping - Mapped to com.ohgiraffers.stability.section02.logging.controller.LoanController#testLogging(String, String)
2026-04-29 12:20:28.268 [http-nio-8080-exec-5] INFO  [ba218cb0] [POST] [/api/v1/loans/test/logging] [127.0.0.1] c.o.s.s.l.controller.LoanController - [s2][LoanController] 로깅 테스트 요청 - 레벨: info, 메시지: 정보 로그 테스트입니다
2026-04-29 12:20:28.268 [http-nio-8080-exec-5] INFO  [ba218cb0] [POST] [/api/v1/loans/test/logging] [127.0.0.1] c.o.s.s.l.controller.LoanController - [s2][LoanController] INFO 테스트: 정보 로그 테스트입니다
2026-04-29 12:20:28.269 [http-nio-8080-exec-5] DEBUG [ba218cb0] [POST] [/api/v1/loans/test/logging] [127.0.0.1] o.s.w.s.m.m.a.HttpEntityMethodProcessor - Using 'application/json', given [application/json] and supported [application/json, application/*+json]
2026-04-29 12:20:28.269 [http-nio-8080-exec-5] DEBUG [ba218cb0] [POST] [/api/v1/loans/test/logging] [127.0.0.1] o.s.w.s.m.m.a.HttpEntityMethodProcessor - Writing [{result=로깅 테스트가 완료되었습니다., level=info, message=정보 로그 테스트입니다}]
2026-04-29 12:20:28.270 [http-nio-8080-exec-5] DEBUG [ba218cb0] [POST] [/api/v1/loans/test/logging] [127.0.0.1] o.s.web.servlet.DispatcherServlet - Completed 200 OK
2026-04-29 12:20:28.313 [http-nio-8080-exec-10] DEBUG [b5baaa73] [POST] [/api/v1/loans/test/logging] [127.0.0.1] o.s.web.servlet.DispatcherServlet - POST "/api/v1/loans/test/logging?level=warn&message=%EA%B2%BD%EA%B3%A0+%EB%A1%9C%EA%B7%B8+%ED%85%8C%EC%8A%A4%ED%8A%B8%EC%9E%85%EB%8B%88%EB%8B%A4", parameters={masked}
2026-04-29 12:20:28.313 [http-nio-8080-exec-10] DEBUG [b5baaa73] [POST] [/api/v1/loans/test/logging] [127.0.0.1] o.s.w.s.m.m.a.RequestMappingHandlerMapping - Mapped to com.ohgiraffers.stability.section02.logging.controller.LoanController#testLogging(String, String)
2026-04-29 12:20:28.314 [http-nio-8080-exec-10] INFO  [b5baaa73] [POST] [/api/v1/loans/test/logging] [127.0.0.1] c.o.s.s.l.controller.LoanController - [s2][LoanController] 로깅 테스트 요청 - 레벨: warn, 메시지: 경고 로그 테스트입니다
2026-04-29 12:20:28.314 [http-nio-8080-exec-10] WARN  [b5baaa73] [POST] [/api/v1/loans/test/logging] [127.0.0.1] c.o.s.s.l.controller.LoanController - [s2][LoanController] WARN 테스트: 경고 로그 테스트입니다
2026-04-29 12:20:28.315 [http-nio-8080-exec-10] DEBUG [b5baaa73] [POST] [/api/v1/loans/test/logging] [127.0.0.1] o.s.w.s.m.m.a.HttpEntityMethodProcessor - Using 'application/json', given [application/json] and supported [application/json, application/*+json]
2026-04-29 12:20:28.315 [http-nio-8080-exec-10] DEBUG [b5baaa73] [POST] [/api/v1/loans/test/logging] [127.0.0.1] o.s.w.s.m.m.a.HttpEntityMethodProcessor - Writing [{result=로깅 테스트가 완료되었습니다., level=warn, message=경고 로그 테스트입니다}]
2026-04-29 12:20:28.316 [http-nio-8080-exec-10] DEBUG [b5baaa73] [POST] [/api/v1/loans/test/logging] [127.0.0.1] o.s.web.servlet.DispatcherServlet - Completed 200 OK
2026-04-29 12:20:28.366 [http-nio-8080-exec-6] DEBUG [f6e61828] [POST] [/api/v1/loans/test/logging] [127.0.0.1] o.s.web.servlet.DispatcherServlet - POST "/api/v1/loans/test/logging?level=error&message=%EC%97%90%EB%9F%AC+%EB%A1%9C%EA%B7%B8+%ED%85%8C%EC%8A%A4%ED%8A%B8%EC%9E%85%EB%8B%88%EB%8B%A4", parameters={masked}
2026-04-29 12:20:28.367 [http-nio-8080-exec-6] DEBUG [f6e61828] [POST] [/api/v1/loans/test/logging] [127.0.0.1] o.s.w.s.m.m.a.RequestMappingHandlerMapping - Mapped to com.ohgiraffers.stability.section02.logging.controller.LoanController#testLogging(String, String)
2026-04-29 12:20:28.368 [http-nio-8080-exec-6] INFO  [f6e61828] [POST] [/api/v1/loans/test/logging] [127.0.0.1] c.o.s.s.l.controller.LoanController - [s2][LoanController] 로깅 테스트 요청 - 레벨: error, 메시지: 에러 로그 테스트입니다
2026-04-29 12:20:28.368 [http-nio-8080-exec-6] ERROR [f6e61828] [POST] [/api/v1/loans/test/logging] [127.0.0.1] c.o.s.s.l.controller.LoanController - [s2][LoanController] ERROR 테스트: 에러 로그 테스트입니다
2026-04-29 12:20:28.368 [http-nio-8080-exec-6] DEBUG [f6e61828] [POST] [/api/v1/loans/test/logging] [127.0.0.1] o.s.w.s.m.m.a.HttpEntityMethodProcessor - Using 'application/json', given [application/json] and supported [application/json, application/*+json]
2026-04-29 12:20:28.368 [http-nio-8080-exec-6] DEBUG [f6e61828] [POST] [/api/v1/loans/test/logging] [127.0.0.1] o.s.w.s.m.m.a.HttpEntityMethodProcessor - Writing [{result=로깅 테스트가 완료되었습니다., level=error, message=에러 로그 테스트입니다}]
2026-04-29 12:20:28.370 [http-nio-8080-exec-6] DEBUG [f6e61828] [POST] [/api/v1/loans/test/logging] [127.0.0.1] o.s.web.servlet.DispatcherServlet - Completed 200 OK
2026-04-29 12:20:28.432 [http-nio-8080-exec-3] DEBUG [cd71d303] [POST] [/api/v1/loans] [127.0.0.1] o.s.web.servlet.DispatcherServlet - POST "/api/v1/loans?memberId=999&bookId=1", parameters={masked}
2026-04-29 12:20:28.434 [http-nio-8080-exec-3] DEBUG [cd71d303] [POST] [/api/v1/loans] [127.0.0.1] o.s.w.s.m.m.a.RequestMappingHandlerMapping - Mapped to com.ohgiraffers.stability.section02.logging.controller.LoanController#createLoan(Long, Long)
2026-04-29 12:20:28.435 [http-nio-8080-exec-3] INFO  [cd71d303] [POST] [/api/v1/loans] [127.0.0.1] c.o.s.s.l.controller.LoanController - [s2][LoanController] 대출 요청 접수 - 회원 ID: 999, 도서 ID: 1
2026-04-29 12:20:28.436 [http-nio-8080-exec-3] DEBUG [cd71d303] [POST] [/api/v1/loans] [127.0.0.1] org.hibernate.SQL - 
    select
        m1_0.member_id,
        m1_0.active,
        m1_0.email,
        m1_0.join_date,
        m1_0.member_name,
        m1_0.phone 
    from
        tbl_member m1_0 
    where
        m1_0.member_id=?
2026-04-29 12:20:28.437 [http-nio-8080-exec-3] DEBUG [cd71d303] [POST] [/api/v1/loans] [127.0.0.1] o.s.w.s.m.m.a.ExceptionHandlerExceptionResolver - Using @ExceptionHandler com.ohgiraffers.stability.section01.exception.handler.GlobalExceptionHandler#handleIllegalArgumentException(IllegalArgumentException, HttpServletRequest)
2026-04-29 12:20:28.437 [http-nio-8080-exec-3] WARN  [cd71d303] [POST] [/api/v1/loans] [127.0.0.1] c.o.s.s.e.h.GlobalExceptionHandler - [s1][GlobalExceptionHandler] 잘못된 인수: 존재하지 않는 회원입니다: 999
2026-04-29 12:20:28.438 [http-nio-8080-exec-3] DEBUG [cd71d303] [POST] [/api/v1/loans] [127.0.0.1] o.s.w.s.m.m.a.HttpEntityMethodProcessor - Using 'application/json', given [application/json] and supported [application/json, application/*+json]
2026-04-29 12:20:28.438 [http-nio-8080-exec-3] DEBUG [cd71d303] [POST] [/api/v1/loans] [127.0.0.1] o.s.w.s.m.m.a.HttpEntityMethodProcessor - Writing [ErrorResponse{errorCode='INVALID_ARGUMENT', message='존재하지 않는 회원입니다: 999', timestamp=2026-04-29T12:20 (truncated)...]
2026-04-29 12:20:28.439 [http-nio-8080-exec-3] WARN  [cd71d303] [POST] [/api/v1/loans] [127.0.0.1] o.s.w.s.m.m.a.ExceptionHandlerExceptionResolver - Resolved [java.lang.IllegalArgumentException: 존재하지 않는 회원입니다: 999]
2026-04-29 12:20:28.439 [http-nio-8080-exec-3] DEBUG [cd71d303] [POST] [/api/v1/loans] [127.0.0.1] o.s.web.servlet.DispatcherServlet - Completed 400 BAD_REQUEST
2026-04-29 12:20:28.541 [http-nio-8080-exec-8] DEBUG [3df42618] [POST] [/api/v1/loans] [127.0.0.1] o.s.web.servlet.DispatcherServlet - POST "/api/v1/loans?memberId=1&bookId=999", parameters={masked}
2026-04-29 12:20:28.542 [http-nio-8080-exec-8] DEBUG [3df42618] [POST] [/api/v1/loans] [127.0.0.1] o.s.w.s.m.m.a.RequestMappingHandlerMapping - Mapped to com.ohgiraffers.stability.section02.logging.controller.LoanController#createLoan(Long, Long)
2026-04-29 12:20:28.544 [http-nio-8080-exec-8] INFO  [3df42618] [POST] [/api/v1/loans] [127.0.0.1] c.o.s.s.l.controller.LoanController - [s2][LoanController] 대출 요청 접수 - 회원 ID: 1, 도서 ID: 999
2026-04-29 12:20:28.546 [http-nio-8080-exec-8] DEBUG [3df42618] [POST] [/api/v1/loans] [127.0.0.1] org.hibernate.SQL - 
    select
        m1_0.member_id,
        m1_0.active,
        m1_0.email,
        m1_0.join_date,
        m1_0.member_name,
        m1_0.phone 
    from
        tbl_member m1_0 
    where
        m1_0.member_id=?
2026-04-29 12:20:28.547 [http-nio-8080-exec-8] DEBUG [3df42618] [POST] [/api/v1/loans] [127.0.0.1] org.hibernate.SQL - 
    select
        b1_0.book_id,
        b1_0.author,
        b1_0.available,
        b1_0.isbn,
        b1_0.publish_date,
        b1_0.publisher,
        b1_0.stock_quantity,
        b1_0.title 
    from
        tbl_book b1_0 
    where
        b1_0.book_id=?
2026-04-29 12:20:28.548 [http-nio-8080-exec-8] DEBUG [3df42618] [POST] [/api/v1/loans] [127.0.0.1] o.s.w.s.m.m.a.ExceptionHandlerExceptionResolver - Using @ExceptionHandler com.ohgiraffers.stability.section01.exception.handler.GlobalExceptionHandler#handleBookNotFoundException(BookNotFoundException, HttpServletRequest)
2026-04-29 12:20:28.548 [http-nio-8080-exec-8] WARN  [3df42618] [POST] [/api/v1/loans] [127.0.0.1] c.o.s.s.e.h.GlobalExceptionHandler - [s1][GlobalExceptionHandler] 도서 조회 실패: 해당 ID의 도서를 찾을 수 없습니다: 999
2026-04-29 12:20:28.549 [http-nio-8080-exec-8] DEBUG [3df42618] [POST] [/api/v1/loans] [127.0.0.1] o.s.w.s.m.m.a.HttpEntityMethodProcessor - Using 'application/json', given [application/json] and supported [application/json, application/*+json]
2026-04-29 12:20:28.549 [http-nio-8080-exec-8] DEBUG [3df42618] [POST] [/api/v1/loans] [127.0.0.1] o.s.w.s.m.m.a.HttpEntityMethodProcessor - Writing [ErrorResponse{errorCode='BOOK_NOT_FOUND_BY_ID', message='해당 ID의 도서를 찾을 수 없습니다: 999', timestamp=2026- (truncated)...]
2026-04-29 12:20:28.552 [http-nio-8080-exec-8] WARN  [3df42618] [POST] [/api/v1/loans] [127.0.0.1] o.s.w.s.m.m.a.ExceptionHandlerExceptionResolver - Resolved [com.ohgiraffers.stability.section01.exception.exception.BookNotFoundException: 해당 ID의 도서를 찾을 수 없습니다: 999]
2026-04-29 12:20:28.552 [http-nio-8080-exec-8] DEBUG [3df42618] [POST] [/api/v1/loans] [127.0.0.1] o.s.web.servlet.DispatcherServlet - Completed 404 NOT_FOUND
2026-04-29 12:20:28.606 [http-nio-8080-exec-4] DEBUG [64a192f4] [PATCH] [/api/v1/loans/1/return] [127.0.0.1] o.s.web.servlet.DispatcherServlet - PATCH "/api/v1/loans/1/return", parameters={}
2026-04-29 12:20:28.606 [http-nio-8080-exec-4] DEBUG [64a192f4] [PATCH] [/api/v1/loans/1/return] [127.0.0.1] o.s.w.s.m.m.a.RequestMappingHandlerMapping - Mapped to com.ohgiraffers.stability.section02.logging.controller.LoanController#returnBook(Long)
2026-04-29 12:20:28.608 [http-nio-8080-exec-4] INFO  [64a192f4] [PATCH] [/api/v1/loans/1/return] [127.0.0.1] c.o.s.s.l.controller.LoanController - [s2][LoanController] 반납 요청 접수 - 대출 ID: 1
2026-04-29 12:20:28.609 [http-nio-8080-exec-4] DEBUG [64a192f4] [PATCH] [/api/v1/loans/1/return] [127.0.0.1] org.hibernate.SQL - 
    select
        l1_0.loan_id,
        l1_0.book_id,
        l1_0.due_date,
        l1_0.fine_amount,
        l1_0.loan_date,
        l1_0.member_id,
        l1_0.overdue_days,
        l1_0.return_date,
        l1_0.status 
    from
        tbl_loan l1_0 
    where
        l1_0.loan_id=?
2026-04-29 12:20:28.614 [http-nio-8080-exec-4] DEBUG [64a192f4] [PATCH] [/api/v1/loans/1/return] [127.0.0.1] o.s.w.s.m.m.a.ExceptionHandlerExceptionResolver - Using @ExceptionHandler com.ohgiraffers.stability.section01.exception.handler.GlobalExceptionHandler#handleIllegalArgumentException(IllegalArgumentException, HttpServletRequest)
2026-04-29 12:20:28.614 [http-nio-8080-exec-4] WARN  [64a192f4] [PATCH] [/api/v1/loans/1/return] [127.0.0.1] c.o.s.s.e.h.GlobalExceptionHandler - [s1][GlobalExceptionHandler] 잘못된 인수: 이미 반납된 도서입니다: 1
2026-04-29 12:20:28.614 [http-nio-8080-exec-4] DEBUG [64a192f4] [PATCH] [/api/v1/loans/1/return] [127.0.0.1] o.s.w.s.m.m.a.HttpEntityMethodProcessor - Using 'application/json', given [application/json] and supported [application/json, application/*+json]
2026-04-29 12:20:28.614 [http-nio-8080-exec-4] DEBUG [64a192f4] [PATCH] [/api/v1/loans/1/return] [127.0.0.1] o.s.w.s.m.m.a.HttpEntityMethodProcessor - Writing [ErrorResponse{errorCode='INVALID_ARGUMENT', message='이미 반납된 도서입니다: 1', timestamp=2026-04-29T12:20:28 (truncated)...]
2026-04-29 12:20:28.615 [http-nio-8080-exec-4] WARN  [64a192f4] [PATCH] [/api/v1/loans/1/return] [127.0.0.1] o.s.w.s.m.m.a.ExceptionHandlerExceptionResolver - Resolved [java.lang.IllegalArgumentException: 이미 반납된 도서입니다: 1]
2026-04-29 12:20:28.615 [http-nio-8080-exec-4] DEBUG [64a192f4] [PATCH] [/api/v1/loans/1/return] [127.0.0.1] o.s.web.servlet.DispatcherServlet - Completed 400 BAD_REQUEST
2026-04-29 12:20:28.656 [http-nio-8080-exec-7] DEBUG [dfe4129a] [PATCH] [/api/v1/loans/2/extend] [127.0.0.1] o.s.web.servlet.DispatcherServlet - PATCH "/api/v1/loans/2/extend?extensionDays=30", parameters={masked}
2026-04-29 12:20:28.657 [http-nio-8080-exec-7] DEBUG [dfe4129a] [PATCH] [/api/v1/loans/2/extend] [127.0.0.1] o.s.w.s.m.m.a.RequestMappingHandlerMapping - Mapped to com.ohgiraffers.stability.section02.logging.controller.LoanController#extendLoan(Long, int)
2026-04-29 12:20:28.658 [http-nio-8080-exec-7] INFO  [dfe4129a] [PATCH] [/api/v1/loans/2/extend] [127.0.0.1] c.o.s.s.l.controller.LoanController - [s2][LoanController] 대출 연장 요청 접수 - 대출 ID: 2, 연장 일수: 30일
2026-04-29 12:20:28.660 [http-nio-8080-exec-7] DEBUG [dfe4129a] [PATCH] [/api/v1/loans/2/extend] [127.0.0.1] org.hibernate.SQL - 
    select
        l1_0.loan_id,
        l1_0.book_id,
        l1_0.due_date,
        l1_0.fine_amount,
        l1_0.loan_date,
        l1_0.member_id,
        l1_0.overdue_days,
        l1_0.return_date,
        l1_0.status 
    from
        tbl_loan l1_0 
    where
        l1_0.loan_id=?
2026-04-29 12:20:28.661 [http-nio-8080-exec-7] DEBUG [dfe4129a] [PATCH] [/api/v1/loans/2/extend] [127.0.0.1] o.s.w.s.m.m.a.ExceptionHandlerExceptionResolver - Using @ExceptionHandler com.ohgiraffers.stability.section01.exception.handler.GlobalExceptionHandler#handleIllegalArgumentException(IllegalArgumentException, HttpServletRequest)
2026-04-29 12:20:28.661 [http-nio-8080-exec-7] WARN  [dfe4129a] [PATCH] [/api/v1/loans/2/extend] [127.0.0.1] c.o.s.s.e.h.GlobalExceptionHandler - [s1][GlobalExceptionHandler] 잘못된 인수: 존재하지 않는 대출입니다: 2
2026-04-29 12:20:28.663 [http-nio-8080-exec-7] DEBUG [dfe4129a] [PATCH] [/api/v1/loans/2/extend] [127.0.0.1] o.s.w.s.m.m.a.HttpEntityMethodProcessor - Using 'application/json', given [application/json] and supported [application/json, application/*+json]
2026-04-29 12:20:28.663 [http-nio-8080-exec-7] DEBUG [dfe4129a] [PATCH] [/api/v1/loans/2/extend] [127.0.0.1] o.s.w.s.m.m.a.HttpEntityMethodProcessor - Writing [ErrorResponse{errorCode='INVALID_ARGUMENT', message='존재하지 않는 대출입니다: 2', timestamp=2026-04-29T12:20:2 (truncated)...]
2026-04-29 12:20:28.664 [http-nio-8080-exec-7] WARN  [dfe4129a] [PATCH] [/api/v1/loans/2/extend] [127.0.0.1] o.s.w.s.m.m.a.ExceptionHandlerExceptionResolver - Resolved [java.lang.IllegalArgumentException: 존재하지 않는 대출입니다: 2]
2026-04-29 12:20:28.664 [http-nio-8080-exec-7] DEBUG [dfe4129a] [PATCH] [/api/v1/loans/2/extend] [127.0.0.1] o.s.web.servlet.DispatcherServlet - Completed 400 BAD_REQUEST
2026-04-29 12:20:28.697 [http-nio-8080-exec-9] DEBUG [05143d4d] [GET] [/api/v1/loans/member/1] [127.0.0.1] o.s.web.servlet.DispatcherServlet - GET "/api/v1/loans/member/1", parameters={}
2026-04-29 12:20:28.698 [http-nio-8080-exec-9] DEBUG [05143d4d] [GET] [/api/v1/loans/member/1] [127.0.0.1] o.s.w.s.m.m.a.RequestMappingHandlerMapping - Mapped to com.ohgiraffers.stability.section02.logging.controller.LoanController#getLoansByMember(Long)
2026-04-29 12:20:28.698 [http-nio-8080-exec-9] INFO  [05143d4d] [GET] [/api/v1/loans/member/1] [127.0.0.1] c.o.s.s.l.controller.LoanController - [s2][LoanController] 회원별 대출 목록 조회 요청 - 회원 ID: 1
2026-04-29 12:20:28.699 [http-nio-8080-exec-9] DEBUG [05143d4d] [GET] [/api/v1/loans/member/1] [127.0.0.1] org.hibernate.SQL - 
    select
        m1_0.member_id,
        m1_0.active,
        m1_0.email,
        m1_0.join_date,
        m1_0.member_name,
        m1_0.phone 
    from
        tbl_member m1_0 
    where
        m1_0.member_id=?
2026-04-29 12:20:28.703 [http-nio-8080-exec-9] DEBUG [05143d4d] [GET] [/api/v1/loans/member/1] [127.0.0.1] org.hibernate.SQL - 
    select
        l1_0.loan_id,
        l1_0.book_id,
        l1_0.due_date,
        l1_0.fine_amount,
        l1_0.loan_date,
        l1_0.member_id,
        l1_0.overdue_days,
        l1_0.return_date,
        l1_0.status 
    from
        tbl_loan l1_0 
    where
        l1_0.member_id=?
2026-04-29 12:20:28.706 [http-nio-8080-exec-9] DEBUG [05143d4d] [GET] [/api/v1/loans/member/1] [127.0.0.1] org.hibernate.SQL - 
    select
        b1_0.book_id,
        b1_0.author,
        b1_0.available,
        b1_0.isbn,
        b1_0.publish_date,
        b1_0.publisher,
        b1_0.stock_quantity,
        b1_0.title 
    from
        tbl_book b1_0 
    where
        b1_0.book_id=?
2026-04-29 12:20:28.707 [http-nio-8080-exec-9] INFO  [05143d4d] [GET] [/api/v1/loans/member/1] [127.0.0.1] c.o.s.s.l.controller.LoanController - [s2][LoanController] 회원별 대출 목록 조회 완료 - 회원 ID: 1, 대출 수: 1건
2026-04-29 12:20:28.708 [http-nio-8080-exec-9] DEBUG [05143d4d] [GET] [/api/v1/loans/member/1] [127.0.0.1] o.s.w.s.m.m.a.HttpEntityMethodProcessor - Using 'application/json', given [application/json] and supported [application/json, application/*+json]
2026-04-29 12:20:28.708 [http-nio-8080-exec-9] DEBUG [05143d4d] [GET] [/api/v1/loans/member/1] [127.0.0.1] o.s.w.s.m.m.a.HttpEntityMethodProcessor - Writing [[LoanDTO{loanId=1, memberId=1, memberName='김도서', bookId=1, bookTitle='스프링 부트와 AWS로 혼자 구현하는 웹 서비스 (개정 (truncated)...]
2026-04-29 12:20:28.709 [http-nio-8080-exec-9] DEBUG [05143d4d] [GET] [/api/v1/loans/member/1] [127.0.0.1] o.s.web.servlet.DispatcherServlet - Completed 200 OK
2026-04-29 12:20:28.885 [http-nio-8080-exec-11] DEBUG [c99d4078] [GET] [/api/v1/loans/status] [127.0.0.1] o.s.web.servlet.DispatcherServlet - GET "/api/v1/loans/status", parameters={}
2026-04-29 12:20:28.886 [http-nio-8080-exec-11] DEBUG [c99d4078] [GET] [/api/v1/loans/status] [127.0.0.1] o.s.w.s.m.m.a.RequestMappingHandlerMapping - Mapped to com.ohgiraffers.stability.section02.logging.controller.LoanController#getSystemStatus()
2026-04-29 12:20:28.887 [http-nio-8080-exec-11] INFO  [c99d4078] [GET] [/api/v1/loans/status] [127.0.0.1] c.o.s.s.l.controller.LoanController - [s2][LoanController] 대출 시스템 상태 확인 요청
2026-04-29 12:20:28.887 [http-nio-8080-exec-11] INFO  [c99d4078] [GET] [/api/v1/loans/status] [127.0.0.1] c.o.s.s.l.controller.LoanController - [s2][LoanController] 대출 시스템 상태 확인 완료 - 상태: HEALTHY
2026-04-29 12:20:28.888 [http-nio-8080-exec-11] DEBUG [c99d4078] [GET] [/api/v1/loans/status] [127.0.0.1] o.s.w.s.m.m.a.HttpEntityMethodProcessor - Using 'application/json', given [application/json] and supported [application/json, application/*+json]
2026-04-29 12:20:28.888 [http-nio-8080-exec-11] DEBUG [c99d4078] [GET] [/api/v1/loans/status] [127.0.0.1] o.s.w.s.m.m.a.HttpEntityMethodProcessor - Writing [{timestamp=2026-04-29T12:20:28.887256600, status=HEALTHY, message=대출 시스템이 정상적으로 동작 중입니다.}]
2026-04-29 12:20:28.889 [http-nio-8080-exec-11] DEBUG [c99d4078] [GET] [/api/v1/loans/status] [127.0.0.1] o.s.web.servlet.DispatcherServlet - Completed 200 OK
2026-04-29 12:42:16.671 [SpringApplicationShutdownHook] INFO  [] [] [] [] o.s.b.w.e.tomcat.GracefulShutdown - Commencing graceful shutdown. Waiting for active requests to complete
2026-04-29 12:42:16.945 [tomcat-shutdown] INFO  [] [] [] [] o.s.b.w.e.tomcat.GracefulShutdown - Graceful shutdown complete
2026-04-29 12:42:16.953 [SpringApplicationShutdownHook] INFO  [] [] [] [] o.s.o.j.LocalContainerEntityManagerFactoryBean - Closing JPA EntityManagerFactory for persistence unit 'default'
2026-04-29 12:42:16.954 [SpringApplicationShutdownHook] DEBUG [] [] [] [] org.hibernate.SQL - 
    drop table if exists tbl_book cascade 
2026-04-29 12:42:16.956 [SpringApplicationShutdownHook] DEBUG [] [] [] [] org.hibernate.SQL - 
    drop table if exists tbl_loan cascade 
2026-04-29 12:42:16.956 [SpringApplicationShutdownHook] DEBUG [] [] [] [] org.hibernate.SQL - 
    drop table if exists tbl_member cascade 
2026-04-29 12:42:16.956 [SpringApplicationShutdownHook] DEBUG [] [] [] [] org.hibernate.SQL - 
    drop table if exists tbl_review cascade 
2026-04-29 12:42:16.959 [SpringApplicationShutdownHook] WARN  [] [] [] [] o.s.b.f.s.DisposableBeanAdapter - Invocation of destroy method failed on bean with name 'inMemoryDatabaseShutdownExecutor': org.h2.jdbc.JdbcSQLNonTransientConnectionException: Database is already closed (to disable automatic closing at VM shutdown, add ";DB_CLOSE_ON_EXIT=FALSE" to the db URL) [90121-232]
2026-04-29 12:42:16.959 [SpringApplicationShutdownHook] INFO  [] [] [] [] com.zaxxer.hikari.HikariDataSource - HikariPool-5 - Shutdown initiated...
2026-04-29 12:42:16.960 [SpringApplicationShutdownHook] INFO  [] [] [] [] com.zaxxer.hikari.HikariDataSource - HikariPool-5 - Shutdown completed.
