2026-06-09 11:21:54 [INFO][module01-actuator] [background-preinit] traceId= o.h.validator.internal.util.Version - HV000001: Hibernate Validator 8.0.2.Final
2026-06-09 11:21:54 [INFO][module01-actuator] [main] traceId= c.w.a.PopularShopStarterApplication - Starting PopularShopStarterApplication using Java 17.0.18 with PID 13732 (C:\Lecture\14_Monitoring\module01-actuator\build\classes\java\main started by user in C:\Lecture\14_Monitoring\module01-actuator)
2026-06-09 11:21:54 [INFO][module01-actuator] [main] traceId= c.w.a.PopularShopStarterApplication - No active profile set, falling back to 1 default profile: "default"
2026-06-09 11:21:55 [INFO][module01-actuator] [main] traceId= o.s.d.r.c.RepositoryConfigurationDelegate - Bootstrapping Spring Data JPA repositories in DEFAULT mode.
2026-06-09 11:21:56 [INFO][module01-actuator] [main] traceId= o.s.d.r.c.RepositoryConfigurationDelegate - Finished Spring Data repository scanning in 109 ms. Found 2 JPA repository interfaces.
2026-06-09 11:21:57 [INFO][module01-actuator] [main] traceId= o.s.b.w.e.tomcat.TomcatWebServer - Tomcat initialized with port 8080 (http)
2026-06-09 11:21:57 [INFO][module01-actuator] [main] traceId= o.a.coyote.http11.Http11NioProtocol - Initializing ProtocolHandler ["http-nio-8080"]
2026-06-09 11:21:57 [INFO][module01-actuator] [main] traceId= o.a.catalina.core.StandardService - Starting service [Tomcat]
2026-06-09 11:21:57 [INFO][module01-actuator] [main] traceId= o.a.catalina.core.StandardEngine - Starting Servlet engine: [Apache Tomcat/10.1.41]
2026-06-09 11:21:57 [INFO][module01-actuator] [main] traceId= o.a.c.c.C.[Tomcat].[localhost].[/] - Initializing Spring embedded WebApplicationContext
2026-06-09 11:21:57 [INFO][module01-actuator] [main] traceId= o.s.b.w.s.c.ServletWebServerApplicationContext - Root WebApplicationContext: initialization completed in 2844 ms
2026-06-09 11:21:57 [INFO][module01-actuator] [main] traceId= com.zaxxer.hikari.HikariDataSource - HikariPool-1 - Starting...
2026-06-09 11:21:58 [INFO][module01-actuator] [main] traceId= com.zaxxer.hikari.pool.HikariPool - HikariPool-1 - Added connection com.mysql.cj.jdbc.ConnectionImpl@143413cd
2026-06-09 11:21:58 [INFO][module01-actuator] [main] traceId= com.zaxxer.hikari.HikariDataSource - HikariPool-1 - Start completed.
2026-06-09 11:21:58 [INFO][module01-actuator] [main] traceId= o.h.jpa.internal.util.LogHelper - HHH000204: Processing PersistenceUnitInfo [name: default]
2026-06-09 11:21:58 [INFO][module01-actuator] [main] traceId= org.hibernate.Version - HHH000412: Hibernate ORM core version 6.6.15.Final
2026-06-09 11:21:58 [INFO][module01-actuator] [main] traceId= o.h.c.i.RegionFactoryInitiator - HHH000026: Second-level cache disabled
2026-06-09 11:21:59 [INFO][module01-actuator] [main] traceId= o.s.o.j.p.SpringPersistenceUnitInfo - No LoadTimeWeaver setup: ignoring JPA class transformer
2026-06-09 11:21:59 [INFO][module01-actuator] [main] traceId= o.hibernate.orm.connections.pooling - HHH10001005: Database info:
	Database JDBC URL [Connecting through datasource 'HikariDataSource (HikariPool-1)']
	Database driver: undefined/unknown
	Database version: 8.0.45
	Autocommit mode: undefined/unknown
	Isolation level: undefined/unknown
	Minimum pool size: undefined/unknown
	Maximum pool size: undefined/unknown
2026-06-09 11:22:01 [INFO][module01-actuator] [main] traceId= o.h.e.t.j.p.i.JtaPlatformInitiator - HHH000489: No JTA platform available (set 'hibernate.transaction.jta.platform' to enable JTA platform integration)
2026-06-09 11:22:01 [INFO][module01-actuator] [main] traceId= o.s.o.j.LocalContainerEntityManagerFactoryBean - Initialized JPA EntityManagerFactory for persistence unit 'default'
2026-06-09 11:22:01 [INFO][module01-actuator] [main] traceId= o.s.d.j.r.query.QueryEnhancerFactory - Hibernate is in classpath; If applicable, HQL parser will be used.
2026-06-09 11:22:04 [INFO][module01-actuator] [main] traceId= o.s.b.a.e.web.EndpointLinksResolver - Exposing 5 endpoints beneath base path '/actuator'
2026-06-09 11:22:04 [INFO][module01-actuator] [main] traceId= o.a.coyote.http11.Http11NioProtocol - Starting ProtocolHandler ["http-nio-8080"]
2026-06-09 11:22:04 [INFO][module01-actuator] [main] traceId= o.s.b.w.e.tomcat.TomcatWebServer - Tomcat started on port 8080 (http) with context path '/'
2026-06-09 11:22:04 [INFO][module01-actuator] [main] traceId= c.w.a.PopularShopStarterApplication - Started PopularShopStarterApplication in 10.551 seconds (process running for 11.127)
2026-06-09 11:22:05 [INFO][module01-actuator] [RMI TCP Connection(4)-172.20.0.137] traceId= o.a.c.c.C.[Tomcat].[localhost].[/] - Initializing Spring DispatcherServlet 'dispatcherServlet'
2026-06-09 11:22:05 [INFO][module01-actuator] [RMI TCP Connection(4)-172.20.0.137] traceId= o.s.web.servlet.DispatcherServlet - Initializing Servlet 'dispatcherServlet'
2026-06-09 11:22:05 [INFO][module01-actuator] [RMI TCP Connection(4)-172.20.0.137] traceId= o.s.web.servlet.DispatcherServlet - Completed initialization in 1 ms
2026-06-09 11:40:21 [INFO][module01-actuator] [http-nio-8080-exec-2] traceId=542a3d5e-4370-4800-a6c6-df4b08c84156 c.w.a.g.log.RequestLoggingFilter - event=request_started method=GET uri=/actuator
2026-06-09 11:40:21 [INFO][module01-actuator] [http-nio-8080-exec-2] traceId=542a3d5e-4370-4800-a6c6-df4b08c84156 c.w.a.g.log.RequestLoggingFilter - event=request_completed method=GET uri=/actuator status=200 durationMs=144
2026-06-09 11:40:22 [INFO][module01-actuator] [http-nio-8080-exec-1] traceId=23383d2a-3568-4185-923b-693380cbeccd c.w.a.g.log.RequestLoggingFilter - event=request_started method=GET uri=/actuator/health
2026-06-09 11:40:22 [INFO][module01-actuator] [http-nio-8080-exec-1] traceId=23383d2a-3568-4185-923b-693380cbeccd c.w.a.g.log.RequestLoggingFilter - event=request_completed method=GET uri=/actuator/health status=200 durationMs=39
2026-06-09 11:40:22 [INFO][module01-actuator] [http-nio-8080-exec-3] traceId=a11df851-b0ef-4161-8271-71f011bb6059 c.w.a.g.log.RequestLoggingFilter - event=request_started method=GET uri=/actuator/info
2026-06-09 11:40:22 [INFO][module01-actuator] [http-nio-8080-exec-3] traceId=a11df851-b0ef-4161-8271-71f011bb6059 c.w.a.g.log.RequestLoggingFilter - event=request_completed method=GET uri=/actuator/info status=200 durationMs=5
2026-06-09 11:40:22 [INFO][module01-actuator] [http-nio-8080-exec-4] traceId=6fbc9da3-1fff-4b3c-bc71-dfd779dd2ee2 c.w.a.g.log.RequestLoggingFilter - event=request_started method=GET uri=/actuator/metrics
2026-06-09 11:40:22 [INFO][module01-actuator] [http-nio-8080-exec-4] traceId=6fbc9da3-1fff-4b3c-bc71-dfd779dd2ee2 c.w.a.g.log.RequestLoggingFilter - event=request_completed method=GET uri=/actuator/metrics status=200 durationMs=8
2026-06-09 11:40:22 [INFO][module01-actuator] [http-nio-8080-exec-5] traceId=ca9be751-c578-4368-9491-4140aa606028 c.w.a.g.log.RequestLoggingFilter - event=request_started method=GET uri=/actuator/metrics/shop.orders.created
2026-06-09 11:40:22 [INFO][module01-actuator] [http-nio-8080-exec-5] traceId=ca9be751-c578-4368-9491-4140aa606028 c.w.a.g.log.RequestLoggingFilter - event=request_completed method=GET uri=/actuator/metrics/shop.orders.created status=200 durationMs=37
2026-06-09 11:40:22 [INFO][module01-actuator] [http-nio-8080-exec-6] traceId=c04c0519-07b7-4e6c-b916-426c72ef5b22 c.w.a.g.log.RequestLoggingFilter - event=request_started method=GET uri=/actuator/metrics/shop.orders.creation.duration
2026-06-09 11:40:22 [INFO][module01-actuator] [http-nio-8080-exec-6] traceId=c04c0519-07b7-4e6c-b916-426c72ef5b22 c.w.a.g.log.RequestLoggingFilter - event=request_completed method=GET uri=/actuator/metrics/shop.orders.creation.duration status=200 durationMs=6
2026-06-09 11:40:22 [INFO][module01-actuator] [http-nio-8080-exec-8] traceId=3418a579-4410-4cbc-b681-29c74242ba7f c.w.a.g.log.RequestLoggingFilter - event=request_started method=GET uri=/actuator/metrics/shop.payment.duration
2026-06-09 11:40:22 [INFO][module01-actuator] [http-nio-8080-exec-8] traceId=3418a579-4410-4cbc-b681-29c74242ba7f c.w.a.g.log.RequestLoggingFilter - event=request_completed method=GET uri=/actuator/metrics/shop.payment.duration status=200 durationMs=5
2026-06-09 11:40:22 [INFO][module01-actuator] [http-nio-8080-exec-7] traceId=67e65eb1-5790-4bc6-a5c2-0dfbc45f9fd2 c.w.a.g.log.RequestLoggingFilter - event=request_started method=POST uri=/orders
2026-06-09 11:40:22 [INFO][module01-actuator] [http-nio-8080-exec-7] traceId=67e65eb1-5790-4bc6-a5c2-0dfbc45f9fd2 c.wanted.actuator.order.OrderService - event=order_create_started itemTypes=2
2026-06-09 11:40:23 [INFO][module01-actuator] [http-nio-8080-exec-7] traceId=67e65eb1-5790-4bc6-a5c2-0dfbc45f9fd2 c.wanted.actuator.order.OrderService - event=order_create_succeeded orderId=7 itemTypes=2 amount=6350000 durationMs=748
2026-06-09 11:40:23 [INFO][module01-actuator] [http-nio-8080-exec-7] traceId=67e65eb1-5790-4bc6-a5c2-0dfbc45f9fd2 c.w.a.g.log.RequestLoggingFilter - event=request_completed method=POST uri=/orders status=201 durationMs=943
2026-06-09 11:40:23 [INFO][module01-actuator] [http-nio-8080-exec-9] traceId=0c0a058f-fed8-41dc-9efd-d455afed1c35 c.w.a.g.log.RequestLoggingFilter - event=request_started method=GET uri=/actuator/metrics/shop.orders.created
2026-06-09 11:40:23 [INFO][module01-actuator] [http-nio-8080-exec-9] traceId=0c0a058f-fed8-41dc-9efd-d455afed1c35 c.w.a.g.log.RequestLoggingFilter - event=request_completed method=GET uri=/actuator/metrics/shop.orders.created status=200 durationMs=4
2026-06-09 11:40:23 [INFO][module01-actuator] [http-nio-8080-exec-10] traceId=da0081f9-f5b3-4843-a1ab-ded4c4bde681 c.w.a.g.log.RequestLoggingFilter - event=request_started method=GET uri=/actuator/metrics/shop.orders.item.count
2026-06-09 11:40:23 [INFO][module01-actuator] [http-nio-8080-exec-10] traceId=da0081f9-f5b3-4843-a1ab-ded4c4bde681 c.w.a.g.log.RequestLoggingFilter - event=request_completed method=GET uri=/actuator/metrics/shop.orders.item.count status=200 durationMs=4
2026-06-09 11:40:23 [INFO][module01-actuator] [http-nio-8080-exec-2] traceId=7fdc296d-353a-4f39-9744-12c5378c76be c.w.a.g.log.RequestLoggingFilter - event=request_started method=GET uri=/actuator/metrics/shop.orders.amount
2026-06-09 11:40:23 [INFO][module01-actuator] [http-nio-8080-exec-2] traceId=7fdc296d-353a-4f39-9744-12c5378c76be c.w.a.g.log.RequestLoggingFilter - event=request_completed method=GET uri=/actuator/metrics/shop.orders.amount status=200 durationMs=4
2026-06-09 11:40:23 [INFO][module01-actuator] [http-nio-8080-exec-1] traceId=c9618d6e-d8f4-43d8-976e-07d35a90e798 c.w.a.g.log.RequestLoggingFilter - event=request_started method=GET uri=/actuator/metrics/shop.orders.creation.duration
2026-06-09 11:40:23 [INFO][module01-actuator] [http-nio-8080-exec-1] traceId=c9618d6e-d8f4-43d8-976e-07d35a90e798 c.w.a.g.log.RequestLoggingFilter - event=request_completed method=GET uri=/actuator/metrics/shop.orders.creation.duration status=200 durationMs=2
2026-06-09 11:40:23 [INFO][module01-actuator] [http-nio-8080-exec-3] traceId=f6dcbdbb-e448-4666-9e03-d435eb3f3d7a c.w.a.g.log.RequestLoggingFilter - event=request_started method=GET uri=/actuator/metrics/shop.payment.duration
2026-06-09 11:40:23 [INFO][module01-actuator] [http-nio-8080-exec-3] traceId=f6dcbdbb-e448-4666-9e03-d435eb3f3d7a c.w.a.g.log.RequestLoggingFilter - event=request_completed method=GET uri=/actuator/metrics/shop.payment.duration status=200 durationMs=3
2026-06-09 11:40:23 [INFO][module01-actuator] [http-nio-8080-exec-4] traceId=864fa8e2-62e9-4ec5-817e-e7f929ee3f57 c.w.a.g.log.RequestLoggingFilter - event=request_started method=GET uri=/actuator/metrics/shop.products.popular.requests
2026-06-09 11:40:23 [INFO][module01-actuator] [http-nio-8080-exec-4] traceId=864fa8e2-62e9-4ec5-817e-e7f929ee3f57 c.w.a.g.log.RequestLoggingFilter - event=request_completed method=GET uri=/actuator/metrics/shop.products.popular.requests status=200 durationMs=2
2026-06-09 11:40:24 [INFO][module01-actuator] [http-nio-8080-exec-5] traceId=ce44acb8-2f67-4647-82da-a1fcfe8a895d c.w.a.g.log.RequestLoggingFilter - event=request_started method=GET uri=/actuator/metrics/shop.products.popular.query.duration
2026-06-09 11:40:24 [INFO][module01-actuator] [http-nio-8080-exec-5] traceId=ce44acb8-2f67-4647-82da-a1fcfe8a895d c.w.a.g.log.RequestLoggingFilter - event=request_completed method=GET uri=/actuator/metrics/shop.products.popular.query.duration status=200 durationMs=3
2026-06-09 11:40:24 [INFO][module01-actuator] [http-nio-8080-exec-6] traceId=17b20322-85bd-4f82-bd77-8c2f96448426 c.w.a.g.log.RequestLoggingFilter - event=request_started method=GET uri=/products/popular
2026-06-09 11:40:24 [INFO][module01-actuator] [http-nio-8080-exec-6] traceId=17b20322-85bd-4f82-bd77-8c2f96448426 c.w.actuator.product.ProductService - event=popular_products_queried resultCount=5 durationMs=111
2026-06-09 11:40:24 [INFO][module01-actuator] [http-nio-8080-exec-6] traceId=17b20322-85bd-4f82-bd77-8c2f96448426 c.w.a.g.log.RequestLoggingFilter - event=request_completed method=GET uri=/products/popular status=200 durationMs=124
2026-06-09 11:40:24 [INFO][module01-actuator] [http-nio-8080-exec-8] traceId=64b48ff0-7674-4197-878b-08b656898c82 c.w.a.g.log.RequestLoggingFilter - event=request_started method=GET uri=/actuator/metrics/shop.products.popular.requests
2026-06-09 11:40:24 [INFO][module01-actuator] [http-nio-8080-exec-8] traceId=64b48ff0-7674-4197-878b-08b656898c82 c.w.a.g.log.RequestLoggingFilter - event=request_completed method=GET uri=/actuator/metrics/shop.products.popular.requests status=200 durationMs=6
2026-06-09 11:40:24 [INFO][module01-actuator] [http-nio-8080-exec-7] traceId=ad7df3b3-0bac-4fe0-9134-9bd40a01a7b4 c.w.a.g.log.RequestLoggingFilter - event=request_started method=GET uri=/actuator/metrics/shop.products.popular.query.duration
2026-06-09 11:40:24 [INFO][module01-actuator] [http-nio-8080-exec-7] traceId=ad7df3b3-0bac-4fe0-9134-9bd40a01a7b4 c.w.a.g.log.RequestLoggingFilter - event=request_completed method=GET uri=/actuator/metrics/shop.products.popular.query.duration status=200 durationMs=4
2026-06-09 11:40:24 [INFO][module01-actuator] [http-nio-8080-exec-9] traceId=93413d5b-754b-4cdf-9bed-1bcce869d604 c.w.a.g.log.RequestLoggingFilter - event=request_started method=POST uri=/orders
2026-06-09 11:40:24 [INFO][module01-actuator] [http-nio-8080-exec-9] traceId=93413d5b-754b-4cdf-9bed-1bcce869d604 c.wanted.actuator.order.OrderService - event=order_create_started itemTypes=1
2026-06-09 11:40:24 [WARN][module01-actuator] [http-nio-8080-exec-9] traceId=93413d5b-754b-4cdf-9bed-1bcce869d604 c.wanted.actuator.order.OrderService - event=order_create_failed exceptionType=IllegalArgumentException message="상품 재고가 부족합니다." durationMs=9
2026-06-09 11:40:24 [WARN][module01-actuator] [http-nio-8080-exec-9] traceId=93413d5b-754b-4cdf-9bed-1bcce869d604 c.w.a.global.ApiExceptionHandler - event=api_error reason=bad_request exceptionType=IllegalArgumentException message="상품 재고가 부족합니다."
2026-06-09 11:40:24 [INFO][module01-actuator] [http-nio-8080-exec-9] traceId=93413d5b-754b-4cdf-9bed-1bcce869d604 c.w.a.g.log.RequestLoggingFilter - event=request_completed method=POST uri=/orders status=400 durationMs=31
2026-06-09 11:40:24 [INFO][module01-actuator] [http-nio-8080-exec-10] traceId=f4fa9940-ca24-492d-9d1c-473f3fdc534b c.w.a.g.log.RequestLoggingFilter - event=request_started method=GET uri=/actuator/metrics/shop.orders.failed
2026-06-09 11:40:24 [INFO][module01-actuator] [http-nio-8080-exec-10] traceId=f4fa9940-ca24-492d-9d1c-473f3fdc534b c.w.a.g.log.RequestLoggingFilter - event=request_completed method=GET uri=/actuator/metrics/shop.orders.failed status=200 durationMs=7
2026-06-09 11:40:24 [INFO][module01-actuator] [http-nio-8080-exec-2] traceId=ad9cc2f4-94a3-4c4c-8fcb-8c5964e8f33e c.w.a.g.log.RequestLoggingFilter - event=request_started method=GET uri=/actuator/metrics/shop.orders.failed
2026-06-09 11:40:24 [INFO][module01-actuator] [http-nio-8080-exec-2] traceId=ad9cc2f4-94a3-4c4c-8fcb-8c5964e8f33e c.w.a.g.log.RequestLoggingFilter - event=request_completed method=GET uri=/actuator/metrics/shop.orders.failed status=404 durationMs=3
2026-06-09 11:40:24 [INFO][module01-actuator] [http-nio-8080-exec-1] traceId=278b8a17-b418-4e65-ac1c-54bb55920711 c.w.a.g.log.RequestLoggingFilter - event=request_started method=GET uri=/actuator/metrics/shop.api.errors
2026-06-09 11:40:24 [INFO][module01-actuator] [http-nio-8080-exec-1] traceId=278b8a17-b418-4e65-ac1c-54bb55920711 c.w.a.g.log.RequestLoggingFilter - event=request_completed method=GET uri=/actuator/metrics/shop.api.errors status=200 durationMs=6
2026-06-09 11:40:24 [INFO][module01-actuator] [http-nio-8080-exec-3] traceId=6748d0e8-cc56-47b2-9735-a9ea43f532e5 c.w.a.g.log.RequestLoggingFilter - event=request_started method=GET uri=/actuator/metrics/shop.api.errors
2026-06-09 11:40:24 [INFO][module01-actuator] [http-nio-8080-exec-3] traceId=6748d0e8-cc56-47b2-9735-a9ea43f532e5 c.w.a.g.log.RequestLoggingFilter - event=request_completed method=GET uri=/actuator/metrics/shop.api.errors status=200 durationMs=4
2026-06-09 11:40:24 [INFO][module01-actuator] [http-nio-8080-exec-4] traceId=fc369435-572a-44d4-a2c5-3f06a4f45361 c.w.a.g.log.RequestLoggingFilter - event=request_started method=POST uri=/orders
2026-06-09 11:40:24 [WARN][module01-actuator] [http-nio-8080-exec-4] traceId=fc369435-572a-44d4-a2c5-3f06a4f45361 c.w.a.global.ApiExceptionHandler - event=api_error reason=validation field=items[0].quantity exceptionType=MethodArgumentNotValidException message="items[0].quantity: 1 이상이어야 합니다"
2026-06-09 11:40:24 [INFO][module01-actuator] [http-nio-8080-exec-4] traceId=fc369435-572a-44d4-a2c5-3f06a4f45361 c.w.a.g.log.RequestLoggingFilter - event=request_completed method=POST uri=/orders status=400 durationMs=32
2026-06-09 11:40:24 [INFO][module01-actuator] [http-nio-8080-exec-5] traceId=10006fed-93be-4ba2-b9a0-701da40f1578 c.w.a.g.log.RequestLoggingFilter - event=request_started method=GET uri=/actuator/metrics/shop.api.errors
2026-06-09 11:40:24 [INFO][module01-actuator] [http-nio-8080-exec-5] traceId=10006fed-93be-4ba2-b9a0-701da40f1578 c.w.a.g.log.RequestLoggingFilter - event=request_completed method=GET uri=/actuator/metrics/shop.api.errors status=200 durationMs=6
2026-06-09 11:40:24 [INFO][module01-actuator] [http-nio-8080-exec-6] traceId=1bd9b283-3989-4204-bf6a-2826938cc75b c.w.a.g.log.RequestLoggingFilter - event=request_started method=GET uri=/actuator/shop
2026-06-09 11:40:24 [INFO][module01-actuator] [http-nio-8080-exec-6] traceId=1bd9b283-3989-4204-bf6a-2826938cc75b c.w.a.g.log.RequestLoggingFilter - event=request_completed method=GET uri=/actuator/shop status=200 durationMs=34
2026-06-09 11:40:24 [INFO][module01-actuator] [http-nio-8080-exec-8] traceId=63f40669-0ad4-44dc-9706-16bbd02961fe c.w.a.g.log.RequestLoggingFilter - event=request_started method=GET uri=/actuator/metrics/http.server.requests
2026-06-09 11:40:24 [INFO][module01-actuator] [http-nio-8080-exec-8] traceId=63f40669-0ad4-44dc-9706-16bbd02961fe c.w.a.g.log.RequestLoggingFilter - event=request_completed method=GET uri=/actuator/metrics/http.server.requests status=200 durationMs=3
2026-06-09 11:40:24 [INFO][module01-actuator] [http-nio-8080-exec-7] traceId=36a0b832-1582-4484-9623-ea1c497acbda c.w.a.g.log.RequestLoggingFilter - event=request_started method=GET uri=/actuator/metrics/http.server.requests
2026-06-09 11:40:24 [INFO][module01-actuator] [http-nio-8080-exec-7] traceId=36a0b832-1582-4484-9623-ea1c497acbda c.w.a.g.log.RequestLoggingFilter - event=request_completed method=GET uri=/actuator/metrics/http.server.requests status=200 durationMs=4
2026-06-09 11:40:25 [INFO][module01-actuator] [http-nio-8080-exec-9] traceId=e6272b6c-d262-4fdc-9c32-4d13e9c9a591 c.w.a.g.log.RequestLoggingFilter - event=request_started method=GET uri=/actuator/metrics/hikaricp.connections.active
2026-06-09 11:40:25 [INFO][module01-actuator] [http-nio-8080-exec-9] traceId=e6272b6c-d262-4fdc-9c32-4d13e9c9a591 c.w.a.g.log.RequestLoggingFilter - event=request_completed method=GET uri=/actuator/metrics/hikaricp.connections.active status=200 durationMs=3
2026-06-09 11:40:25 [INFO][module01-actuator] [http-nio-8080-exec-10] traceId=85b60927-71ad-4bed-b44b-11b5817a7103 c.w.a.g.log.RequestLoggingFilter - event=request_started method=GET uri=/actuator/metrics/jvm.memory.used
2026-06-09 11:40:25 [INFO][module01-actuator] [http-nio-8080-exec-10] traceId=85b60927-71ad-4bed-b44b-11b5817a7103 c.w.a.g.log.RequestLoggingFilter - event=request_completed method=GET uri=/actuator/metrics/jvm.memory.used status=200 durationMs=4
2026-06-09 11:58:18 [INFO][module01-actuator] [http-nio-8080-exec-7] traceId=9eed0984-b242-49e5-97d5-1f9f5ecb4569 c.w.a.g.log.RequestLoggingFilter - event=request_started method=GET uri=/actuator
2026-06-09 11:58:18 [INFO][module01-actuator] [http-nio-8080-exec-7] traceId=9eed0984-b242-49e5-97d5-1f9f5ecb4569 c.w.a.g.log.RequestLoggingFilter - event=request_completed method=GET uri=/actuator status=200 durationMs=5
2026-06-09 11:58:18 [INFO][module01-actuator] [http-nio-8080-exec-9] traceId=d7062f90-dea8-4bb1-94b9-7d60b38a1d16 c.w.a.g.log.RequestLoggingFilter - event=request_started method=GET uri=/actuator/health
2026-06-09 11:58:18 [INFO][module01-actuator] [http-nio-8080-exec-9] traceId=d7062f90-dea8-4bb1-94b9-7d60b38a1d16 c.w.a.g.log.RequestLoggingFilter - event=request_completed method=GET uri=/actuator/health status=200 durationMs=10
2026-06-09 11:58:18 [INFO][module01-actuator] [http-nio-8080-exec-4] traceId=19085059-423f-4d32-8325-269920cf3caa c.w.a.g.log.RequestLoggingFilter - event=request_started method=GET uri=/actuator/info
2026-06-09 11:58:18 [INFO][module01-actuator] [http-nio-8080-exec-4] traceId=19085059-423f-4d32-8325-269920cf3caa c.w.a.g.log.RequestLoggingFilter - event=request_completed method=GET uri=/actuator/info status=200 durationMs=3
2026-06-09 11:58:19 [INFO][module01-actuator] [http-nio-8080-exec-3] traceId=dbc92d99-ccb5-4aa3-b997-3073b796055d c.w.a.g.log.RequestLoggingFilter - event=request_started method=GET uri=/actuator/metrics
2026-06-09 11:58:19 [INFO][module01-actuator] [http-nio-8080-exec-3] traceId=dbc92d99-ccb5-4aa3-b997-3073b796055d c.w.a.g.log.RequestLoggingFilter - event=request_completed method=GET uri=/actuator/metrics status=200 durationMs=4
2026-06-09 11:58:19 [INFO][module01-actuator] [http-nio-8080-exec-1] traceId=026637ab-e3c8-436e-bf12-dd0a4f801b53 c.w.a.g.log.RequestLoggingFilter - event=request_started method=GET uri=/actuator/metrics/shop.orders.created
2026-06-09 11:58:19 [INFO][module01-actuator] [http-nio-8080-exec-1] traceId=026637ab-e3c8-436e-bf12-dd0a4f801b53 c.w.a.g.log.RequestLoggingFilter - event=request_completed method=GET uri=/actuator/metrics/shop.orders.created status=200 durationMs=2
2026-06-09 11:58:19 [INFO][module01-actuator] [http-nio-8080-exec-10] traceId=0e0c809b-2b3f-4014-bfe9-20a902040e0d c.w.a.g.log.RequestLoggingFilter - event=request_started method=GET uri=/actuator/metrics/shop.orders.creation.duration
2026-06-09 11:58:19 [INFO][module01-actuator] [http-nio-8080-exec-10] traceId=0e0c809b-2b3f-4014-bfe9-20a902040e0d c.w.a.g.log.RequestLoggingFilter - event=request_completed method=GET uri=/actuator/metrics/shop.orders.creation.duration status=200 durationMs=2
2026-06-09 11:58:19 [INFO][module01-actuator] [http-nio-8080-exec-11] traceId=b379b48f-472b-47e9-91ec-b3a018d441f1 c.w.a.g.log.RequestLoggingFilter - event=request_started method=GET uri=/actuator/metrics/shop.payment.duration
2026-06-09 11:58:19 [INFO][module01-actuator] [http-nio-8080-exec-11] traceId=b379b48f-472b-47e9-91ec-b3a018d441f1 c.w.a.g.log.RequestLoggingFilter - event=request_completed method=GET uri=/actuator/metrics/shop.payment.duration status=200 durationMs=2
2026-06-09 11:58:19 [INFO][module01-actuator] [http-nio-8080-exec-2] traceId=937436d7-e304-4685-a88d-d1b982f0d279 c.w.a.g.log.RequestLoggingFilter - event=request_started method=POST uri=/orders
2026-06-09 11:58:19 [INFO][module01-actuator] [http-nio-8080-exec-2] traceId=937436d7-e304-4685-a88d-d1b982f0d279 c.wanted.actuator.order.OrderService - event=order_create_started itemTypes=2
2026-06-09 11:58:20 [INFO][module01-actuator] [http-nio-8080-exec-2] traceId=937436d7-e304-4685-a88d-d1b982f0d279 c.wanted.actuator.order.OrderService - event=order_create_succeeded orderId=8 itemTypes=2 amount=6350000 durationMs=536
2026-06-09 11:58:20 [INFO][module01-actuator] [http-nio-8080-exec-2] traceId=937436d7-e304-4685-a88d-d1b982f0d279 c.w.a.g.log.RequestLoggingFilter - event=request_completed method=POST uri=/orders status=201 durationMs=557
2026-06-09 11:58:20 [INFO][module01-actuator] [http-nio-8080-exec-5] traceId=c85575a5-38e2-4ad9-a0a8-bcaa471420b6 c.w.a.g.log.RequestLoggingFilter - event=request_started method=GET uri=/actuator/metrics/shop.orders.created
2026-06-09 11:58:20 [INFO][module01-actuator] [http-nio-8080-exec-5] traceId=c85575a5-38e2-4ad9-a0a8-bcaa471420b6 c.w.a.g.log.RequestLoggingFilter - event=request_completed method=GET uri=/actuator/metrics/shop.orders.created status=200 durationMs=3
2026-06-09 11:58:20 [INFO][module01-actuator] [http-nio-8080-exec-8] traceId=cfab333f-7f53-4ba7-941c-c150e7040404 c.w.a.g.log.RequestLoggingFilter - event=request_started method=GET uri=/actuator/metrics/shop.orders.item.count
2026-06-09 11:58:20 [INFO][module01-actuator] [http-nio-8080-exec-8] traceId=cfab333f-7f53-4ba7-941c-c150e7040404 c.w.a.g.log.RequestLoggingFilter - event=request_completed method=GET uri=/actuator/metrics/shop.orders.item.count status=200 durationMs=4
2026-06-09 11:58:21 [INFO][module01-actuator] [http-nio-8080-exec-7] traceId=e71c6f73-4681-49dd-b67e-12a62250bd50 c.w.a.g.log.RequestLoggingFilter - event=request_started method=GET uri=/actuator/metrics/shop.orders.amount
2026-06-09 11:58:21 [INFO][module01-actuator] [http-nio-8080-exec-7] traceId=e71c6f73-4681-49dd-b67e-12a62250bd50 c.w.a.g.log.RequestLoggingFilter - event=request_completed method=GET uri=/actuator/metrics/shop.orders.amount status=200 durationMs=3
2026-06-09 11:58:21 [INFO][module01-actuator] [http-nio-8080-exec-9] traceId=0ed1dda4-b0d5-4358-8012-3cc4c74d51f8 c.w.a.g.log.RequestLoggingFilter - event=request_started method=GET uri=/actuator/metrics/shop.orders.creation.duration
2026-06-09 11:58:21 [INFO][module01-actuator] [http-nio-8080-exec-9] traceId=0ed1dda4-b0d5-4358-8012-3cc4c74d51f8 c.w.a.g.log.RequestLoggingFilter - event=request_completed method=GET uri=/actuator/metrics/shop.orders.creation.duration status=200 durationMs=5
2026-06-09 11:58:21 [INFO][module01-actuator] [http-nio-8080-exec-4] traceId=1143bc73-db88-43ad-b3e9-bf4fd07bcf18 c.w.a.g.log.RequestLoggingFilter - event=request_started method=GET uri=/actuator/metrics/shop.payment.duration
2026-06-09 11:58:21 [INFO][module01-actuator] [http-nio-8080-exec-4] traceId=1143bc73-db88-43ad-b3e9-bf4fd07bcf18 c.w.a.g.log.RequestLoggingFilter - event=request_completed method=GET uri=/actuator/metrics/shop.payment.duration status=200 durationMs=4
2026-06-09 11:58:21 [INFO][module01-actuator] [http-nio-8080-exec-3] traceId=b6f65ae1-81c0-4cbf-8ef3-4cb293a10036 c.w.a.g.log.RequestLoggingFilter - event=request_started method=GET uri=/actuator/metrics/shop.products.popular.requests
2026-06-09 11:58:21 [INFO][module01-actuator] [http-nio-8080-exec-3] traceId=b6f65ae1-81c0-4cbf-8ef3-4cb293a10036 c.w.a.g.log.RequestLoggingFilter - event=request_completed method=GET uri=/actuator/metrics/shop.products.popular.requests status=200 durationMs=3
2026-06-09 11:58:22 [INFO][module01-actuator] [http-nio-8080-exec-1] traceId=db1d8742-76e9-4380-b270-9deac8092290 c.w.a.g.log.RequestLoggingFilter - event=request_started method=GET uri=/actuator/metrics/shop.products.popular.query.duration
2026-06-09 11:58:22 [INFO][module01-actuator] [http-nio-8080-exec-1] traceId=db1d8742-76e9-4380-b270-9deac8092290 c.w.a.g.log.RequestLoggingFilter - event=request_completed method=GET uri=/actuator/metrics/shop.products.popular.query.duration status=200 durationMs=4
2026-06-09 11:58:22 [INFO][module01-actuator] [http-nio-8080-exec-10] traceId=1da8f8e9-e2ea-4415-a55c-18dadfec0ebe c.w.a.g.log.RequestLoggingFilter - event=request_started method=GET uri=/products/popular
2026-06-09 11:58:22 [INFO][module01-actuator] [http-nio-8080-exec-10] traceId=1da8f8e9-e2ea-4415-a55c-18dadfec0ebe c.w.actuator.product.ProductService - event=popular_products_queried resultCount=5 durationMs=6
2026-06-09 11:58:22 [INFO][module01-actuator] [http-nio-8080-exec-10] traceId=1da8f8e9-e2ea-4415-a55c-18dadfec0ebe c.w.a.g.log.RequestLoggingFilter - event=request_completed method=GET uri=/products/popular status=200 durationMs=14
2026-06-09 11:58:22 [INFO][module01-actuator] [http-nio-8080-exec-11] traceId=238526a0-5d81-4209-bd85-d8e2d941d906 c.w.a.g.log.RequestLoggingFilter - event=request_started method=GET uri=/actuator/metrics/shop.products.popular.requests
2026-06-09 11:58:22 [INFO][module01-actuator] [http-nio-8080-exec-11] traceId=238526a0-5d81-4209-bd85-d8e2d941d906 c.w.a.g.log.RequestLoggingFilter - event=request_completed method=GET uri=/actuator/metrics/shop.products.popular.requests status=200 durationMs=3
2026-06-09 11:58:22 [INFO][module01-actuator] [http-nio-8080-exec-2] traceId=ebfcc335-2436-4b1a-9344-a7deeb648aee c.w.a.g.log.RequestLoggingFilter - event=request_started method=GET uri=/actuator/metrics/shop.products.popular.query.duration
2026-06-09 11:58:22 [INFO][module01-actuator] [http-nio-8080-exec-2] traceId=ebfcc335-2436-4b1a-9344-a7deeb648aee c.w.a.g.log.RequestLoggingFilter - event=request_completed method=GET uri=/actuator/metrics/shop.products.popular.query.duration status=200 durationMs=3
2026-06-09 11:58:22 [INFO][module01-actuator] [http-nio-8080-exec-5] traceId=c80d10cb-ac03-46c4-af62-0c7118458b80 c.w.a.g.log.RequestLoggingFilter - event=request_started method=POST uri=/orders
2026-06-09 11:58:22 [INFO][module01-actuator] [http-nio-8080-exec-5] traceId=c80d10cb-ac03-46c4-af62-0c7118458b80 c.wanted.actuator.order.OrderService - event=order_create_started itemTypes=1
2026-06-09 11:58:22 [WARN][module01-actuator] [http-nio-8080-exec-5] traceId=c80d10cb-ac03-46c4-af62-0c7118458b80 c.wanted.actuator.order.OrderService - event=order_create_failed exceptionType=IllegalArgumentException message="상품 재고가 부족합니다." durationMs=3
2026-06-09 11:58:22 [WARN][module01-actuator] [http-nio-8080-exec-5] traceId=c80d10cb-ac03-46c4-af62-0c7118458b80 c.w.a.global.ApiExceptionHandler - event=api_error reason=bad_request exceptionType=IllegalArgumentException message="상품 재고가 부족합니다."
2026-06-09 11:58:22 [INFO][module01-actuator] [http-nio-8080-exec-5] traceId=c80d10cb-ac03-46c4-af62-0c7118458b80 c.w.a.g.log.RequestLoggingFilter - event=request_completed method=POST uri=/orders status=400 durationMs=12
2026-06-09 11:58:22 [INFO][module01-actuator] [http-nio-8080-exec-8] traceId=d0ba8746-ea95-4caf-b7fc-694af724bcda c.w.a.g.log.RequestLoggingFilter - event=request_started method=GET uri=/actuator/metrics/shop.orders.failed
2026-06-09 11:58:22 [INFO][module01-actuator] [http-nio-8080-exec-8] traceId=d0ba8746-ea95-4caf-b7fc-694af724bcda c.w.a.g.log.RequestLoggingFilter - event=request_completed method=GET uri=/actuator/metrics/shop.orders.failed status=200 durationMs=2
2026-06-09 11:58:22 [INFO][module01-actuator] [http-nio-8080-exec-7] traceId=7921494c-4999-4e22-8731-76176dc056b7 c.w.a.g.log.RequestLoggingFilter - event=request_started method=GET uri=/actuator/metrics/shop.orders.failed
2026-06-09 11:58:22 [INFO][module01-actuator] [http-nio-8080-exec-7] traceId=7921494c-4999-4e22-8731-76176dc056b7 c.w.a.g.log.RequestLoggingFilter - event=request_completed method=GET uri=/actuator/metrics/shop.orders.failed status=404 durationMs=2
2026-06-09 11:58:23 [INFO][module01-actuator] [http-nio-8080-exec-9] traceId=f1a5069f-819a-4655-a946-36430460c491 c.w.a.g.log.RequestLoggingFilter - event=request_started method=GET uri=/actuator/metrics/shop.api.errors
2026-06-09 11:58:23 [INFO][module01-actuator] [http-nio-8080-exec-9] traceId=f1a5069f-819a-4655-a946-36430460c491 c.w.a.g.log.RequestLoggingFilter - event=request_completed method=GET uri=/actuator/metrics/shop.api.errors status=200 durationMs=4
2026-06-09 11:58:23 [INFO][module01-actuator] [http-nio-8080-exec-4] traceId=ecafc93d-c61f-4d11-bcda-fd5e824ff7a3 c.w.a.g.log.RequestLoggingFilter - event=request_started method=GET uri=/actuator/metrics/shop.api.errors
2026-06-09 11:58:23 [INFO][module01-actuator] [http-nio-8080-exec-4] traceId=ecafc93d-c61f-4d11-bcda-fd5e824ff7a3 c.w.a.g.log.RequestLoggingFilter - event=request_completed method=GET uri=/actuator/metrics/shop.api.errors status=200 durationMs=3
2026-06-09 11:58:23 [INFO][module01-actuator] [http-nio-8080-exec-3] traceId=8a36cfcb-3e1b-40da-a205-55b5b68796e8 c.w.a.g.log.RequestLoggingFilter - event=request_started method=POST uri=/orders
2026-06-09 11:58:23 [WARN][module01-actuator] [http-nio-8080-exec-3] traceId=8a36cfcb-3e1b-40da-a205-55b5b68796e8 c.w.a.global.ApiExceptionHandler - event=api_error reason=validation field=items[0].quantity exceptionType=MethodArgumentNotValidException message="items[0].quantity: 1 이상이어야 합니다"
2026-06-09 11:58:23 [INFO][module01-actuator] [http-nio-8080-exec-3] traceId=8a36cfcb-3e1b-40da-a205-55b5b68796e8 c.w.a.g.log.RequestLoggingFilter - event=request_completed method=POST uri=/orders status=400 durationMs=4
2026-06-09 11:58:23 [INFO][module01-actuator] [http-nio-8080-exec-1] traceId=a1b8d26d-a3f8-4a38-ba23-7e8524382a1b c.w.a.g.log.RequestLoggingFilter - event=request_started method=GET uri=/actuator/metrics/shop.api.errors
2026-06-09 11:58:23 [INFO][module01-actuator] [http-nio-8080-exec-1] traceId=a1b8d26d-a3f8-4a38-ba23-7e8524382a1b c.w.a.g.log.RequestLoggingFilter - event=request_completed method=GET uri=/actuator/metrics/shop.api.errors status=200 durationMs=2
2026-06-09 11:58:23 [INFO][module01-actuator] [http-nio-8080-exec-10] traceId=9719dd3e-83c2-4690-96fb-c3f87a936b60 c.w.a.g.log.RequestLoggingFilter - event=request_started method=GET uri=/actuator/shop
2026-06-09 11:58:23 [INFO][module01-actuator] [http-nio-8080-exec-10] traceId=9719dd3e-83c2-4690-96fb-c3f87a936b60 c.w.a.g.log.RequestLoggingFilter - event=request_completed method=GET uri=/actuator/shop status=200 durationMs=25
2026-06-09 11:58:23 [INFO][module01-actuator] [http-nio-8080-exec-11] traceId=57ed649e-b3fb-4e5c-83aa-95ec01c23fde c.w.a.g.log.RequestLoggingFilter - event=request_started method=GET uri=/actuator/metrics/http.server.requests
2026-06-09 11:58:23 [INFO][module01-actuator] [http-nio-8080-exec-11] traceId=57ed649e-b3fb-4e5c-83aa-95ec01c23fde c.w.a.g.log.RequestLoggingFilter - event=request_completed method=GET uri=/actuator/metrics/http.server.requests status=200 durationMs=4
2026-06-09 11:58:23 [INFO][module01-actuator] [http-nio-8080-exec-2] traceId=fccb225f-d455-42e0-bbdf-f67c5dab72cf c.w.a.g.log.RequestLoggingFilter - event=request_started method=GET uri=/actuator/metrics/http.server.requests
2026-06-09 11:58:23 [INFO][module01-actuator] [http-nio-8080-exec-2] traceId=fccb225f-d455-42e0-bbdf-f67c5dab72cf c.w.a.g.log.RequestLoggingFilter - event=request_completed method=GET uri=/actuator/metrics/http.server.requests status=200 durationMs=3
2026-06-09 11:58:24 [INFO][module01-actuator] [http-nio-8080-exec-5] traceId=9c310442-e645-4c1d-8668-ab03b1adcbab c.w.a.g.log.RequestLoggingFilter - event=request_started method=GET uri=/actuator/metrics/hikaricp.connections.active
2026-06-09 11:58:24 [INFO][module01-actuator] [http-nio-8080-exec-5] traceId=9c310442-e645-4c1d-8668-ab03b1adcbab c.w.a.g.log.RequestLoggingFilter - event=request_completed method=GET uri=/actuator/metrics/hikaricp.connections.active status=200 durationMs=3
2026-06-09 11:58:24 [INFO][module01-actuator] [http-nio-8080-exec-8] traceId=e5c72525-ada5-44bc-93d3-67209d6dd899 c.w.a.g.log.RequestLoggingFilter - event=request_started method=GET uri=/actuator/metrics/jvm.memory.used
2026-06-09 11:58:24 [INFO][module01-actuator] [http-nio-8080-exec-8] traceId=e5c72525-ada5-44bc-93d3-67209d6dd899 c.w.a.g.log.RequestLoggingFilter - event=request_completed method=GET uri=/actuator/metrics/jvm.memory.used status=200 durationMs=3
2026-06-09 11:58:58 [INFO][module01-actuator] [http-nio-8080-exec-7] traceId=af6cd7b5-cc94-48f9-a274-3af316f8ca2e c.w.a.g.log.RequestLoggingFilter - event=request_started method=GET uri=/actuator/prometheus
2026-06-09 11:58:59 [INFO][module01-actuator] [http-nio-8080-exec-7] traceId=af6cd7b5-cc94-48f9-a274-3af316f8ca2e c.w.a.g.log.RequestLoggingFilter - event=request_completed method=GET uri=/actuator/prometheus status=200 durationMs=209
2026-06-09 11:59:03 [INFO][module01-actuator] [http-nio-8080-exec-9] traceId=a467e3b3-7eb8-4853-ab56-8f1489de4632 c.w.a.g.log.RequestLoggingFilter - event=request_started method=GET uri=/actuator/prometheus
2026-06-09 11:59:03 [INFO][module01-actuator] [http-nio-8080-exec-9] traceId=a467e3b3-7eb8-4853-ab56-8f1489de4632 c.w.a.g.log.RequestLoggingFilter - event=request_completed method=GET uri=/actuator/prometheus status=200 durationMs=131
2026-06-09 11:59:08 [INFO][module01-actuator] [http-nio-8080-exec-4] traceId=93a1cf93-8c38-4a28-b50d-829a17690614 c.w.a.g.log.RequestLoggingFilter - event=request_started method=GET uri=/actuator/prometheus
2026-06-09 11:59:08 [INFO][module01-actuator] [http-nio-8080-exec-4] traceId=93a1cf93-8c38-4a28-b50d-829a17690614 c.w.a.g.log.RequestLoggingFilter - event=request_completed method=GET uri=/actuator/prometheus status=200 durationMs=169
2026-06-09 11:59:13 [INFO][module01-actuator] [http-nio-8080-exec-3] traceId=c43ee383-c1fe-4006-b0d6-951f93e86f16 c.w.a.g.log.RequestLoggingFilter - event=request_started method=GET uri=/actuator/prometheus
2026-06-09 11:59:13 [INFO][module01-actuator] [http-nio-8080-exec-3] traceId=c43ee383-c1fe-4006-b0d6-951f93e86f16 c.w.a.g.log.RequestLoggingFilter - event=request_completed method=GET uri=/actuator/prometheus status=200 durationMs=166
2026-06-09 11:59:18 [INFO][module01-actuator] [http-nio-8080-exec-1] traceId=f97e0816-4fa7-44d7-8f45-1a122c55ca99 c.w.a.g.log.RequestLoggingFilter - event=request_started method=GET uri=/actuator/prometheus
2026-06-09 11:59:18 [INFO][module01-actuator] [http-nio-8080-exec-1] traceId=f97e0816-4fa7-44d7-8f45-1a122c55ca99 c.w.a.g.log.RequestLoggingFilter - event=request_completed method=GET uri=/actuator/prometheus status=200 durationMs=145
2026-06-09 11:59:23 [INFO][module01-actuator] [http-nio-8080-exec-5] traceId=9335d1d7-283f-4a8d-a12d-4c87f9d21581 c.w.a.g.log.RequestLoggingFilter - event=request_started method=GET uri=/actuator/prometheus
2026-06-09 11:59:23 [INFO][module01-actuator] [http-nio-8080-exec-5] traceId=9335d1d7-283f-4a8d-a12d-4c87f9d21581 c.w.a.g.log.RequestLoggingFilter - event=request_completed method=GET uri=/actuator/prometheus status=200 durationMs=180
2026-06-09 11:59:28 [INFO][module01-actuator] [http-nio-8080-exec-8] traceId=82a108a7-f065-4a8d-8c8f-6c2a429705e5 c.w.a.g.log.RequestLoggingFilter - event=request_started method=GET uri=/actuator/prometheus
2026-06-09 11:59:28 [INFO][module01-actuator] [http-nio-8080-exec-8] traceId=82a108a7-f065-4a8d-8c8f-6c2a429705e5 c.w.a.g.log.RequestLoggingFilter - event=request_completed method=GET uri=/actuator/prometheus status=200 durationMs=183
2026-06-09 11:59:33 [INFO][module01-actuator] [http-nio-8080-exec-5] traceId=73cb9d57-8d74-43a1-9796-5d2b73727660 c.w.a.g.log.RequestLoggingFilter - event=request_started method=GET uri=/actuator/prometheus
2026-06-09 11:59:33 [INFO][module01-actuator] [http-nio-8080-exec-5] traceId=73cb9d57-8d74-43a1-9796-5d2b73727660 c.w.a.g.log.RequestLoggingFilter - event=request_completed method=GET uri=/actuator/prometheus status=200 durationMs=151
2026-06-09 11:59:38 [INFO][module01-actuator] [http-nio-8080-exec-2] traceId=1b180634-3699-41d4-8a4c-a9bf73ff562a c.w.a.g.log.RequestLoggingFilter - event=request_started method=GET uri=/actuator/prometheus
2026-06-09 11:59:38 [INFO][module01-actuator] [http-nio-8080-exec-2] traceId=1b180634-3699-41d4-8a4c-a9bf73ff562a c.w.a.g.log.RequestLoggingFilter - event=request_completed method=GET uri=/actuator/prometheus status=200 durationMs=161
2026-06-09 11:59:43 [INFO][module01-actuator] [http-nio-8080-exec-7] traceId=b4d0f4cb-655c-4255-95b1-72b52041f3b8 c.w.a.g.log.RequestLoggingFilter - event=request_started method=GET uri=/actuator/prometheus
2026-06-09 11:59:43 [INFO][module01-actuator] [http-nio-8080-exec-7] traceId=b4d0f4cb-655c-4255-95b1-72b52041f3b8 c.w.a.g.log.RequestLoggingFilter - event=request_completed method=GET uri=/actuator/prometheus status=200 durationMs=101
2026-06-09 11:59:48 [INFO][module01-actuator] [http-nio-8080-exec-10] traceId=3e90e499-4648-4a75-869f-42e3f4279225 c.w.a.g.log.RequestLoggingFilter - event=request_started method=GET uri=/actuator/prometheus
2026-06-09 11:59:48 [INFO][module01-actuator] [http-nio-8080-exec-10] traceId=3e90e499-4648-4a75-869f-42e3f4279225 c.w.a.g.log.RequestLoggingFilter - event=request_completed method=GET uri=/actuator/prometheus status=200 durationMs=175
2026-06-09 11:59:53 [INFO][module01-actuator] [http-nio-8080-exec-11] traceId=f1c6fb74-56f6-4649-9fd8-4dd6992b964d c.w.a.g.log.RequestLoggingFilter - event=request_started method=GET uri=/actuator/prometheus
2026-06-09 11:59:54 [INFO][module01-actuator] [http-nio-8080-exec-11] traceId=f1c6fb74-56f6-4649-9fd8-4dd6992b964d c.w.a.g.log.RequestLoggingFilter - event=request_completed method=GET uri=/actuator/prometheus status=200 durationMs=273
2026-06-09 11:59:58 [INFO][module01-actuator] [http-nio-8080-exec-3] traceId=699d9189-d0b8-4e0d-90f6-a0f0ed518fc6 c.w.a.g.log.RequestLoggingFilter - event=request_started method=GET uri=/actuator/prometheus
2026-06-09 11:59:58 [INFO][module01-actuator] [http-nio-8080-exec-3] traceId=699d9189-d0b8-4e0d-90f6-a0f0ed518fc6 c.w.a.g.log.RequestLoggingFilter - event=request_completed method=GET uri=/actuator/prometheus status=200 durationMs=146
2026-06-09 12:00:03 [INFO][module01-actuator] [http-nio-8080-exec-1] traceId=9d787f86-8dbc-4c28-aabc-5bb461e3d493 c.w.a.g.log.RequestLoggingFilter - event=request_started method=GET uri=/actuator/prometheus
2026-06-09 12:00:03 [INFO][module01-actuator] [http-nio-8080-exec-1] traceId=9d787f86-8dbc-4c28-aabc-5bb461e3d493 c.w.a.g.log.RequestLoggingFilter - event=request_completed method=GET uri=/actuator/prometheus status=200 durationMs=143
2026-06-09 12:00:08 [INFO][module01-actuator] [http-nio-8080-exec-4] traceId=73a6bb5c-e3ac-4390-818e-38579709dfcb c.w.a.g.log.RequestLoggingFilter - event=request_started method=GET uri=/actuator/prometheus
2026-06-09 12:00:08 [INFO][module01-actuator] [http-nio-8080-exec-4] traceId=73a6bb5c-e3ac-4390-818e-38579709dfcb c.w.a.g.log.RequestLoggingFilter - event=request_completed method=GET uri=/actuator/prometheus status=200 durationMs=158
2026-06-09 12:00:13 [INFO][module01-actuator] [http-nio-8080-exec-9] traceId=a17f2604-8eda-46fb-a177-7f6f63a03aff c.w.a.g.log.RequestLoggingFilter - event=request_started method=GET uri=/actuator/prometheus
2026-06-09 12:00:13 [INFO][module01-actuator] [http-nio-8080-exec-9] traceId=a17f2604-8eda-46fb-a177-7f6f63a03aff c.w.a.g.log.RequestLoggingFilter - event=request_completed method=GET uri=/actuator/prometheus status=200 durationMs=172
2026-06-09 12:00:18 [INFO][module01-actuator] [http-nio-8080-exec-8] traceId=4d5ecd51-2009-4ca8-b758-e164ac97d668 c.w.a.g.log.RequestLoggingFilter - event=request_started method=GET uri=/actuator/prometheus
2026-06-09 12:00:19 [INFO][module01-actuator] [http-nio-8080-exec-8] traceId=4d5ecd51-2009-4ca8-b758-e164ac97d668 c.w.a.g.log.RequestLoggingFilter - event=request_completed method=GET uri=/actuator/prometheus status=200 durationMs=258
2026-06-09 12:00:23 [INFO][module01-actuator] [http-nio-8080-exec-5] traceId=804bc0ee-7205-426c-9b3c-9728e07e8d96 c.w.a.g.log.RequestLoggingFilter - event=request_started method=GET uri=/actuator/prometheus
2026-06-09 12:00:23 [INFO][module01-actuator] [http-nio-8080-exec-5] traceId=804bc0ee-7205-426c-9b3c-9728e07e8d96 c.w.a.g.log.RequestLoggingFilter - event=request_completed method=GET uri=/actuator/prometheus status=200 durationMs=154
2026-06-09 12:00:28 [INFO][module01-actuator] [http-nio-8080-exec-2] traceId=d8ebd7aa-66b9-4393-b768-f36055d4ac5e c.w.a.g.log.RequestLoggingFilter - event=request_started method=GET uri=/actuator/prometheus
2026-06-09 12:00:28 [INFO][module01-actuator] [http-nio-8080-exec-2] traceId=d8ebd7aa-66b9-4393-b768-f36055d4ac5e c.w.a.g.log.RequestLoggingFilter - event=request_completed method=GET uri=/actuator/prometheus status=200 durationMs=160
2026-06-09 12:00:33 [INFO][module01-actuator] [http-nio-8080-exec-7] traceId=d33f181f-9029-4f7a-a334-c31999dc0803 c.w.a.g.log.RequestLoggingFilter - event=request_started method=GET uri=/actuator/prometheus
2026-06-09 12:00:34 [INFO][module01-actuator] [http-nio-8080-exec-7] traceId=d33f181f-9029-4f7a-a334-c31999dc0803 c.w.a.g.log.RequestLoggingFilter - event=request_completed method=GET uri=/actuator/prometheus status=200 durationMs=304
2026-06-09 12:00:38 [INFO][module01-actuator] [http-nio-8080-exec-10] traceId=62950a3c-5633-4ec1-a722-2b4f71ad0c5b c.w.a.g.log.RequestLoggingFilter - event=request_started method=GET uri=/actuator/prometheus
2026-06-09 12:00:38 [INFO][module01-actuator] [http-nio-8080-exec-10] traceId=62950a3c-5633-4ec1-a722-2b4f71ad0c5b c.w.a.g.log.RequestLoggingFilter - event=request_completed method=GET uri=/actuator/prometheus status=200 durationMs=145
2026-06-09 12:00:43 [INFO][module01-actuator] [http-nio-8080-exec-11] traceId=0f54322c-1336-413d-9d8e-43f77efa75dc c.w.a.g.log.RequestLoggingFilter - event=request_started method=GET uri=/actuator/prometheus
2026-06-09 12:00:43 [INFO][module01-actuator] [http-nio-8080-exec-11] traceId=0f54322c-1336-413d-9d8e-43f77efa75dc c.w.a.g.log.RequestLoggingFilter - event=request_completed method=GET uri=/actuator/prometheus status=200 durationMs=165
2026-06-09 12:00:48 [INFO][module01-actuator] [http-nio-8080-exec-3] traceId=ec21e293-cd6a-43a8-959c-81b8ab52cd28 c.w.a.g.log.RequestLoggingFilter - event=request_started method=GET uri=/actuator/prometheus
2026-06-09 12:00:49 [INFO][module01-actuator] [http-nio-8080-exec-3] traceId=ec21e293-cd6a-43a8-959c-81b8ab52cd28 c.w.a.g.log.RequestLoggingFilter - event=request_completed method=GET uri=/actuator/prometheus status=200 durationMs=233
2026-06-09 12:00:53 [INFO][module01-actuator] [http-nio-8080-exec-1] traceId=410d6068-7f6b-4771-83d8-aa1f187e9021 c.w.a.g.log.RequestLoggingFilter - event=request_started method=GET uri=/actuator/prometheus
2026-06-09 12:00:53 [INFO][module01-actuator] [http-nio-8080-exec-1] traceId=410d6068-7f6b-4771-83d8-aa1f187e9021 c.w.a.g.log.RequestLoggingFilter - event=request_completed method=GET uri=/actuator/prometheus status=200 durationMs=141
2026-06-09 12:00:58 [INFO][module01-actuator] [http-nio-8080-exec-4] traceId=704b2495-05c3-42d6-82b3-dd6220cec82a c.w.a.g.log.RequestLoggingFilter - event=request_started method=GET uri=/actuator/prometheus
2026-06-09 12:00:59 [INFO][module01-actuator] [http-nio-8080-exec-4] traceId=704b2495-05c3-42d6-82b3-dd6220cec82a c.w.a.g.log.RequestLoggingFilter - event=request_completed method=GET uri=/actuator/prometheus status=200 durationMs=207
2026-06-09 12:01:03 [INFO][module01-actuator] [http-nio-8080-exec-9] traceId=5e01867c-e1d1-4aa1-be9f-74d3a7ebe232 c.w.a.g.log.RequestLoggingFilter - event=request_started method=GET uri=/actuator/prometheus
2026-06-09 12:01:04 [INFO][module01-actuator] [http-nio-8080-exec-9] traceId=5e01867c-e1d1-4aa1-be9f-74d3a7ebe232 c.w.a.g.log.RequestLoggingFilter - event=request_completed method=GET uri=/actuator/prometheus status=200 durationMs=236
2026-06-09 12:01:08 [INFO][module01-actuator] [http-nio-8080-exec-8] traceId=16d65a97-2773-455f-8e8e-3c5b44977cd0 c.w.a.g.log.RequestLoggingFilter - event=request_started method=GET uri=/actuator/prometheus
2026-06-09 12:01:08 [INFO][module01-actuator] [http-nio-8080-exec-8] traceId=16d65a97-2773-455f-8e8e-3c5b44977cd0 c.w.a.g.log.RequestLoggingFilter - event=request_completed method=GET uri=/actuator/prometheus status=200 durationMs=144
2026-06-09 12:01:13 [INFO][module01-actuator] [http-nio-8080-exec-5] traceId=54f45159-3523-4dbc-b2db-1951f9804462 c.w.a.g.log.RequestLoggingFilter - event=request_started method=GET uri=/actuator/prometheus
2026-06-09 12:01:13 [INFO][module01-actuator] [http-nio-8080-exec-5] traceId=54f45159-3523-4dbc-b2db-1951f9804462 c.w.a.g.log.RequestLoggingFilter - event=request_completed method=GET uri=/actuator/prometheus status=200 durationMs=165
2026-06-09 12:01:18 [INFO][module01-actuator] [http-nio-8080-exec-2] traceId=5d58ac39-299c-42b0-b332-2d10fc3e1ced c.w.a.g.log.RequestLoggingFilter - event=request_started method=GET uri=/actuator/prometheus
2026-06-09 12:01:18 [INFO][module01-actuator] [http-nio-8080-exec-2] traceId=5d58ac39-299c-42b0-b332-2d10fc3e1ced c.w.a.g.log.RequestLoggingFilter - event=request_completed method=GET uri=/actuator/prometheus status=200 durationMs=139
2026-06-09 12:01:23 [INFO][module01-actuator] [http-nio-8080-exec-7] traceId=13ca58c9-d5d2-475a-9e99-cb940e8441dc c.w.a.g.log.RequestLoggingFilter - event=request_started method=GET uri=/actuator/prometheus
2026-06-09 12:01:23 [INFO][module01-actuator] [http-nio-8080-exec-7] traceId=13ca58c9-d5d2-475a-9e99-cb940e8441dc c.w.a.g.log.RequestLoggingFilter - event=request_completed method=GET uri=/actuator/prometheus status=200 durationMs=146
2026-06-09 12:01:28 [INFO][module01-actuator] [http-nio-8080-exec-10] traceId=31d71b17-e37d-4a50-953f-cfec204ecb84 c.w.a.g.log.RequestLoggingFilter - event=request_started method=GET uri=/actuator/prometheus
2026-06-09 12:01:29 [INFO][module01-actuator] [http-nio-8080-exec-10] traceId=31d71b17-e37d-4a50-953f-cfec204ecb84 c.w.a.g.log.RequestLoggingFilter - event=request_completed method=GET uri=/actuator/prometheus status=200 durationMs=197
2026-06-09 12:01:33 [INFO][module01-actuator] [http-nio-8080-exec-11] traceId=dea32fed-3c46-478c-8fba-c6e3db4d7caf c.w.a.g.log.RequestLoggingFilter - event=request_started method=GET uri=/actuator/prometheus
2026-06-09 12:01:34 [INFO][module01-actuator] [http-nio-8080-exec-11] traceId=dea32fed-3c46-478c-8fba-c6e3db4d7caf c.w.a.g.log.RequestLoggingFilter - event=request_completed method=GET uri=/actuator/prometheus status=200 durationMs=321
2026-06-09 12:01:38 [INFO][module01-actuator] [http-nio-8080-exec-3] traceId=5ada773b-3213-44cc-8738-6e3ad5ac58af c.w.a.g.log.RequestLoggingFilter - event=request_started method=GET uri=/actuator/prometheus
2026-06-09 12:01:38 [INFO][module01-actuator] [http-nio-8080-exec-3] traceId=5ada773b-3213-44cc-8738-6e3ad5ac58af c.w.a.g.log.RequestLoggingFilter - event=request_completed method=GET uri=/actuator/prometheus status=200 durationMs=150
2026-06-09 12:01:43 [INFO][module01-actuator] [http-nio-8080-exec-1] traceId=3c40cf71-01ac-4623-ac04-c2bddabce2d8 c.w.a.g.log.RequestLoggingFilter - event=request_started method=GET uri=/actuator/prometheus
2026-06-09 12:01:43 [INFO][module01-actuator] [http-nio-8080-exec-1] traceId=3c40cf71-01ac-4623-ac04-c2bddabce2d8 c.w.a.g.log.RequestLoggingFilter - event=request_completed method=GET uri=/actuator/prometheus status=200 durationMs=162
2026-06-09 12:01:48 [INFO][module01-actuator] [http-nio-8080-exec-4] traceId=3f4c743f-c5fe-4995-8e04-e506f0b7de19 c.w.a.g.log.RequestLoggingFilter - event=request_started method=GET uri=/actuator/prometheus
2026-06-09 12:01:48 [INFO][module01-actuator] [http-nio-8080-exec-4] traceId=3f4c743f-c5fe-4995-8e04-e506f0b7de19 c.w.a.g.log.RequestLoggingFilter - event=request_completed method=GET uri=/actuator/prometheus status=200 durationMs=172
2026-06-09 12:01:53 [INFO][module01-actuator] [http-nio-8080-exec-9] traceId=faf14c95-b2a1-467f-97c1-b2f3b22c12fc c.w.a.g.log.RequestLoggingFilter - event=request_started method=GET uri=/actuator/prometheus
2026-06-09 12:01:53 [INFO][module01-actuator] [http-nio-8080-exec-9] traceId=faf14c95-b2a1-467f-97c1-b2f3b22c12fc c.w.a.g.log.RequestLoggingFilter - event=request_completed method=GET uri=/actuator/prometheus status=200 durationMs=147
2026-06-09 12:01:58 [INFO][module01-actuator] [http-nio-8080-exec-8] traceId=43011e4e-2d15-486b-9cd0-a2deac78e515 c.w.a.g.log.RequestLoggingFilter - event=request_started method=GET uri=/actuator/prometheus
2026-06-09 12:01:58 [INFO][module01-actuator] [http-nio-8080-exec-8] traceId=43011e4e-2d15-486b-9cd0-a2deac78e515 c.w.a.g.log.RequestLoggingFilter - event=request_completed method=GET uri=/actuator/prometheus status=200 durationMs=163
2026-06-09 12:02:03 [INFO][module01-actuator] [http-nio-8080-exec-5] traceId=90fd87fe-e548-497c-bb5c-e447f759894c c.w.a.g.log.RequestLoggingFilter - event=request_started method=GET uri=/actuator/prometheus
2026-06-09 12:02:04 [INFO][module01-actuator] [http-nio-8080-exec-5] traceId=90fd87fe-e548-497c-bb5c-e447f759894c c.w.a.g.log.RequestLoggingFilter - event=request_completed method=GET uri=/actuator/prometheus status=200 durationMs=261
2026-06-09 12:02:08 [INFO][module01-actuator] [http-nio-8080-exec-2] traceId=9b7f616e-b02f-4d22-b6f9-94925ce02376 c.w.a.g.log.RequestLoggingFilter - event=request_started method=GET uri=/actuator/prometheus
2026-06-09 12:02:08 [INFO][module01-actuator] [http-nio-8080-exec-2] traceId=9b7f616e-b02f-4d22-b6f9-94925ce02376 c.w.a.g.log.RequestLoggingFilter - event=request_completed method=GET uri=/actuator/prometheus status=200 durationMs=135
2026-06-09 12:02:13 [INFO][module01-actuator] [http-nio-8080-exec-7] traceId=3d3571f0-2204-4658-bf6f-bd364cf1a05c c.w.a.g.log.RequestLoggingFilter - event=request_started method=GET uri=/actuator/prometheus
2026-06-09 12:02:13 [INFO][module01-actuator] [http-nio-8080-exec-7] traceId=3d3571f0-2204-4658-bf6f-bd364cf1a05c c.w.a.g.log.RequestLoggingFilter - event=request_completed method=GET uri=/actuator/prometheus status=200 durationMs=142
2026-06-09 12:02:18 [INFO][module01-actuator] [http-nio-8080-exec-10] traceId=b2201c53-77cb-4773-be7a-427594978b7c c.w.a.g.log.RequestLoggingFilter - event=request_started method=GET uri=/actuator/prometheus
2026-06-09 12:02:18 [INFO][module01-actuator] [http-nio-8080-exec-10] traceId=b2201c53-77cb-4773-be7a-427594978b7c c.w.a.g.log.RequestLoggingFilter - event=request_completed method=GET uri=/actuator/prometheus status=200 durationMs=135
2026-06-09 12:02:23 [INFO][module01-actuator] [http-nio-8080-exec-11] traceId=bf1aea91-ba3b-4b4e-8933-502cf57be6ef c.w.a.g.log.RequestLoggingFilter - event=request_started method=GET uri=/actuator/prometheus
2026-06-09 12:02:23 [INFO][module01-actuator] [http-nio-8080-exec-11] traceId=bf1aea91-ba3b-4b4e-8933-502cf57be6ef c.w.a.g.log.RequestLoggingFilter - event=request_completed method=GET uri=/actuator/prometheus status=200 durationMs=162
2026-06-09 12:02:28 [INFO][module01-actuator] [http-nio-8080-exec-3] traceId=85555822-a1e6-4839-9db3-a120b03ff8b8 c.w.a.g.log.RequestLoggingFilter - event=request_started method=GET uri=/actuator/prometheus
2026-06-09 12:02:29 [INFO][module01-actuator] [http-nio-8080-exec-3] traceId=85555822-a1e6-4839-9db3-a120b03ff8b8 c.w.a.g.log.RequestLoggingFilter - event=request_completed method=GET uri=/actuator/prometheus status=200 durationMs=284
2026-06-09 12:02:33 [INFO][module01-actuator] [http-nio-8080-exec-1] traceId=4a8f97e9-4cc8-4c35-a31d-4bbcc6212b8c c.w.a.g.log.RequestLoggingFilter - event=request_started method=GET uri=/actuator/prometheus
2026-06-09 12:02:33 [INFO][module01-actuator] [http-nio-8080-exec-1] traceId=4a8f97e9-4cc8-4c35-a31d-4bbcc6212b8c c.w.a.g.log.RequestLoggingFilter - event=request_completed method=GET uri=/actuator/prometheus status=200 durationMs=142
2026-06-09 12:02:38 [INFO][module01-actuator] [http-nio-8080-exec-4] traceId=2513baac-ad96-40e9-8de4-ba890de950e8 c.w.a.g.log.RequestLoggingFilter - event=request_started method=GET uri=/actuator/prometheus
2026-06-09 12:02:38 [INFO][module01-actuator] [http-nio-8080-exec-4] traceId=2513baac-ad96-40e9-8de4-ba890de950e8 c.w.a.g.log.RequestLoggingFilter - event=request_completed method=GET uri=/actuator/prometheus status=200 durationMs=175
2026-06-09 12:02:43 [INFO][module01-actuator] [http-nio-8080-exec-9] traceId=ff61a83f-96c9-4b94-8e0b-3ba5977c8092 c.w.a.g.log.RequestLoggingFilter - event=request_started method=GET uri=/actuator/prometheus
2026-06-09 12:02:43 [INFO][module01-actuator] [http-nio-8080-exec-9] traceId=ff61a83f-96c9-4b94-8e0b-3ba5977c8092 c.w.a.g.log.RequestLoggingFilter - event=request_completed method=GET uri=/actuator/prometheus status=200 durationMs=150
2026-06-09 12:02:48 [INFO][module01-actuator] [http-nio-8080-exec-8] traceId=c26969f0-3ac3-4896-b2ee-b621cce2ed38 c.w.a.g.log.RequestLoggingFilter - event=request_started method=GET uri=/actuator/prometheus
2026-06-09 12:02:48 [INFO][module01-actuator] [http-nio-8080-exec-8] traceId=c26969f0-3ac3-4896-b2ee-b621cce2ed38 c.w.a.g.log.RequestLoggingFilter - event=request_completed method=GET uri=/actuator/prometheus status=200 durationMs=132
2026-06-09 12:02:53 [INFO][module01-actuator] [http-nio-8080-exec-5] traceId=d356cc2c-5e90-4b0f-8a3c-cc5766468514 c.w.a.g.log.RequestLoggingFilter - event=request_started method=GET uri=/actuator/prometheus
2026-06-09 12:02:53 [INFO][module01-actuator] [http-nio-8080-exec-5] traceId=d356cc2c-5e90-4b0f-8a3c-cc5766468514 c.w.a.g.log.RequestLoggingFilter - event=request_completed method=GET uri=/actuator/prometheus status=200 durationMs=147
2026-06-09 12:02:58 [INFO][module01-actuator] [http-nio-8080-exec-2] traceId=99c76db0-7a9b-4988-b0be-394a67ab5e30 c.w.a.g.log.RequestLoggingFilter - event=request_started method=GET uri=/actuator/prometheus
2026-06-09 12:02:58 [INFO][module01-actuator] [http-nio-8080-exec-2] traceId=99c76db0-7a9b-4988-b0be-394a67ab5e30 c.w.a.g.log.RequestLoggingFilter - event=request_completed method=GET uri=/actuator/prometheus status=200 durationMs=148
2026-06-09 12:03:03 [INFO][module01-actuator] [http-nio-8080-exec-7] traceId=ccc3a7e4-eb88-4bd8-8d30-fb275c6d1996 c.w.a.g.log.RequestLoggingFilter - event=request_started method=GET uri=/actuator/prometheus
2026-06-09 12:03:04 [INFO][module01-actuator] [http-nio-8080-exec-7] traceId=ccc3a7e4-eb88-4bd8-8d30-fb275c6d1996 c.w.a.g.log.RequestLoggingFilter - event=request_completed method=GET uri=/actuator/prometheus status=200 durationMs=196
2026-06-09 12:03:08 [INFO][module01-actuator] [http-nio-8080-exec-10] traceId=dc0454e7-7f57-4c73-9dd3-a7a6d5f02631 c.w.a.g.log.RequestLoggingFilter - event=request_started method=GET uri=/actuator/prometheus
2026-06-09 12:03:08 [INFO][module01-actuator] [http-nio-8080-exec-10] traceId=dc0454e7-7f57-4c73-9dd3-a7a6d5f02631 c.w.a.g.log.RequestLoggingFilter - event=request_completed method=GET uri=/actuator/prometheus status=200 durationMs=143
2026-06-09 12:03:13 [INFO][module01-actuator] [http-nio-8080-exec-11] traceId=058df336-1d07-4164-ad7c-1de94e6c8400 c.w.a.g.log.RequestLoggingFilter - event=request_started method=GET uri=/actuator/prometheus
2026-06-09 12:03:14 [INFO][module01-actuator] [http-nio-8080-exec-11] traceId=058df336-1d07-4164-ad7c-1de94e6c8400 c.w.a.g.log.RequestLoggingFilter - event=request_completed method=GET uri=/actuator/prometheus status=200 durationMs=165
2026-06-09 12:03:18 [INFO][module01-actuator] [http-nio-8080-exec-3] traceId=c80179c8-2cf2-4196-95af-e2ad66951dc0 c.w.a.g.log.RequestLoggingFilter - event=request_started method=GET uri=/actuator/prometheus
2026-06-09 12:03:18 [INFO][module01-actuator] [http-nio-8080-exec-3] traceId=c80179c8-2cf2-4196-95af-e2ad66951dc0 c.w.a.g.log.RequestLoggingFilter - event=request_completed method=GET uri=/actuator/prometheus status=200 durationMs=155
2026-06-09 12:03:23 [INFO][module01-actuator] [http-nio-8080-exec-1] traceId=2101c497-1460-4277-8cf5-ea1730bed3d4 c.w.a.g.log.RequestLoggingFilter - event=request_started method=GET uri=/actuator/prometheus
2026-06-09 12:03:24 [INFO][module01-actuator] [http-nio-8080-exec-1] traceId=2101c497-1460-4277-8cf5-ea1730bed3d4 c.w.a.g.log.RequestLoggingFilter - event=request_completed method=GET uri=/actuator/prometheus status=200 durationMs=190
2026-06-09 12:03:28 [INFO][module01-actuator] [http-nio-8080-exec-4] traceId=295e3170-57ac-40db-a6a9-0d5e0734a6a9 c.w.a.g.log.RequestLoggingFilter - event=request_started method=GET uri=/actuator/prometheus
2026-06-09 12:03:29 [INFO][module01-actuator] [http-nio-8080-exec-4] traceId=295e3170-57ac-40db-a6a9-0d5e0734a6a9 c.w.a.g.log.RequestLoggingFilter - event=request_completed method=GET uri=/actuator/prometheus status=200 durationMs=197
2026-06-09 12:03:33 [INFO][module01-actuator] [http-nio-8080-exec-9] traceId=079a963b-6fa3-4070-aa87-5c3ca99abbce c.w.a.g.log.RequestLoggingFilter - event=request_started method=GET uri=/actuator/prometheus
2026-06-09 12:03:33 [INFO][module01-actuator] [http-nio-8080-exec-9] traceId=079a963b-6fa3-4070-aa87-5c3ca99abbce c.w.a.g.log.RequestLoggingFilter - event=request_completed method=GET uri=/actuator/prometheus status=200 durationMs=149
2026-06-09 12:03:38 [INFO][module01-actuator] [http-nio-8080-exec-8] traceId=f791a503-c4dd-4020-8bbd-c0f28c1d389e c.w.a.g.log.RequestLoggingFilter - event=request_started method=GET uri=/actuator/prometheus
2026-06-09 12:03:38 [INFO][module01-actuator] [http-nio-8080-exec-8] traceId=f791a503-c4dd-4020-8bbd-c0f28c1d389e c.w.a.g.log.RequestLoggingFilter - event=request_completed method=GET uri=/actuator/prometheus status=200 durationMs=149
2026-06-09 12:03:43 [INFO][module01-actuator] [http-nio-8080-exec-5] traceId=518159cb-2d14-4a44-9e33-34d6ae0d2832 c.w.a.g.log.RequestLoggingFilter - event=request_started method=GET uri=/actuator/prometheus
2026-06-09 12:03:44 [INFO][module01-actuator] [http-nio-8080-exec-5] traceId=518159cb-2d14-4a44-9e33-34d6ae0d2832 c.w.a.g.log.RequestLoggingFilter - event=request_completed method=GET uri=/actuator/prometheus status=200 durationMs=231
2026-06-09 12:03:48 [INFO][module01-actuator] [http-nio-8080-exec-2] traceId=4f1edaa6-59ae-4a17-be2e-16f649d1c2ca c.w.a.g.log.RequestLoggingFilter - event=request_started method=GET uri=/actuator/prometheus
2026-06-09 12:03:48 [INFO][module01-actuator] [http-nio-8080-exec-2] traceId=4f1edaa6-59ae-4a17-be2e-16f649d1c2ca c.w.a.g.log.RequestLoggingFilter - event=request_completed method=GET uri=/actuator/prometheus status=200 durationMs=165
2026-06-09 12:03:53 [INFO][module01-actuator] [http-nio-8080-exec-7] traceId=c3154acc-8480-46b3-bae7-d940a96d743d c.w.a.g.log.RequestLoggingFilter - event=request_started method=GET uri=/actuator/prometheus
2026-06-09 12:03:53 [INFO][module01-actuator] [http-nio-8080-exec-7] traceId=c3154acc-8480-46b3-bae7-d940a96d743d c.w.a.g.log.RequestLoggingFilter - event=request_completed method=GET uri=/actuator/prometheus status=200 durationMs=180
2026-06-09 12:03:58 [INFO][module01-actuator] [http-nio-8080-exec-10] traceId=614c11fd-6534-42b6-8b2a-713fda6d890c c.w.a.g.log.RequestLoggingFilter - event=request_started method=GET uri=/actuator/prometheus
2026-06-09 12:03:59 [INFO][module01-actuator] [http-nio-8080-exec-10] traceId=614c11fd-6534-42b6-8b2a-713fda6d890c c.w.a.g.log.RequestLoggingFilter - event=request_completed method=GET uri=/actuator/prometheus status=200 durationMs=227
2026-06-09 12:04:03 [INFO][module01-actuator] [http-nio-8080-exec-11] traceId=a3817ce8-6d4c-4036-98d0-f083818717f4 c.w.a.g.log.RequestLoggingFilter - event=request_started method=GET uri=/actuator/prometheus
2026-06-09 12:04:03 [INFO][module01-actuator] [http-nio-8080-exec-11] traceId=a3817ce8-6d4c-4036-98d0-f083818717f4 c.w.a.g.log.RequestLoggingFilter - event=request_completed method=GET uri=/actuator/prometheus status=200 durationMs=137
2026-06-09 12:04:08 [INFO][module01-actuator] [http-nio-8080-exec-3] traceId=67c7c6a7-a8fa-4622-9f4e-e06dbe5197b0 c.w.a.g.log.RequestLoggingFilter - event=request_started method=GET uri=/actuator/prometheus
2026-06-09 12:04:08 [INFO][module01-actuator] [http-nio-8080-exec-3] traceId=67c7c6a7-a8fa-4622-9f4e-e06dbe5197b0 c.w.a.g.log.RequestLoggingFilter - event=request_completed method=GET uri=/actuator/prometheus status=200 durationMs=167
2026-06-09 12:04:13 [INFO][module01-actuator] [http-nio-8080-exec-1] traceId=91745773-569d-47fe-83a3-2330183b7a4d c.w.a.g.log.RequestLoggingFilter - event=request_started method=GET uri=/actuator/prometheus
2026-06-09 12:04:13 [INFO][module01-actuator] [http-nio-8080-exec-1] traceId=91745773-569d-47fe-83a3-2330183b7a4d c.w.a.g.log.RequestLoggingFilter - event=request_completed method=GET uri=/actuator/prometheus status=200 durationMs=165
2026-06-09 12:04:18 [INFO][module01-actuator] [http-nio-8080-exec-4] traceId=e9892abe-1124-43dc-ae17-da5641a79c2a c.w.a.g.log.RequestLoggingFilter - event=request_started method=GET uri=/actuator/prometheus
2026-06-09 12:04:18 [INFO][module01-actuator] [http-nio-8080-exec-4] traceId=e9892abe-1124-43dc-ae17-da5641a79c2a c.w.a.g.log.RequestLoggingFilter - event=request_completed method=GET uri=/actuator/prometheus status=200 durationMs=165
2026-06-09 12:04:23 [INFO][module01-actuator] [http-nio-8080-exec-9] traceId=848f5968-a506-4968-87c1-447cf9ae4dab c.w.a.g.log.RequestLoggingFilter - event=request_started method=GET uri=/actuator/prometheus
2026-06-09 12:04:23 [INFO][module01-actuator] [http-nio-8080-exec-9] traceId=848f5968-a506-4968-87c1-447cf9ae4dab c.w.a.g.log.RequestLoggingFilter - event=request_completed method=GET uri=/actuator/prometheus status=200 durationMs=175
2026-06-09 12:04:28 [INFO][module01-actuator] [http-nio-8080-exec-8] traceId=ba23ab87-1fe5-4df7-9ef1-724878039215 c.w.a.g.log.RequestLoggingFilter - event=request_started method=GET uri=/actuator/prometheus
2026-06-09 12:04:28 [INFO][module01-actuator] [http-nio-8080-exec-8] traceId=ba23ab87-1fe5-4df7-9ef1-724878039215 c.w.a.g.log.RequestLoggingFilter - event=request_completed method=GET uri=/actuator/prometheus status=200 durationMs=163
2026-06-09 12:04:33 [INFO][module01-actuator] [http-nio-8080-exec-5] traceId=15dac093-7dc3-4f21-a987-3a535c656b6d c.w.a.g.log.RequestLoggingFilter - event=request_started method=GET uri=/actuator/prometheus
2026-06-09 12:04:34 [INFO][module01-actuator] [http-nio-8080-exec-5] traceId=15dac093-7dc3-4f21-a987-3a535c656b6d c.w.a.g.log.RequestLoggingFilter - event=request_completed method=GET uri=/actuator/prometheus status=200 durationMs=212
2026-06-09 12:04:38 [INFO][module01-actuator] [http-nio-8080-exec-2] traceId=92989854-b556-41c4-aaee-f037e82be3ac c.w.a.g.log.RequestLoggingFilter - event=request_started method=GET uri=/actuator/prometheus
2026-06-09 12:04:38 [INFO][module01-actuator] [http-nio-8080-exec-2] traceId=92989854-b556-41c4-aaee-f037e82be3ac c.w.a.g.log.RequestLoggingFilter - event=request_completed method=GET uri=/actuator/prometheus status=200 durationMs=151
2026-06-09 12:04:43 [INFO][module01-actuator] [http-nio-8080-exec-7] traceId=0e701438-0985-4b86-9117-5c0422c056a0 c.w.a.g.log.RequestLoggingFilter - event=request_started method=GET uri=/actuator/prometheus
2026-06-09 12:04:43 [INFO][module01-actuator] [http-nio-8080-exec-7] traceId=0e701438-0985-4b86-9117-5c0422c056a0 c.w.a.g.log.RequestLoggingFilter - event=request_completed method=GET uri=/actuator/prometheus status=200 durationMs=178
2026-06-09 12:04:48 [INFO][module01-actuator] [http-nio-8080-exec-10] traceId=437db8a4-d8d6-4957-84a1-a1d868c2f2e6 c.w.a.g.log.RequestLoggingFilter - event=request_started method=GET uri=/actuator/prometheus
2026-06-09 12:04:49 [INFO][module01-actuator] [http-nio-8080-exec-10] traceId=437db8a4-d8d6-4957-84a1-a1d868c2f2e6 c.w.a.g.log.RequestLoggingFilter - event=request_completed method=GET uri=/actuator/prometheus status=200 durationMs=296
2026-06-09 12:04:53 [INFO][module01-actuator] [http-nio-8080-exec-11] traceId=4c3641d0-3b9d-4278-b43e-d0867e6f302f c.w.a.g.log.RequestLoggingFilter - event=request_started method=GET uri=/actuator/prometheus
2026-06-09 12:04:53 [INFO][module01-actuator] [http-nio-8080-exec-11] traceId=4c3641d0-3b9d-4278-b43e-d0867e6f302f c.w.a.g.log.RequestLoggingFilter - event=request_completed method=GET uri=/actuator/prometheus status=200 durationMs=158
2026-06-09 12:04:58 [INFO][module01-actuator] [http-nio-8080-exec-3] traceId=97a9fa46-0165-41fc-96a3-ca7e25e97024 c.w.a.g.log.RequestLoggingFilter - event=request_started method=GET uri=/actuator/prometheus
2026-06-09 12:04:58 [INFO][module01-actuator] [http-nio-8080-exec-3] traceId=97a9fa46-0165-41fc-96a3-ca7e25e97024 c.w.a.g.log.RequestLoggingFilter - event=request_completed method=GET uri=/actuator/prometheus status=200 durationMs=176
2026-06-09 12:05:03 [INFO][module01-actuator] [http-nio-8080-exec-1] traceId=0423e921-b19e-4a97-886c-a2281d0d5e30 c.w.a.g.log.RequestLoggingFilter - event=request_started method=GET uri=/actuator/prometheus
2026-06-09 12:05:03 [INFO][module01-actuator] [http-nio-8080-exec-1] traceId=0423e921-b19e-4a97-886c-a2281d0d5e30 c.w.a.g.log.RequestLoggingFilter - event=request_completed method=GET uri=/actuator/prometheus status=200 durationMs=185
2026-06-09 12:05:08 [INFO][module01-actuator] [http-nio-8080-exec-4] traceId=85849728-3513-4181-a78c-cefc4428f3e3 c.w.a.g.log.RequestLoggingFilter - event=request_started method=GET uri=/actuator/prometheus
2026-06-09 12:05:08 [INFO][module01-actuator] [http-nio-8080-exec-4] traceId=85849728-3513-4181-a78c-cefc4428f3e3 c.w.a.g.log.RequestLoggingFilter - event=request_completed method=GET uri=/actuator/prometheus status=200 durationMs=154
2026-06-09 12:05:13 [INFO][module01-actuator] [http-nio-8080-exec-9] traceId=b35a796f-bba0-458f-a80c-d8f7d2e4eda3 c.w.a.g.log.RequestLoggingFilter - event=request_started method=GET uri=/actuator/prometheus
2026-06-09 12:05:13 [INFO][module01-actuator] [http-nio-8080-exec-9] traceId=b35a796f-bba0-458f-a80c-d8f7d2e4eda3 c.w.a.g.log.RequestLoggingFilter - event=request_completed method=GET uri=/actuator/prometheus status=200 durationMs=174
2026-06-09 12:05:18 [INFO][module01-actuator] [http-nio-8080-exec-8] traceId=7c11cf43-5943-423b-b1e8-4bcc0cad5f58 c.w.a.g.log.RequestLoggingFilter - event=request_started method=GET uri=/actuator/prometheus
2026-06-09 12:05:18 [INFO][module01-actuator] [http-nio-8080-exec-8] traceId=7c11cf43-5943-423b-b1e8-4bcc0cad5f58 c.w.a.g.log.RequestLoggingFilter - event=request_completed method=GET uri=/actuator/prometheus status=200 durationMs=158
2026-06-09 12:05:23 [INFO][module01-actuator] [http-nio-8080-exec-5] traceId=e236d6b3-1bed-4a2c-8ea7-3bab704191fd c.w.a.g.log.RequestLoggingFilter - event=request_started method=GET uri=/actuator/prometheus
2026-06-09 12:05:23 [INFO][module01-actuator] [http-nio-8080-exec-5] traceId=e236d6b3-1bed-4a2c-8ea7-3bab704191fd c.w.a.g.log.RequestLoggingFilter - event=request_completed method=GET uri=/actuator/prometheus status=200 durationMs=162
2026-06-09 12:05:28 [INFO][module01-actuator] [http-nio-8080-exec-2] traceId=b845ed15-f50a-4aa4-9e0d-23eb12b419c2 c.w.a.g.log.RequestLoggingFilter - event=request_started method=GET uri=/actuator/prometheus
2026-06-09 12:05:28 [INFO][module01-actuator] [http-nio-8080-exec-2] traceId=b845ed15-f50a-4aa4-9e0d-23eb12b419c2 c.w.a.g.log.RequestLoggingFilter - event=request_completed method=GET uri=/actuator/prometheus status=200 durationMs=181
2026-06-09 12:05:33 [INFO][module01-actuator] [http-nio-8080-exec-7] traceId=a1d784a1-09a5-4d6e-8fae-0b8135ca25be c.w.a.g.log.RequestLoggingFilter - event=request_started method=GET uri=/actuator/prometheus
2026-06-09 12:05:33 [INFO][module01-actuator] [http-nio-8080-exec-7] traceId=a1d784a1-09a5-4d6e-8fae-0b8135ca25be c.w.a.g.log.RequestLoggingFilter - event=request_completed method=GET uri=/actuator/prometheus status=200 durationMs=165
2026-06-09 12:05:38 [INFO][module01-actuator] [http-nio-8080-exec-10] traceId=7a435c14-d1a5-4ec0-bd37-a135a93805ef c.w.a.g.log.RequestLoggingFilter - event=request_started method=GET uri=/actuator/prometheus
2026-06-09 12:05:38 [INFO][module01-actuator] [http-nio-8080-exec-10] traceId=7a435c14-d1a5-4ec0-bd37-a135a93805ef c.w.a.g.log.RequestLoggingFilter - event=request_completed method=GET uri=/actuator/prometheus status=200 durationMs=141
2026-06-09 12:05:43 [INFO][module01-actuator] [http-nio-8080-exec-11] traceId=26a1b134-569c-4cc1-84b3-2728b3dcb59e c.w.a.g.log.RequestLoggingFilter - event=request_started method=GET uri=/actuator/prometheus
2026-06-09 12:05:43 [INFO][module01-actuator] [http-nio-8080-exec-11] traceId=26a1b134-569c-4cc1-84b3-2728b3dcb59e c.w.a.g.log.RequestLoggingFilter - event=request_completed method=GET uri=/actuator/prometheus status=200 durationMs=146
2026-06-09 12:05:48 [INFO][module01-actuator] [http-nio-8080-exec-3] traceId=0e9dc9fc-c7da-4fc3-97dc-98783027eedb c.w.a.g.log.RequestLoggingFilter - event=request_started method=GET uri=/actuator/prometheus
2026-06-09 12:05:48 [INFO][module01-actuator] [http-nio-8080-exec-3] traceId=0e9dc9fc-c7da-4fc3-97dc-98783027eedb c.w.a.g.log.RequestLoggingFilter - event=request_completed method=GET uri=/actuator/prometheus status=200 durationMs=180
2026-06-09 12:05:53 [INFO][module01-actuator] [http-nio-8080-exec-1] traceId=6fe97c45-6942-4709-a47a-e4265be38431 c.w.a.g.log.RequestLoggingFilter - event=request_started method=GET uri=/actuator/prometheus
2026-06-09 12:05:53 [INFO][module01-actuator] [http-nio-8080-exec-1] traceId=6fe97c45-6942-4709-a47a-e4265be38431 c.w.a.g.log.RequestLoggingFilter - event=request_completed method=GET uri=/actuator/prometheus status=200 durationMs=145
2026-06-09 12:05:58 [INFO][module01-actuator] [http-nio-8080-exec-4] traceId=3f26f973-dafa-4653-b9cd-50f74c9b8a18 c.w.a.g.log.RequestLoggingFilter - event=request_started method=GET uri=/actuator/prometheus
2026-06-09 12:05:58 [INFO][module01-actuator] [http-nio-8080-exec-4] traceId=3f26f973-dafa-4653-b9cd-50f74c9b8a18 c.w.a.g.log.RequestLoggingFilter - event=request_completed method=GET uri=/actuator/prometheus status=200 durationMs=156
2026-06-09 12:06:03 [INFO][module01-actuator] [http-nio-8080-exec-9] traceId=5629f0f6-4a9f-48b8-b479-21d7bac47082 c.w.a.g.log.RequestLoggingFilter - event=request_started method=GET uri=/actuator/prometheus
2026-06-09 12:06:04 [INFO][module01-actuator] [http-nio-8080-exec-9] traceId=5629f0f6-4a9f-48b8-b479-21d7bac47082 c.w.a.g.log.RequestLoggingFilter - event=request_completed method=GET uri=/actuator/prometheus status=200 durationMs=184
2026-06-09 12:06:08 [INFO][module01-actuator] [http-nio-8080-exec-8] traceId=868cc7e8-c96d-49b3-a8ca-ba24340bb155 c.w.a.g.log.RequestLoggingFilter - event=request_started method=GET uri=/actuator/prometheus
2026-06-09 12:06:08 [INFO][module01-actuator] [http-nio-8080-exec-8] traceId=868cc7e8-c96d-49b3-a8ca-ba24340bb155 c.w.a.g.log.RequestLoggingFilter - event=request_completed method=GET uri=/actuator/prometheus status=200 durationMs=137
2026-06-09 12:06:13 [INFO][module01-actuator] [http-nio-8080-exec-5] traceId=42ffc56c-17b3-4fe2-aae6-ee6beba5f1d8 c.w.a.g.log.RequestLoggingFilter - event=request_started method=GET uri=/actuator/prometheus
2026-06-09 12:06:13 [INFO][module01-actuator] [http-nio-8080-exec-5] traceId=42ffc56c-17b3-4fe2-aae6-ee6beba5f1d8 c.w.a.g.log.RequestLoggingFilter - event=request_completed method=GET uri=/actuator/prometheus status=200 durationMs=175
2026-06-09 12:06:18 [INFO][module01-actuator] [http-nio-8080-exec-2] traceId=d45f5f82-0c68-4576-81e3-25262b60a5eb c.w.a.g.log.RequestLoggingFilter - event=request_started method=GET uri=/actuator/prometheus
2026-06-09 12:06:18 [INFO][module01-actuator] [http-nio-8080-exec-2] traceId=d45f5f82-0c68-4576-81e3-25262b60a5eb c.w.a.g.log.RequestLoggingFilter - event=request_completed method=GET uri=/actuator/prometheus status=200 durationMs=164
2026-06-09 12:06:23 [INFO][module01-actuator] [http-nio-8080-exec-7] traceId=a1500b58-8616-4e36-b3aa-375b27238c29 c.w.a.g.log.RequestLoggingFilter - event=request_started method=GET uri=/actuator/prometheus
2026-06-09 12:06:23 [INFO][module01-actuator] [http-nio-8080-exec-7] traceId=a1500b58-8616-4e36-b3aa-375b27238c29 c.w.a.g.log.RequestLoggingFilter - event=request_completed method=GET uri=/actuator/prometheus status=200 durationMs=154
2026-06-09 12:06:28 [INFO][module01-actuator] [http-nio-8080-exec-10] traceId=11dc4494-7d63-499a-99e2-1d02d482400e c.w.a.g.log.RequestLoggingFilter - event=request_started method=GET uri=/actuator/prometheus
2026-06-09 12:06:28 [INFO][module01-actuator] [http-nio-8080-exec-10] traceId=11dc4494-7d63-499a-99e2-1d02d482400e c.w.a.g.log.RequestLoggingFilter - event=request_completed method=GET uri=/actuator/prometheus status=200 durationMs=180
2026-06-09 12:06:33 [INFO][module01-actuator] [http-nio-8080-exec-11] traceId=103d81d6-d738-455e-bc2f-e0318aa49c42 c.w.a.g.log.RequestLoggingFilter - event=request_started method=GET uri=/actuator/prometheus
2026-06-09 12:06:33 [INFO][module01-actuator] [http-nio-8080-exec-11] traceId=103d81d6-d738-455e-bc2f-e0318aa49c42 c.w.a.g.log.RequestLoggingFilter - event=request_completed method=GET uri=/actuator/prometheus status=200 durationMs=156
2026-06-09 12:06:38 [INFO][module01-actuator] [http-nio-8080-exec-3] traceId=c3186db5-1670-4404-bd5c-a5f6285c514e c.w.a.g.log.RequestLoggingFilter - event=request_started method=GET uri=/actuator/prometheus
2026-06-09 12:06:38 [INFO][module01-actuator] [http-nio-8080-exec-3] traceId=c3186db5-1670-4404-bd5c-a5f6285c514e c.w.a.g.log.RequestLoggingFilter - event=request_completed method=GET uri=/actuator/prometheus status=200 durationMs=139
2026-06-09 12:06:43 [INFO][module01-actuator] [http-nio-8080-exec-1] traceId=cf02b8ff-cb2a-4fc6-b669-c098850ec78f c.w.a.g.log.RequestLoggingFilter - event=request_started method=GET uri=/actuator/prometheus
2026-06-09 12:06:43 [INFO][module01-actuator] [http-nio-8080-exec-1] traceId=cf02b8ff-cb2a-4fc6-b669-c098850ec78f c.w.a.g.log.RequestLoggingFilter - event=request_completed method=GET uri=/actuator/prometheus status=200 durationMs=165
2026-06-09 12:06:48 [INFO][module01-actuator] [http-nio-8080-exec-4] traceId=a74576c8-d129-45e6-8881-84fecaf341bc c.w.a.g.log.RequestLoggingFilter - event=request_started method=GET uri=/actuator/prometheus
2026-06-09 12:06:48 [INFO][module01-actuator] [http-nio-8080-exec-4] traceId=a74576c8-d129-45e6-8881-84fecaf341bc c.w.a.g.log.RequestLoggingFilter - event=request_completed method=GET uri=/actuator/prometheus status=200 durationMs=151
2026-06-09 12:06:53 [INFO][module01-actuator] [http-nio-8080-exec-9] traceId=3f8d8463-cc1a-407b-9cb1-3e9c2f5447ee c.w.a.g.log.RequestLoggingFilter - event=request_started method=GET uri=/actuator/prometheus
2026-06-09 12:06:53 [INFO][module01-actuator] [http-nio-8080-exec-9] traceId=3f8d8463-cc1a-407b-9cb1-3e9c2f5447ee c.w.a.g.log.RequestLoggingFilter - event=request_completed method=GET uri=/actuator/prometheus status=200 durationMs=88
2026-06-09 12:06:58 [INFO][module01-actuator] [http-nio-8080-exec-8] traceId=039a6128-783c-456f-b8f0-be519311db24 c.w.a.g.log.RequestLoggingFilter - event=request_started method=GET uri=/actuator/prometheus
2026-06-09 12:06:58 [INFO][module01-actuator] [http-nio-8080-exec-8] traceId=039a6128-783c-456f-b8f0-be519311db24 c.w.a.g.log.RequestLoggingFilter - event=request_completed method=GET uri=/actuator/prometheus status=200 durationMs=125
2026-06-09 12:07:03 [INFO][module01-actuator] [http-nio-8080-exec-5] traceId=2708405b-7d6e-4f9f-b910-460743f5b8cf c.w.a.g.log.RequestLoggingFilter - event=request_started method=GET uri=/actuator/prometheus
2026-06-09 12:07:04 [INFO][module01-actuator] [http-nio-8080-exec-5] traceId=2708405b-7d6e-4f9f-b910-460743f5b8cf c.w.a.g.log.RequestLoggingFilter - event=request_completed method=GET uri=/actuator/prometheus status=200 durationMs=247
2026-06-09 12:07:08 [INFO][module01-actuator] [http-nio-8080-exec-2] traceId=780a73ee-cdde-4e64-a746-c5f0f5ec3ccc c.w.a.g.log.RequestLoggingFilter - event=request_started method=GET uri=/actuator/prometheus
2026-06-09 12:07:08 [INFO][module01-actuator] [http-nio-8080-exec-2] traceId=780a73ee-cdde-4e64-a746-c5f0f5ec3ccc c.w.a.g.log.RequestLoggingFilter - event=request_completed method=GET uri=/actuator/prometheus status=200 durationMs=148
2026-06-09 12:07:13 [INFO][module01-actuator] [http-nio-8080-exec-7] traceId=feb33fe0-77c1-45a7-a9b1-2b4555538d06 c.w.a.g.log.RequestLoggingFilter - event=request_started method=GET uri=/actuator/prometheus
2026-06-09 12:07:13 [INFO][module01-actuator] [http-nio-8080-exec-7] traceId=feb33fe0-77c1-45a7-a9b1-2b4555538d06 c.w.a.g.log.RequestLoggingFilter - event=request_completed method=GET uri=/actuator/prometheus status=200 durationMs=160
2026-06-09 12:07:18 [INFO][module01-actuator] [http-nio-8080-exec-10] traceId=e1b111c8-1b60-4ca9-9177-7d90a4c7fc96 c.w.a.g.log.RequestLoggingFilter - event=request_started method=GET uri=/actuator/prometheus
2026-06-09 12:07:19 [INFO][module01-actuator] [http-nio-8080-exec-10] traceId=e1b111c8-1b60-4ca9-9177-7d90a4c7fc96 c.w.a.g.log.RequestLoggingFilter - event=request_completed method=GET uri=/actuator/prometheus status=200 durationMs=181
2026-06-09 12:07:23 [INFO][module01-actuator] [http-nio-8080-exec-11] traceId=c45cb8e4-78a2-4ef8-8a3e-1934c5eac317 c.w.a.g.log.RequestLoggingFilter - event=request_started method=GET uri=/actuator/prometheus
2026-06-09 12:07:23 [INFO][module01-actuator] [http-nio-8080-exec-11] traceId=c45cb8e4-78a2-4ef8-8a3e-1934c5eac317 c.w.a.g.log.RequestLoggingFilter - event=request_completed method=GET uri=/actuator/prometheus status=200 durationMs=140
2026-06-09 12:07:28 [INFO][module01-actuator] [http-nio-8080-exec-3] traceId=86874423-bcf1-45b7-a60e-a3293f67150f c.w.a.g.log.RequestLoggingFilter - event=request_started method=GET uri=/actuator/prometheus
2026-06-09 12:07:28 [INFO][module01-actuator] [http-nio-8080-exec-3] traceId=86874423-bcf1-45b7-a60e-a3293f67150f c.w.a.g.log.RequestLoggingFilter - event=request_completed method=GET uri=/actuator/prometheus status=200 durationMs=158
2026-06-09 12:07:33 [INFO][module01-actuator] [http-nio-8080-exec-1] traceId=f3e0e7bd-0a74-4c8f-8b77-660ea5ec6a5b c.w.a.g.log.RequestLoggingFilter - event=request_started method=GET uri=/actuator/prometheus
2026-06-09 12:07:33 [INFO][module01-actuator] [http-nio-8080-exec-1] traceId=f3e0e7bd-0a74-4c8f-8b77-660ea5ec6a5b c.w.a.g.log.RequestLoggingFilter - event=request_completed method=GET uri=/actuator/prometheus status=200 durationMs=164
2026-06-09 12:07:38 [INFO][module01-actuator] [http-nio-8080-exec-4] traceId=2b75c9aa-d6b5-43a0-b384-8c450560d999 c.w.a.g.log.RequestLoggingFilter - event=request_started method=GET uri=/actuator/prometheus
2026-06-09 12:07:38 [INFO][module01-actuator] [http-nio-8080-exec-4] traceId=2b75c9aa-d6b5-43a0-b384-8c450560d999 c.w.a.g.log.RequestLoggingFilter - event=request_completed method=GET uri=/actuator/prometheus status=200 durationMs=185
2026-06-09 12:07:43 [INFO][module01-actuator] [http-nio-8080-exec-9] traceId=35231f67-ddaf-4d0f-9e5a-65e29fcee875 c.w.a.g.log.RequestLoggingFilter - event=request_started method=GET uri=/actuator/prometheus
2026-06-09 12:07:43 [INFO][module01-actuator] [http-nio-8080-exec-9] traceId=35231f67-ddaf-4d0f-9e5a-65e29fcee875 c.w.a.g.log.RequestLoggingFilter - event=request_completed method=GET uri=/actuator/prometheus status=200 durationMs=158
2026-06-09 12:07:48 [INFO][module01-actuator] [http-nio-8080-exec-8] traceId=50c7e9a7-1b18-4889-a16d-525b6877cf62 c.w.a.g.log.RequestLoggingFilter - event=request_started method=GET uri=/actuator/prometheus
2026-06-09 12:07:48 [INFO][module01-actuator] [http-nio-8080-exec-8] traceId=50c7e9a7-1b18-4889-a16d-525b6877cf62 c.w.a.g.log.RequestLoggingFilter - event=request_completed method=GET uri=/actuator/prometheus status=200 durationMs=171
2026-06-09 12:07:53 [INFO][module01-actuator] [http-nio-8080-exec-5] traceId=1b06d1d5-2b93-4093-a501-319d2f4dad20 c.w.a.g.log.RequestLoggingFilter - event=request_started method=GET uri=/actuator/prometheus
2026-06-09 12:07:54 [INFO][module01-actuator] [http-nio-8080-exec-5] traceId=1b06d1d5-2b93-4093-a501-319d2f4dad20 c.w.a.g.log.RequestLoggingFilter - event=request_completed method=GET uri=/actuator/prometheus status=200 durationMs=291
2026-06-09 12:07:58 [INFO][module01-actuator] [http-nio-8080-exec-2] traceId=bb66b7f9-89db-4ed5-aa30-3ce8d1e685c7 c.w.a.g.log.RequestLoggingFilter - event=request_started method=GET uri=/actuator/prometheus
2026-06-09 12:07:58 [INFO][module01-actuator] [http-nio-8080-exec-2] traceId=bb66b7f9-89db-4ed5-aa30-3ce8d1e685c7 c.w.a.g.log.RequestLoggingFilter - event=request_completed method=GET uri=/actuator/prometheus status=200 durationMs=162
2026-06-09 12:08:03 [INFO][module01-actuator] [http-nio-8080-exec-7] traceId=595a087f-f10b-4417-bf97-8a26ea3c837a c.w.a.g.log.RequestLoggingFilter - event=request_started method=GET uri=/actuator/prometheus
2026-06-09 12:08:03 [INFO][module01-actuator] [http-nio-8080-exec-7] traceId=595a087f-f10b-4417-bf97-8a26ea3c837a c.w.a.g.log.RequestLoggingFilter - event=request_completed method=GET uri=/actuator/prometheus status=200 durationMs=177
2026-06-09 12:08:08 [INFO][module01-actuator] [http-nio-8080-exec-10] traceId=fcac5fe1-e426-4a58-913b-9a06d802e2f5 c.w.a.g.log.RequestLoggingFilter - event=request_started method=GET uri=/actuator/prometheus
2026-06-09 12:08:09 [INFO][module01-actuator] [http-nio-8080-exec-10] traceId=fcac5fe1-e426-4a58-913b-9a06d802e2f5 c.w.a.g.log.RequestLoggingFilter - event=request_completed method=GET uri=/actuator/prometheus status=200 durationMs=228
2026-06-09 12:08:13 [INFO][module01-actuator] [http-nio-8080-exec-11] traceId=1236b2f0-6386-4adf-9045-b7538373bfcd c.w.a.g.log.RequestLoggingFilter - event=request_started method=GET uri=/actuator/prometheus
2026-06-09 12:08:13 [INFO][module01-actuator] [http-nio-8080-exec-11] traceId=1236b2f0-6386-4adf-9045-b7538373bfcd c.w.a.g.log.RequestLoggingFilter - event=request_completed method=GET uri=/actuator/prometheus status=200 durationMs=175
2026-06-09 12:08:18 [INFO][module01-actuator] [http-nio-8080-exec-3] traceId=3e19981f-10f0-4e66-8cd6-c0e0848c4bd2 c.w.a.g.log.RequestLoggingFilter - event=request_started method=GET uri=/actuator/prometheus
2026-06-09 12:08:18 [INFO][module01-actuator] [http-nio-8080-exec-3] traceId=3e19981f-10f0-4e66-8cd6-c0e0848c4bd2 c.w.a.g.log.RequestLoggingFilter - event=request_completed method=GET uri=/actuator/prometheus status=200 durationMs=179
2026-06-09 12:08:23 [INFO][module01-actuator] [http-nio-8080-exec-1] traceId=8289a8bd-2ae8-4c2d-979a-074b78a01c4d c.w.a.g.log.RequestLoggingFilter - event=request_started method=GET uri=/actuator/prometheus
2026-06-09 12:08:23 [INFO][module01-actuator] [http-nio-8080-exec-1] traceId=8289a8bd-2ae8-4c2d-979a-074b78a01c4d c.w.a.g.log.RequestLoggingFilter - event=request_completed method=GET uri=/actuator/prometheus status=200 durationMs=175
2026-06-09 12:08:28 [INFO][module01-actuator] [http-nio-8080-exec-4] traceId=0fc86a47-4678-4d11-8995-03a529b933b8 c.w.a.g.log.RequestLoggingFilter - event=request_started method=GET uri=/actuator/prometheus
2026-06-09 12:08:29 [INFO][module01-actuator] [http-nio-8080-exec-4] traceId=0fc86a47-4678-4d11-8995-03a529b933b8 c.w.a.g.log.RequestLoggingFilter - event=request_completed method=GET uri=/actuator/prometheus status=200 durationMs=263
2026-06-09 12:08:33 [INFO][module01-actuator] [http-nio-8080-exec-9] traceId=9bc6ecfb-5a79-4298-90dc-19f0d3071f03 c.w.a.g.log.RequestLoggingFilter - event=request_started method=GET uri=/actuator/prometheus
2026-06-09 12:08:34 [INFO][module01-actuator] [http-nio-8080-exec-9] traceId=9bc6ecfb-5a79-4298-90dc-19f0d3071f03 c.w.a.g.log.RequestLoggingFilter - event=request_completed method=GET uri=/actuator/prometheus status=200 durationMs=179
2026-06-09 12:08:38 [INFO][module01-actuator] [http-nio-8080-exec-8] traceId=ab0d0c0c-347f-4959-ac4d-1d9b2cd07d1e c.w.a.g.log.RequestLoggingFilter - event=request_started method=GET uri=/actuator/prometheus
2026-06-09 12:08:38 [INFO][module01-actuator] [http-nio-8080-exec-8] traceId=ab0d0c0c-347f-4959-ac4d-1d9b2cd07d1e c.w.a.g.log.RequestLoggingFilter - event=request_completed method=GET uri=/actuator/prometheus status=200 durationMs=167
2026-06-09 12:08:43 [INFO][module01-actuator] [http-nio-8080-exec-5] traceId=43db9217-6a66-4ba7-9e14-9c056a632f16 c.w.a.g.log.RequestLoggingFilter - event=request_started method=GET uri=/actuator/prometheus
2026-06-09 12:08:44 [INFO][module01-actuator] [http-nio-8080-exec-5] traceId=43db9217-6a66-4ba7-9e14-9c056a632f16 c.w.a.g.log.RequestLoggingFilter - event=request_completed method=GET uri=/actuator/prometheus status=200 durationMs=325
2026-06-09 12:08:48 [INFO][module01-actuator] [http-nio-8080-exec-2] traceId=27c7253e-61bc-4313-a119-f236f4bd86af c.w.a.g.log.RequestLoggingFilter - event=request_started method=GET uri=/actuator/prometheus
2026-06-09 12:08:48 [INFO][module01-actuator] [http-nio-8080-exec-2] traceId=27c7253e-61bc-4313-a119-f236f4bd86af c.w.a.g.log.RequestLoggingFilter - event=request_completed method=GET uri=/actuator/prometheus status=200 durationMs=163
2026-06-09 12:08:53 [INFO][module01-actuator] [http-nio-8080-exec-7] traceId=3c799322-7a0d-494d-ae81-55ff674a7047 c.w.a.g.log.RequestLoggingFilter - event=request_started method=GET uri=/actuator/prometheus
2026-06-09 12:08:53 [INFO][module01-actuator] [http-nio-8080-exec-7] traceId=3c799322-7a0d-494d-ae81-55ff674a7047 c.w.a.g.log.RequestLoggingFilter - event=request_completed method=GET uri=/actuator/prometheus status=200 durationMs=169
2026-06-09 12:08:58 [INFO][module01-actuator] [http-nio-8080-exec-10] traceId=f738583f-18e5-458b-bf61-e24b5fc19675 c.w.a.g.log.RequestLoggingFilter - event=request_started method=GET uri=/actuator/prometheus
2026-06-09 12:08:58 [INFO][module01-actuator] [http-nio-8080-exec-10] traceId=f738583f-18e5-458b-bf61-e24b5fc19675 c.w.a.g.log.RequestLoggingFilter - event=request_completed method=GET uri=/actuator/prometheus status=200 durationMs=176
2026-06-09 12:09:03 [INFO][module01-actuator] [http-nio-8080-exec-11] traceId=b9117f3c-6821-455a-a34c-55ff7b6d7887 c.w.a.g.log.RequestLoggingFilter - event=request_started method=GET uri=/actuator/prometheus
2026-06-09 12:09:03 [INFO][module01-actuator] [http-nio-8080-exec-11] traceId=b9117f3c-6821-455a-a34c-55ff7b6d7887 c.w.a.g.log.RequestLoggingFilter - event=request_completed method=GET uri=/actuator/prometheus status=200 durationMs=146
2026-06-09 12:09:08 [INFO][module01-actuator] [http-nio-8080-exec-3] traceId=704985e9-7bc2-4a15-a5f1-a623d1b09be2 c.w.a.g.log.RequestLoggingFilter - event=request_started method=GET uri=/actuator/prometheus
2026-06-09 12:09:08 [INFO][module01-actuator] [http-nio-8080-exec-3] traceId=704985e9-7bc2-4a15-a5f1-a623d1b09be2 c.w.a.g.log.RequestLoggingFilter - event=request_completed method=GET uri=/actuator/prometheus status=200 durationMs=165
2026-06-09 12:09:13 [INFO][module01-actuator] [http-nio-8080-exec-1] traceId=9dc57770-9c46-4071-af31-29df95d77ef2 c.w.a.g.log.RequestLoggingFilter - event=request_started method=GET uri=/actuator/prometheus
2026-06-09 12:09:13 [INFO][module01-actuator] [http-nio-8080-exec-1] traceId=9dc57770-9c46-4071-af31-29df95d77ef2 c.w.a.g.log.RequestLoggingFilter - event=request_completed method=GET uri=/actuator/prometheus status=200 durationMs=171
2026-06-09 12:09:18 [INFO][module01-actuator] [http-nio-8080-exec-4] traceId=9572bdde-d7ad-4c26-abb0-a7c59856f187 c.w.a.g.log.RequestLoggingFilter - event=request_started method=GET uri=/actuator/prometheus
2026-06-09 12:09:18 [INFO][module01-actuator] [http-nio-8080-exec-4] traceId=9572bdde-d7ad-4c26-abb0-a7c59856f187 c.w.a.g.log.RequestLoggingFilter - event=request_completed method=GET uri=/actuator/prometheus status=200 durationMs=160
2026-06-09 12:09:23 [INFO][module01-actuator] [http-nio-8080-exec-9] traceId=622e8a8c-a352-4acf-a2a9-d69edeeca18d c.w.a.g.log.RequestLoggingFilter - event=request_started method=GET uri=/actuator/prometheus
2026-06-09 12:09:23 [INFO][module01-actuator] [http-nio-8080-exec-9] traceId=622e8a8c-a352-4acf-a2a9-d69edeeca18d c.w.a.g.log.RequestLoggingFilter - event=request_completed method=GET uri=/actuator/prometheus status=200 durationMs=171
2026-06-09 12:09:28 [INFO][module01-actuator] [http-nio-8080-exec-8] traceId=46ba4696-9ee2-4dac-aaaf-a8aa2c715759 c.w.a.g.log.RequestLoggingFilter - event=request_started method=GET uri=/actuator/prometheus
2026-06-09 12:09:28 [INFO][module01-actuator] [http-nio-8080-exec-8] traceId=46ba4696-9ee2-4dac-aaaf-a8aa2c715759 c.w.a.g.log.RequestLoggingFilter - event=request_completed method=GET uri=/actuator/prometheus status=200 durationMs=174
2026-06-09 12:09:33 [INFO][module01-actuator] [http-nio-8080-exec-5] traceId=94016970-d16a-4640-ab97-92f302f0c2a0 c.w.a.g.log.RequestLoggingFilter - event=request_started method=GET uri=/actuator/prometheus
2026-06-09 12:09:33 [INFO][module01-actuator] [http-nio-8080-exec-5] traceId=94016970-d16a-4640-ab97-92f302f0c2a0 c.w.a.g.log.RequestLoggingFilter - event=request_completed method=GET uri=/actuator/prometheus status=200 durationMs=162
2026-06-09 12:09:38 [INFO][module01-actuator] [http-nio-8080-exec-2] traceId=2f49d735-3ac8-48a1-818a-7ec9ea118186 c.w.a.g.log.RequestLoggingFilter - event=request_started method=GET uri=/actuator/prometheus
2026-06-09 12:09:38 [INFO][module01-actuator] [http-nio-8080-exec-2] traceId=2f49d735-3ac8-48a1-818a-7ec9ea118186 c.w.a.g.log.RequestLoggingFilter - event=request_completed method=GET uri=/actuator/prometheus status=200 durationMs=159
2026-06-09 12:09:43 [INFO][module01-actuator] [http-nio-8080-exec-7] traceId=c7cc396f-06d9-4d2e-98b9-d4cc0b5ac6a6 c.w.a.g.log.RequestLoggingFilter - event=request_started method=GET uri=/actuator/prometheus
2026-06-09 12:09:43 [INFO][module01-actuator] [http-nio-8080-exec-7] traceId=c7cc396f-06d9-4d2e-98b9-d4cc0b5ac6a6 c.w.a.g.log.RequestLoggingFilter - event=request_completed method=GET uri=/actuator/prometheus status=200 durationMs=164
2026-06-09 12:09:48 [INFO][module01-actuator] [http-nio-8080-exec-10] traceId=b5d601ad-fc32-42a4-a03d-c558fe8980b9 c.w.a.g.log.RequestLoggingFilter - event=request_started method=GET uri=/actuator/prometheus
2026-06-09 12:09:48 [INFO][module01-actuator] [http-nio-8080-exec-10] traceId=b5d601ad-fc32-42a4-a03d-c558fe8980b9 c.w.a.g.log.RequestLoggingFilter - event=request_completed method=GET uri=/actuator/prometheus status=200 durationMs=152
2026-06-09 12:09:53 [INFO][module01-actuator] [http-nio-8080-exec-11] traceId=0fa37a7b-7eb1-4b6c-b4cb-a8ba79810909 c.w.a.g.log.RequestLoggingFilter - event=request_started method=GET uri=/actuator/prometheus
2026-06-09 12:09:54 [INFO][module01-actuator] [http-nio-8080-exec-11] traceId=0fa37a7b-7eb1-4b6c-b4cb-a8ba79810909 c.w.a.g.log.RequestLoggingFilter - event=request_completed method=GET uri=/actuator/prometheus status=200 durationMs=211
2026-06-09 12:09:58 [INFO][module01-actuator] [http-nio-8080-exec-3] traceId=fb4a22f1-fd89-4721-b167-8ca8fe814148 c.w.a.g.log.RequestLoggingFilter - event=request_started method=GET uri=/actuator/prometheus
2026-06-09 12:09:58 [INFO][module01-actuator] [http-nio-8080-exec-3] traceId=fb4a22f1-fd89-4721-b167-8ca8fe814148 c.w.a.g.log.RequestLoggingFilter - event=request_completed method=GET uri=/actuator/prometheus status=200 durationMs=180
2026-06-09 12:10:03 [INFO][module01-actuator] [http-nio-8080-exec-1] traceId=890912ab-7b99-4f43-9ece-00bbc569e67d c.w.a.g.log.RequestLoggingFilter - event=request_started method=GET uri=/actuator/prometheus
2026-06-09 12:10:03 [INFO][module01-actuator] [http-nio-8080-exec-1] traceId=890912ab-7b99-4f43-9ece-00bbc569e67d c.w.a.g.log.RequestLoggingFilter - event=request_completed method=GET uri=/actuator/prometheus status=200 durationMs=143
2026-06-09 12:10:08 [INFO][module01-actuator] [http-nio-8080-exec-4] traceId=19cf75eb-2064-41cf-b67b-de1a339f0397 c.w.a.g.log.RequestLoggingFilter - event=request_started method=GET uri=/actuator/prometheus
2026-06-09 12:10:08 [INFO][module01-actuator] [http-nio-8080-exec-4] traceId=19cf75eb-2064-41cf-b67b-de1a339f0397 c.w.a.g.log.RequestLoggingFilter - event=request_completed method=GET uri=/actuator/prometheus status=200 durationMs=159
2026-06-09 12:10:13 [INFO][module01-actuator] [http-nio-8080-exec-9] traceId=06d15610-95cf-41d3-9446-0861cc69187a c.w.a.g.log.RequestLoggingFilter - event=request_started method=GET uri=/actuator/prometheus
2026-06-09 12:10:13 [INFO][module01-actuator] [http-nio-8080-exec-9] traceId=06d15610-95cf-41d3-9446-0861cc69187a c.w.a.g.log.RequestLoggingFilter - event=request_completed method=GET uri=/actuator/prometheus status=200 durationMs=168
2026-06-09 12:10:18 [INFO][module01-actuator] [http-nio-8080-exec-8] traceId=dc39cb01-538e-4b52-881d-99e3fabd8a36 c.w.a.g.log.RequestLoggingFilter - event=request_started method=GET uri=/actuator/prometheus
2026-06-09 12:10:18 [INFO][module01-actuator] [http-nio-8080-exec-8] traceId=dc39cb01-538e-4b52-881d-99e3fabd8a36 c.w.a.g.log.RequestLoggingFilter - event=request_completed method=GET uri=/actuator/prometheus status=200 durationMs=159
2026-06-09 12:10:23 [INFO][module01-actuator] [http-nio-8080-exec-5] traceId=12db17ca-4049-465e-9400-2b11fa2f8e0a c.w.a.g.log.RequestLoggingFilter - event=request_started method=GET uri=/actuator/prometheus
2026-06-09 12:10:23 [INFO][module01-actuator] [http-nio-8080-exec-5] traceId=12db17ca-4049-465e-9400-2b11fa2f8e0a c.w.a.g.log.RequestLoggingFilter - event=request_completed method=GET uri=/actuator/prometheus status=200 durationMs=153
2026-06-09 12:10:28 [INFO][module01-actuator] [http-nio-8080-exec-2] traceId=a24ef15d-e57e-4c95-a7c0-e2fd3e7ff652 c.w.a.g.log.RequestLoggingFilter - event=request_started method=GET uri=/actuator/prometheus
2026-06-09 12:10:28 [INFO][module01-actuator] [http-nio-8080-exec-2] traceId=a24ef15d-e57e-4c95-a7c0-e2fd3e7ff652 c.w.a.g.log.RequestLoggingFilter - event=request_completed method=GET uri=/actuator/prometheus status=200 durationMs=175
2026-06-09 12:10:33 [INFO][module01-actuator] [http-nio-8080-exec-7] traceId=b517e7cb-b39c-4bbf-8dd2-be5540cc9691 c.w.a.g.log.RequestLoggingFilter - event=request_started method=GET uri=/actuator/prometheus
2026-06-09 12:10:33 [INFO][module01-actuator] [http-nio-8080-exec-7] traceId=b517e7cb-b39c-4bbf-8dd2-be5540cc9691 c.w.a.g.log.RequestLoggingFilter - event=request_completed method=GET uri=/actuator/prometheus status=200 durationMs=158
2026-06-09 12:10:38 [INFO][module01-actuator] [http-nio-8080-exec-10] traceId=0c032554-13a6-493a-9d5b-b28831c1db23 c.w.a.g.log.RequestLoggingFilter - event=request_started method=GET uri=/actuator/prometheus
2026-06-09 12:10:38 [INFO][module01-actuator] [http-nio-8080-exec-10] traceId=0c032554-13a6-493a-9d5b-b28831c1db23 c.w.a.g.log.RequestLoggingFilter - event=request_completed method=GET uri=/actuator/prometheus status=200 durationMs=161
2026-06-09 12:10:43 [INFO][module01-actuator] [http-nio-8080-exec-11] traceId=ed2ca112-0f85-4cf0-b410-158074b8363e c.w.a.g.log.RequestLoggingFilter - event=request_started method=GET uri=/actuator/prometheus
2026-06-09 12:10:43 [INFO][module01-actuator] [http-nio-8080-exec-11] traceId=ed2ca112-0f85-4cf0-b410-158074b8363e c.w.a.g.log.RequestLoggingFilter - event=request_completed method=GET uri=/actuator/prometheus status=200 durationMs=165
2026-06-09 12:10:48 [INFO][module01-actuator] [http-nio-8080-exec-3] traceId=df2f9982-a269-42b6-a9af-e8d492efcd27 c.w.a.g.log.RequestLoggingFilter - event=request_started method=GET uri=/actuator/prometheus
2026-06-09 12:10:48 [INFO][module01-actuator] [http-nio-8080-exec-3] traceId=df2f9982-a269-42b6-a9af-e8d492efcd27 c.w.a.g.log.RequestLoggingFilter - event=request_completed method=GET uri=/actuator/prometheus status=200 durationMs=155
2026-06-09 12:10:53 [INFO][module01-actuator] [http-nio-8080-exec-1] traceId=a533810b-da9c-45ba-b70a-746b31a90385 c.w.a.g.log.RequestLoggingFilter - event=request_started method=GET uri=/actuator/prometheus
2026-06-09 12:10:53 [INFO][module01-actuator] [http-nio-8080-exec-1] traceId=a533810b-da9c-45ba-b70a-746b31a90385 c.w.a.g.log.RequestLoggingFilter - event=request_completed method=GET uri=/actuator/prometheus status=200 durationMs=175
2026-06-09 12:10:58 [INFO][module01-actuator] [http-nio-8080-exec-4] traceId=8ebef6cc-05a9-4a83-9c96-4a1caba850e4 c.w.a.g.log.RequestLoggingFilter - event=request_started method=GET uri=/actuator/prometheus
2026-06-09 12:10:59 [INFO][module01-actuator] [http-nio-8080-exec-4] traceId=8ebef6cc-05a9-4a83-9c96-4a1caba850e4 c.w.a.g.log.RequestLoggingFilter - event=request_completed method=GET uri=/actuator/prometheus status=200 durationMs=261
2026-06-09 12:11:03 [INFO][module01-actuator] [http-nio-8080-exec-9] traceId=ffd396cd-323f-4d24-984c-21356826a92d c.w.a.g.log.RequestLoggingFilter - event=request_started method=GET uri=/actuator/prometheus
2026-06-09 12:11:03 [INFO][module01-actuator] [http-nio-8080-exec-9] traceId=ffd396cd-323f-4d24-984c-21356826a92d c.w.a.g.log.RequestLoggingFilter - event=request_completed method=GET uri=/actuator/prometheus status=200 durationMs=145
2026-06-09 12:11:08 [INFO][module01-actuator] [http-nio-8080-exec-8] traceId=06179e8a-2a58-43ce-a421-0d1fb749a0f7 c.w.a.g.log.RequestLoggingFilter - event=request_started method=GET uri=/actuator/prometheus
2026-06-09 12:11:08 [INFO][module01-actuator] [http-nio-8080-exec-8] traceId=06179e8a-2a58-43ce-a421-0d1fb749a0f7 c.w.a.g.log.RequestLoggingFilter - event=request_completed method=GET uri=/actuator/prometheus status=200 durationMs=176
2026-06-09 12:11:13 [INFO][module01-actuator] [http-nio-8080-exec-5] traceId=58219a1e-5f64-46c4-85f6-bea2318857b6 c.w.a.g.log.RequestLoggingFilter - event=request_started method=GET uri=/actuator/prometheus
2026-06-09 12:11:13 [INFO][module01-actuator] [http-nio-8080-exec-5] traceId=58219a1e-5f64-46c4-85f6-bea2318857b6 c.w.a.g.log.RequestLoggingFilter - event=request_completed method=GET uri=/actuator/prometheus status=200 durationMs=175
2026-06-09 12:11:18 [INFO][module01-actuator] [http-nio-8080-exec-2] traceId=a933d662-72c4-4929-9f51-8cfc0d644a30 c.w.a.g.log.RequestLoggingFilter - event=request_started method=GET uri=/actuator/prometheus
2026-06-09 12:11:18 [INFO][module01-actuator] [http-nio-8080-exec-2] traceId=a933d662-72c4-4929-9f51-8cfc0d644a30 c.w.a.g.log.RequestLoggingFilter - event=request_completed method=GET uri=/actuator/prometheus status=200 durationMs=135
2026-06-09 12:11:23 [INFO][module01-actuator] [http-nio-8080-exec-7] traceId=9b7f193e-af6b-4492-af3c-d85dd4828f0c c.w.a.g.log.RequestLoggingFilter - event=request_started method=GET uri=/actuator/prometheus
2026-06-09 12:11:23 [INFO][module01-actuator] [http-nio-8080-exec-7] traceId=9b7f193e-af6b-4492-af3c-d85dd4828f0c c.w.a.g.log.RequestLoggingFilter - event=request_completed method=GET uri=/actuator/prometheus status=200 durationMs=168
2026-06-09 12:11:28 [INFO][module01-actuator] [http-nio-8080-exec-10] traceId=fd8ded98-a07d-48ab-bdb8-ffc2fea984e9 c.w.a.g.log.RequestLoggingFilter - event=request_started method=GET uri=/actuator/prometheus
2026-06-09 12:11:29 [INFO][module01-actuator] [http-nio-8080-exec-10] traceId=fd8ded98-a07d-48ab-bdb8-ffc2fea984e9 c.w.a.g.log.RequestLoggingFilter - event=request_completed method=GET uri=/actuator/prometheus status=200 durationMs=290
2026-06-09 12:11:33 [INFO][module01-actuator] [http-nio-8080-exec-11] traceId=ea409cdd-7e38-4757-849f-20c0b49d217e c.w.a.g.log.RequestLoggingFilter - event=request_started method=GET uri=/actuator/prometheus
2026-06-09 12:11:33 [INFO][module01-actuator] [http-nio-8080-exec-11] traceId=ea409cdd-7e38-4757-849f-20c0b49d217e c.w.a.g.log.RequestLoggingFilter - event=request_completed method=GET uri=/actuator/prometheus status=200 durationMs=149
2026-06-09 12:11:38 [INFO][module01-actuator] [http-nio-8080-exec-3] traceId=0064f60d-affe-47bc-922e-4c1928ee7f01 c.w.a.g.log.RequestLoggingFilter - event=request_started method=GET uri=/actuator/prometheus
2026-06-09 12:11:38 [INFO][module01-actuator] [http-nio-8080-exec-3] traceId=0064f60d-affe-47bc-922e-4c1928ee7f01 c.w.a.g.log.RequestLoggingFilter - event=request_completed method=GET uri=/actuator/prometheus status=200 durationMs=164
2026-06-09 12:11:43 [INFO][module01-actuator] [http-nio-8080-exec-1] traceId=5c3ba551-e9d6-4362-ab1f-cbb13a5c757a c.w.a.g.log.RequestLoggingFilter - event=request_started method=GET uri=/actuator/prometheus
2026-06-09 12:11:43 [INFO][module01-actuator] [http-nio-8080-exec-1] traceId=5c3ba551-e9d6-4362-ab1f-cbb13a5c757a c.w.a.g.log.RequestLoggingFilter - event=request_completed method=GET uri=/actuator/prometheus status=200 durationMs=161
2026-06-09 12:11:48 [INFO][module01-actuator] [http-nio-8080-exec-4] traceId=5208c7b7-c8f1-4aa7-974d-757373785c43 c.w.a.g.log.RequestLoggingFilter - event=request_started method=GET uri=/actuator/prometheus
2026-06-09 12:11:48 [INFO][module01-actuator] [http-nio-8080-exec-4] traceId=5208c7b7-c8f1-4aa7-974d-757373785c43 c.w.a.g.log.RequestLoggingFilter - event=request_completed method=GET uri=/actuator/prometheus status=200 durationMs=156
2026-06-09 12:11:53 [INFO][module01-actuator] [http-nio-8080-exec-9] traceId=ad2d05d5-bcd6-4e92-88c6-6ecc0795a81d c.w.a.g.log.RequestLoggingFilter - event=request_started method=GET uri=/actuator/prometheus
2026-06-09 12:11:53 [INFO][module01-actuator] [http-nio-8080-exec-9] traceId=ad2d05d5-bcd6-4e92-88c6-6ecc0795a81d c.w.a.g.log.RequestLoggingFilter - event=request_completed method=GET uri=/actuator/prometheus status=200 durationMs=174
2026-06-09 12:11:58 [INFO][module01-actuator] [http-nio-8080-exec-8] traceId=18840f99-d574-4578-9f1d-b86f1fdfa469 c.w.a.g.log.RequestLoggingFilter - event=request_started method=GET uri=/actuator/prometheus
2026-06-09 12:11:58 [INFO][module01-actuator] [http-nio-8080-exec-8] traceId=18840f99-d574-4578-9f1d-b86f1fdfa469 c.w.a.g.log.RequestLoggingFilter - event=request_completed method=GET uri=/actuator/prometheus status=200 durationMs=176
2026-06-09 12:12:03 [INFO][module01-actuator] [http-nio-8080-exec-5] traceId=de2da768-a1e9-4410-ba80-163d76fea6e5 c.w.a.g.log.RequestLoggingFilter - event=request_started method=GET uri=/actuator/prometheus
2026-06-09 12:12:03 [INFO][module01-actuator] [http-nio-8080-exec-5] traceId=de2da768-a1e9-4410-ba80-163d76fea6e5 c.w.a.g.log.RequestLoggingFilter - event=request_completed method=GET uri=/actuator/prometheus status=200 durationMs=149
2026-06-09 12:12:08 [INFO][module01-actuator] [http-nio-8080-exec-2] traceId=b96d0faa-c786-4793-85e0-16090d42a783 c.w.a.g.log.RequestLoggingFilter - event=request_started method=GET uri=/actuator/prometheus
2026-06-09 12:12:08 [INFO][module01-actuator] [http-nio-8080-exec-2] traceId=b96d0faa-c786-4793-85e0-16090d42a783 c.w.a.g.log.RequestLoggingFilter - event=request_completed method=GET uri=/actuator/prometheus status=200 durationMs=177
2026-06-09 12:12:13 [INFO][module01-actuator] [http-nio-8080-exec-7] traceId=c5fe6ff7-f91d-41dc-aa91-1617ba3a35bb c.w.a.g.log.RequestLoggingFilter - event=request_started method=GET uri=/actuator/prometheus
2026-06-09 12:12:13 [INFO][module01-actuator] [http-nio-8080-exec-7] traceId=c5fe6ff7-f91d-41dc-aa91-1617ba3a35bb c.w.a.g.log.RequestLoggingFilter - event=request_completed method=GET uri=/actuator/prometheus status=200 durationMs=178
2026-06-09 12:12:18 [INFO][module01-actuator] [http-nio-8080-exec-10] traceId=9e481749-93c4-4297-afec-a837f0e808a3 c.w.a.g.log.RequestLoggingFilter - event=request_started method=GET uri=/actuator/prometheus
2026-06-09 12:12:18 [INFO][module01-actuator] [http-nio-8080-exec-10] traceId=9e481749-93c4-4297-afec-a837f0e808a3 c.w.a.g.log.RequestLoggingFilter - event=request_completed method=GET uri=/actuator/prometheus status=200 durationMs=176
2026-06-09 12:12:23 [INFO][module01-actuator] [http-nio-8080-exec-11] traceId=cedac742-0982-463b-a8f2-a86ea2c7e768 c.w.a.g.log.RequestLoggingFilter - event=request_started method=GET uri=/actuator/prometheus
2026-06-09 12:12:23 [INFO][module01-actuator] [http-nio-8080-exec-11] traceId=cedac742-0982-463b-a8f2-a86ea2c7e768 c.w.a.g.log.RequestLoggingFilter - event=request_completed method=GET uri=/actuator/prometheus status=200 durationMs=176
2026-06-09 12:12:28 [INFO][module01-actuator] [http-nio-8080-exec-3] traceId=acc0b711-e9f8-4a9e-b3f0-a61ca5d25924 c.w.a.g.log.RequestLoggingFilter - event=request_started method=GET uri=/actuator/prometheus
2026-06-09 12:12:28 [INFO][module01-actuator] [http-nio-8080-exec-3] traceId=acc0b711-e9f8-4a9e-b3f0-a61ca5d25924 c.w.a.g.log.RequestLoggingFilter - event=request_completed method=GET uri=/actuator/prometheus status=200 durationMs=180
2026-06-09 12:12:33 [INFO][module01-actuator] [http-nio-8080-exec-1] traceId=54f8ad6e-145b-4817-9fd2-5a6b0c1a38db c.w.a.g.log.RequestLoggingFilter - event=request_started method=GET uri=/actuator/prometheus
2026-06-09 12:12:33 [INFO][module01-actuator] [http-nio-8080-exec-1] traceId=54f8ad6e-145b-4817-9fd2-5a6b0c1a38db c.w.a.g.log.RequestLoggingFilter - event=request_completed method=GET uri=/actuator/prometheus status=200 durationMs=173
2026-06-09 12:12:38 [INFO][module01-actuator] [http-nio-8080-exec-4] traceId=3be93a96-2b01-4526-9aa5-ada4993f4219 c.w.a.g.log.RequestLoggingFilter - event=request_started method=GET uri=/actuator/prometheus
2026-06-09 12:12:38 [INFO][module01-actuator] [http-nio-8080-exec-4] traceId=3be93a96-2b01-4526-9aa5-ada4993f4219 c.w.a.g.log.RequestLoggingFilter - event=request_completed method=GET uri=/actuator/prometheus status=200 durationMs=136
2026-06-09 12:12:43 [INFO][module01-actuator] [http-nio-8080-exec-9] traceId=a7b1f245-84dc-4c99-8875-e4a12768feaa c.w.a.g.log.RequestLoggingFilter - event=request_started method=GET uri=/actuator/prometheus
2026-06-09 12:12:43 [INFO][module01-actuator] [http-nio-8080-exec-9] traceId=a7b1f245-84dc-4c99-8875-e4a12768feaa c.w.a.g.log.RequestLoggingFilter - event=request_completed method=GET uri=/actuator/prometheus status=200 durationMs=172
2026-06-09 12:12:48 [INFO][module01-actuator] [http-nio-8080-exec-8] traceId=42a9969e-c19b-424a-8c02-ebf40e21d2b1 c.w.a.g.log.RequestLoggingFilter - event=request_started method=GET uri=/actuator/prometheus
2026-06-09 12:12:49 [INFO][module01-actuator] [http-nio-8080-exec-8] traceId=42a9969e-c19b-424a-8c02-ebf40e21d2b1 c.w.a.g.log.RequestLoggingFilter - event=request_completed method=GET uri=/actuator/prometheus status=200 durationMs=251
2026-06-09 12:12:53 [INFO][module01-actuator] [http-nio-8080-exec-5] traceId=76566444-1b26-428e-a16f-ce7d7d808d9f c.w.a.g.log.RequestLoggingFilter - event=request_started method=GET uri=/actuator/prometheus
2026-06-09 12:12:53 [INFO][module01-actuator] [http-nio-8080-exec-5] traceId=76566444-1b26-428e-a16f-ce7d7d808d9f c.w.a.g.log.RequestLoggingFilter - event=request_completed method=GET uri=/actuator/prometheus status=200 durationMs=143
2026-06-09 12:12:58 [INFO][module01-actuator] [http-nio-8080-exec-2] traceId=42645bb4-dd2a-4902-b3ae-d2c348bc5563 c.w.a.g.log.RequestLoggingFilter - event=request_started method=GET uri=/actuator/prometheus
2026-06-09 12:12:58 [INFO][module01-actuator] [http-nio-8080-exec-2] traceId=42645bb4-dd2a-4902-b3ae-d2c348bc5563 c.w.a.g.log.RequestLoggingFilter - event=request_completed method=GET uri=/actuator/prometheus status=200 durationMs=162
2026-06-09 12:13:03 [INFO][module01-actuator] [http-nio-8080-exec-7] traceId=79016886-80dc-4246-91a3-cda537c176ef c.w.a.g.log.RequestLoggingFilter - event=request_started method=GET uri=/actuator/prometheus
2026-06-09 12:13:04 [INFO][module01-actuator] [http-nio-8080-exec-7] traceId=79016886-80dc-4246-91a3-cda537c176ef c.w.a.g.log.RequestLoggingFilter - event=request_completed method=GET uri=/actuator/prometheus status=200 durationMs=243
2026-06-09 12:13:08 [INFO][module01-actuator] [http-nio-8080-exec-10] traceId=ed3de597-a972-4f35-8379-2927be4d8e03 c.w.a.g.log.RequestLoggingFilter - event=request_started method=GET uri=/actuator/prometheus
2026-06-09 12:13:08 [INFO][module01-actuator] [http-nio-8080-exec-10] traceId=ed3de597-a972-4f35-8379-2927be4d8e03 c.w.a.g.log.RequestLoggingFilter - event=request_completed method=GET uri=/actuator/prometheus status=200 durationMs=116
2026-06-09 12:13:13 [INFO][module01-actuator] [http-nio-8080-exec-11] traceId=e12a083d-96b2-4ff0-a6e5-0ea618824c40 c.w.a.g.log.RequestLoggingFilter - event=request_started method=GET uri=/actuator/prometheus
2026-06-09 12:13:13 [INFO][module01-actuator] [http-nio-8080-exec-11] traceId=e12a083d-96b2-4ff0-a6e5-0ea618824c40 c.w.a.g.log.RequestLoggingFilter - event=request_completed method=GET uri=/actuator/prometheus status=200 durationMs=172
2026-06-09 12:13:18 [INFO][module01-actuator] [http-nio-8080-exec-3] traceId=55417641-1eb5-4678-ad0c-7c712e142c67 c.w.a.g.log.RequestLoggingFilter - event=request_started method=GET uri=/actuator/prometheus
2026-06-09 12:13:19 [INFO][module01-actuator] [http-nio-8080-exec-3] traceId=55417641-1eb5-4678-ad0c-7c712e142c67 c.w.a.g.log.RequestLoggingFilter - event=request_completed method=GET uri=/actuator/prometheus status=200 durationMs=291
2026-06-09 12:13:23 [INFO][module01-actuator] [http-nio-8080-exec-1] traceId=3bb3f287-7046-4ec3-9e50-5a0613fb35c1 c.w.a.g.log.RequestLoggingFilter - event=request_started method=GET uri=/actuator/prometheus
2026-06-09 12:13:23 [INFO][module01-actuator] [http-nio-8080-exec-1] traceId=3bb3f287-7046-4ec3-9e50-5a0613fb35c1 c.w.a.g.log.RequestLoggingFilter - event=request_completed method=GET uri=/actuator/prometheus status=200 durationMs=130
2026-06-09 12:13:28 [INFO][module01-actuator] [http-nio-8080-exec-4] traceId=45636a94-226c-4f01-a680-4e2048ea73bf c.w.a.g.log.RequestLoggingFilter - event=request_started method=GET uri=/actuator/prometheus
2026-06-09 12:13:29 [INFO][module01-actuator] [http-nio-8080-exec-4] traceId=45636a94-226c-4f01-a680-4e2048ea73bf c.w.a.g.log.RequestLoggingFilter - event=request_completed method=GET uri=/actuator/prometheus status=200 durationMs=187
2026-06-09 12:13:33 [INFO][module01-actuator] [http-nio-8080-exec-9] traceId=c45d1866-cd35-404e-a7a4-785f406b4000 c.w.a.g.log.RequestLoggingFilter - event=request_started method=GET uri=/actuator/prometheus
2026-06-09 12:13:34 [INFO][module01-actuator] [http-nio-8080-exec-9] traceId=c45d1866-cd35-404e-a7a4-785f406b4000 c.w.a.g.log.RequestLoggingFilter - event=request_completed method=GET uri=/actuator/prometheus status=200 durationMs=317
2026-06-09 12:13:38 [INFO][module01-actuator] [http-nio-8080-exec-8] traceId=2dbbac63-bb45-4ea3-a038-c9fecc0161db c.w.a.g.log.RequestLoggingFilter - event=request_started method=GET uri=/actuator/prometheus
2026-06-09 12:13:38 [INFO][module01-actuator] [http-nio-8080-exec-8] traceId=2dbbac63-bb45-4ea3-a038-c9fecc0161db c.w.a.g.log.RequestLoggingFilter - event=request_completed method=GET uri=/actuator/prometheus status=200 durationMs=136
2026-06-09 12:13:43 [INFO][module01-actuator] [http-nio-8080-exec-5] traceId=c6a3a130-bc32-4efc-a34b-35dd7900b578 c.w.a.g.log.RequestLoggingFilter - event=request_started method=GET uri=/actuator/prometheus
2026-06-09 12:13:43 [INFO][module01-actuator] [http-nio-8080-exec-5] traceId=c6a3a130-bc32-4efc-a34b-35dd7900b578 c.w.a.g.log.RequestLoggingFilter - event=request_completed method=GET uri=/actuator/prometheus status=200 durationMs=180
2026-06-09 12:13:48 [INFO][module01-actuator] [http-nio-8080-exec-2] traceId=24f76c7a-9062-4c3b-b23c-258c77d4fc70 c.w.a.g.log.RequestLoggingFilter - event=request_started method=GET uri=/actuator/prometheus
2026-06-09 12:13:48 [INFO][module01-actuator] [http-nio-8080-exec-2] traceId=24f76c7a-9062-4c3b-b23c-258c77d4fc70 c.w.a.g.log.RequestLoggingFilter - event=request_completed method=GET uri=/actuator/prometheus status=200 durationMs=170
2026-06-09 12:13:53 [INFO][module01-actuator] [http-nio-8080-exec-7] traceId=897a11b1-e1bb-4eea-a30e-a5390e23f6c5 c.w.a.g.log.RequestLoggingFilter - event=request_started method=GET uri=/actuator/prometheus
2026-06-09 12:13:53 [INFO][module01-actuator] [http-nio-8080-exec-7] traceId=897a11b1-e1bb-4eea-a30e-a5390e23f6c5 c.w.a.g.log.RequestLoggingFilter - event=request_completed method=GET uri=/actuator/prometheus status=200 durationMs=152
2026-06-09 12:13:58 [INFO][module01-actuator] [http-nio-8080-exec-10] traceId=22ed1c20-e048-47e2-a0f0-de16e2682784 c.w.a.g.log.RequestLoggingFilter - event=request_started method=GET uri=/actuator/prometheus
2026-06-09 12:13:58 [INFO][module01-actuator] [http-nio-8080-exec-10] traceId=22ed1c20-e048-47e2-a0f0-de16e2682784 c.w.a.g.log.RequestLoggingFilter - event=request_completed method=GET uri=/actuator/prometheus status=200 durationMs=156
2026-06-09 12:14:03 [INFO][module01-actuator] [http-nio-8080-exec-11] traceId=65738a44-04ec-41aa-964d-6e07893117a9 c.w.a.g.log.RequestLoggingFilter - event=request_started method=GET uri=/actuator/prometheus
2026-06-09 12:14:03 [INFO][module01-actuator] [http-nio-8080-exec-11] traceId=65738a44-04ec-41aa-964d-6e07893117a9 c.w.a.g.log.RequestLoggingFilter - event=request_completed method=GET uri=/actuator/prometheus status=200 durationMs=183
2026-06-09 12:14:08 [INFO][module01-actuator] [http-nio-8080-exec-3] traceId=5c6196ad-1de1-42d1-a2ca-573e3c1262f8 c.w.a.g.log.RequestLoggingFilter - event=request_started method=GET uri=/actuator/prometheus
2026-06-09 12:14:08 [INFO][module01-actuator] [http-nio-8080-exec-3] traceId=5c6196ad-1de1-42d1-a2ca-573e3c1262f8 c.w.a.g.log.RequestLoggingFilter - event=request_completed method=GET uri=/actuator/prometheus status=200 durationMs=138
2026-06-09 12:14:13 [INFO][module01-actuator] [http-nio-8080-exec-1] traceId=5cc5ec88-9f74-4f46-a212-71fad58f220c c.w.a.g.log.RequestLoggingFilter - event=request_started method=GET uri=/actuator/prometheus
2026-06-09 12:14:13 [INFO][module01-actuator] [http-nio-8080-exec-1] traceId=5cc5ec88-9f74-4f46-a212-71fad58f220c c.w.a.g.log.RequestLoggingFilter - event=request_completed method=GET uri=/actuator/prometheus status=200 durationMs=177
2026-06-09 12:14:18 [INFO][module01-actuator] [http-nio-8080-exec-4] traceId=ac808260-df6a-40c2-a8cf-ba973bccad76 c.w.a.g.log.RequestLoggingFilter - event=request_started method=GET uri=/actuator/prometheus
2026-06-09 12:14:19 [INFO][module01-actuator] [http-nio-8080-exec-4] traceId=ac808260-df6a-40c2-a8cf-ba973bccad76 c.w.a.g.log.RequestLoggingFilter - event=request_completed method=GET uri=/actuator/prometheus status=200 durationMs=269
2026-06-09 12:14:23 [INFO][module01-actuator] [http-nio-8080-exec-9] traceId=5628cacb-a2fb-40b3-802b-ee2b6a7921b7 c.w.a.g.log.RequestLoggingFilter - event=request_started method=GET uri=/actuator/prometheus
2026-06-09 12:14:23 [INFO][module01-actuator] [http-nio-8080-exec-9] traceId=5628cacb-a2fb-40b3-802b-ee2b6a7921b7 c.w.a.g.log.RequestLoggingFilter - event=request_completed method=GET uri=/actuator/prometheus status=200 durationMs=136
2026-06-09 12:14:28 [INFO][module01-actuator] [http-nio-8080-exec-8] traceId=f5bfe8e4-55ad-462f-9cdb-d016718293e3 c.w.a.g.log.RequestLoggingFilter - event=request_started method=GET uri=/actuator/prometheus
2026-06-09 12:14:28 [INFO][module01-actuator] [http-nio-8080-exec-8] traceId=f5bfe8e4-55ad-462f-9cdb-d016718293e3 c.w.a.g.log.RequestLoggingFilter - event=request_completed method=GET uri=/actuator/prometheus status=200 durationMs=171
2026-06-09 12:14:33 [INFO][module01-actuator] [http-nio-8080-exec-5] traceId=9e0716dd-10fb-4979-97fa-7806055864a7 c.w.a.g.log.RequestLoggingFilter - event=request_started method=GET uri=/actuator/prometheus
2026-06-09 12:14:34 [INFO][module01-actuator] [http-nio-8080-exec-5] traceId=9e0716dd-10fb-4979-97fa-7806055864a7 c.w.a.g.log.RequestLoggingFilter - event=request_completed method=GET uri=/actuator/prometheus status=200 durationMs=291
2026-06-09 12:14:38 [INFO][module01-actuator] [http-nio-8080-exec-2] traceId=d599209f-bed7-4ba5-b378-a3cefc1072a7 c.w.a.g.log.RequestLoggingFilter - event=request_started method=GET uri=/actuator/prometheus
2026-06-09 12:14:38 [INFO][module01-actuator] [http-nio-8080-exec-2] traceId=d599209f-bed7-4ba5-b378-a3cefc1072a7 c.w.a.g.log.RequestLoggingFilter - event=request_completed method=GET uri=/actuator/prometheus status=200 durationMs=128
2026-06-09 12:14:43 [INFO][module01-actuator] [http-nio-8080-exec-7] traceId=9a23190a-a956-4eac-b076-a4befebf4783 c.w.a.g.log.RequestLoggingFilter - event=request_started method=GET uri=/actuator/prometheus
2026-06-09 12:14:43 [INFO][module01-actuator] [http-nio-8080-exec-7] traceId=9a23190a-a956-4eac-b076-a4befebf4783 c.w.a.g.log.RequestLoggingFilter - event=request_completed method=GET uri=/actuator/prometheus status=200 durationMs=182
2026-06-09 12:14:48 [INFO][module01-actuator] [http-nio-8080-exec-10] traceId=4d0087fa-49e5-429a-815e-53a591deb63e c.w.a.g.log.RequestLoggingFilter - event=request_started method=GET uri=/actuator/prometheus
2026-06-09 12:14:48 [INFO][module01-actuator] [http-nio-8080-exec-10] traceId=4d0087fa-49e5-429a-815e-53a591deb63e c.w.a.g.log.RequestLoggingFilter - event=request_completed method=GET uri=/actuator/prometheus status=200 durationMs=171
2026-06-09 12:14:53 [INFO][module01-actuator] [http-nio-8080-exec-11] traceId=7961e4df-77c4-49a5-a102-7e87a669d6cd c.w.a.g.log.RequestLoggingFilter - event=request_started method=GET uri=/actuator/prometheus
2026-06-09 12:14:53 [INFO][module01-actuator] [http-nio-8080-exec-11] traceId=7961e4df-77c4-49a5-a102-7e87a669d6cd c.w.a.g.log.RequestLoggingFilter - event=request_completed method=GET uri=/actuator/prometheus status=200 durationMs=129
2026-06-09 12:14:58 [INFO][module01-actuator] [http-nio-8080-exec-3] traceId=62a18b68-934b-4357-ba88-f4be486ac2c8 c.w.a.g.log.RequestLoggingFilter - event=request_started method=GET uri=/actuator/prometheus
2026-06-09 12:14:58 [INFO][module01-actuator] [http-nio-8080-exec-3] traceId=62a18b68-934b-4357-ba88-f4be486ac2c8 c.w.a.g.log.RequestLoggingFilter - event=request_completed method=GET uri=/actuator/prometheus status=200 durationMs=177
2026-06-09 12:15:03 [INFO][module01-actuator] [http-nio-8080-exec-1] traceId=a91991e4-f850-4e4d-a021-ede377187693 c.w.a.g.log.RequestLoggingFilter - event=request_started method=GET uri=/actuator/prometheus
2026-06-09 12:15:04 [INFO][module01-actuator] [http-nio-8080-exec-1] traceId=a91991e4-f850-4e4d-a021-ede377187693 c.w.a.g.log.RequestLoggingFilter - event=request_completed method=GET uri=/actuator/prometheus status=200 durationMs=251
2026-06-09 12:15:08 [INFO][module01-actuator] [http-nio-8080-exec-4] traceId=362e91e0-105e-4524-b08d-d09eadab0068 c.w.a.g.log.RequestLoggingFilter - event=request_started method=GET uri=/actuator/prometheus
2026-06-09 12:15:08 [INFO][module01-actuator] [http-nio-8080-exec-4] traceId=362e91e0-105e-4524-b08d-d09eadab0068 c.w.a.g.log.RequestLoggingFilter - event=request_completed method=GET uri=/actuator/prometheus status=200 durationMs=134
2026-06-09 12:15:13 [INFO][module01-actuator] [http-nio-8080-exec-9] traceId=0a6c9732-5ad3-40a9-b8fc-1872a315e26b c.w.a.g.log.RequestLoggingFilter - event=request_started method=GET uri=/actuator/prometheus
2026-06-09 12:15:13 [INFO][module01-actuator] [http-nio-8080-exec-9] traceId=0a6c9732-5ad3-40a9-b8fc-1872a315e26b c.w.a.g.log.RequestLoggingFilter - event=request_completed method=GET uri=/actuator/prometheus status=200 durationMs=165
2026-06-09 12:15:18 [INFO][module01-actuator] [http-nio-8080-exec-8] traceId=06595f40-6316-4422-bfbe-a867f54c119b c.w.a.g.log.RequestLoggingFilter - event=request_started method=GET uri=/actuator/prometheus
2026-06-09 12:15:18 [INFO][module01-actuator] [http-nio-8080-exec-8] traceId=06595f40-6316-4422-bfbe-a867f54c119b c.w.a.g.log.RequestLoggingFilter - event=request_completed method=GET uri=/actuator/prometheus status=200 durationMs=166
2026-06-09 12:15:23 [INFO][module01-actuator] [http-nio-8080-exec-5] traceId=b11bdf63-5b2b-4452-8a24-9fb24d0c5c7f c.w.a.g.log.RequestLoggingFilter - event=request_started method=GET uri=/actuator/prometheus
2026-06-09 12:15:23 [INFO][module01-actuator] [http-nio-8080-exec-5] traceId=b11bdf63-5b2b-4452-8a24-9fb24d0c5c7f c.w.a.g.log.RequestLoggingFilter - event=request_completed method=GET uri=/actuator/prometheus status=200 durationMs=183
2026-06-09 12:15:28 [INFO][module01-actuator] [http-nio-8080-exec-2] traceId=171d75f9-ea73-4c5b-9abc-b0d35c286f61 c.w.a.g.log.RequestLoggingFilter - event=request_started method=GET uri=/actuator/prometheus
2026-06-09 12:15:28 [INFO][module01-actuator] [http-nio-8080-exec-2] traceId=171d75f9-ea73-4c5b-9abc-b0d35c286f61 c.w.a.g.log.RequestLoggingFilter - event=request_completed method=GET uri=/actuator/prometheus status=200 durationMs=87
2026-06-09 12:15:33 [INFO][module01-actuator] [http-nio-8080-exec-7] traceId=303546d1-d1f3-43a6-b246-5dbf5c8836f4 c.w.a.g.log.RequestLoggingFilter - event=request_started method=GET uri=/actuator/prometheus
2026-06-09 12:15:33 [INFO][module01-actuator] [http-nio-8080-exec-7] traceId=303546d1-d1f3-43a6-b246-5dbf5c8836f4 c.w.a.g.log.RequestLoggingFilter - event=request_completed method=GET uri=/actuator/prometheus status=200 durationMs=152
2026-06-09 12:15:38 [INFO][module01-actuator] [http-nio-8080-exec-10] traceId=3a8c2502-98d6-44f3-99ae-5fe7d7fc8169 c.w.a.g.log.RequestLoggingFilter - event=request_started method=GET uri=/actuator/prometheus
2026-06-09 12:15:39 [INFO][module01-actuator] [http-nio-8080-exec-10] traceId=3a8c2502-98d6-44f3-99ae-5fe7d7fc8169 c.w.a.g.log.RequestLoggingFilter - event=request_completed method=GET uri=/actuator/prometheus status=200 durationMs=176
2026-06-09 12:15:43 [INFO][module01-actuator] [http-nio-8080-exec-11] traceId=5a8efe98-c5b9-400d-8fe6-2cf4e275b957 c.w.a.g.log.RequestLoggingFilter - event=request_started method=GET uri=/actuator/prometheus
2026-06-09 12:15:44 [INFO][module01-actuator] [http-nio-8080-exec-11] traceId=5a8efe98-c5b9-400d-8fe6-2cf4e275b957 c.w.a.g.log.RequestLoggingFilter - event=request_completed method=GET uri=/actuator/prometheus status=200 durationMs=200
2026-06-09 12:15:48 [INFO][module01-actuator] [http-nio-8080-exec-3] traceId=425af7d8-16a8-4486-9a4b-d77d5d8022a0 c.w.a.g.log.RequestLoggingFilter - event=request_started method=GET uri=/actuator/prometheus
2026-06-09 12:15:48 [INFO][module01-actuator] [http-nio-8080-exec-3] traceId=425af7d8-16a8-4486-9a4b-d77d5d8022a0 c.w.a.g.log.RequestLoggingFilter - event=request_completed method=GET uri=/actuator/prometheus status=200 durationMs=146
2026-06-09 12:15:53 [INFO][module01-actuator] [http-nio-8080-exec-1] traceId=5fc2b38a-489b-4f4b-b953-82af080b50da c.w.a.g.log.RequestLoggingFilter - event=request_started method=GET uri=/actuator/prometheus
2026-06-09 12:15:53 [INFO][module01-actuator] [http-nio-8080-exec-1] traceId=5fc2b38a-489b-4f4b-b953-82af080b50da c.w.a.g.log.RequestLoggingFilter - event=request_completed method=GET uri=/actuator/prometheus status=200 durationMs=161
2026-06-09 12:15:58 [INFO][module01-actuator] [http-nio-8080-exec-4] traceId=9cd977ce-35b1-4e9b-b856-a30949ba9284 c.w.a.g.log.RequestLoggingFilter - event=request_started method=GET uri=/actuator/prometheus
2026-06-09 12:15:59 [INFO][module01-actuator] [http-nio-8080-exec-4] traceId=9cd977ce-35b1-4e9b-b856-a30949ba9284 c.w.a.g.log.RequestLoggingFilter - event=request_completed method=GET uri=/actuator/prometheus status=200 durationMs=297
2026-06-09 12:16:03 [INFO][module01-actuator] [http-nio-8080-exec-9] traceId=5cd46504-d45b-4814-ba94-e74134cd908b c.w.a.g.log.RequestLoggingFilter - event=request_started method=GET uri=/actuator/prometheus
2026-06-09 12:16:03 [INFO][module01-actuator] [http-nio-8080-exec-9] traceId=5cd46504-d45b-4814-ba94-e74134cd908b c.w.a.g.log.RequestLoggingFilter - event=request_completed method=GET uri=/actuator/prometheus status=200 durationMs=150
2026-06-09 12:16:08 [INFO][module01-actuator] [http-nio-8080-exec-8] traceId=5f2ad702-e8b9-4c78-b4c7-fd9cab3a26b8 c.w.a.g.log.RequestLoggingFilter - event=request_started method=GET uri=/actuator/prometheus
2026-06-09 12:16:08 [INFO][module01-actuator] [http-nio-8080-exec-8] traceId=5f2ad702-e8b9-4c78-b4c7-fd9cab3a26b8 c.w.a.g.log.RequestLoggingFilter - event=request_completed method=GET uri=/actuator/prometheus status=200 durationMs=169
2026-06-09 12:16:13 [INFO][module01-actuator] [http-nio-8080-exec-5] traceId=f9a83f29-58c2-4691-a91b-e5b4bf822adf c.w.a.g.log.RequestLoggingFilter - event=request_started method=GET uri=/actuator/prometheus
2026-06-09 12:16:14 [INFO][module01-actuator] [http-nio-8080-exec-5] traceId=f9a83f29-58c2-4691-a91b-e5b4bf822adf c.w.a.g.log.RequestLoggingFilter - event=request_completed method=GET uri=/actuator/prometheus status=200 durationMs=259
2026-06-09 12:16:18 [INFO][module01-actuator] [http-nio-8080-exec-2] traceId=483342f1-596c-4317-8b82-e480db4d03b8 c.w.a.g.log.RequestLoggingFilter - event=request_started method=GET uri=/actuator/prometheus
2026-06-09 12:16:18 [INFO][module01-actuator] [http-nio-8080-exec-2] traceId=483342f1-596c-4317-8b82-e480db4d03b8 c.w.a.g.log.RequestLoggingFilter - event=request_completed method=GET uri=/actuator/prometheus status=200 durationMs=157
2026-06-09 12:16:23 [INFO][module01-actuator] [http-nio-8080-exec-7] traceId=c3bda2ab-81a2-4e3a-85c6-89df995f7855 c.w.a.g.log.RequestLoggingFilter - event=request_started method=GET uri=/actuator/prometheus
2026-06-09 12:16:23 [INFO][module01-actuator] [http-nio-8080-exec-7] traceId=c3bda2ab-81a2-4e3a-85c6-89df995f7855 c.w.a.g.log.RequestLoggingFilter - event=request_completed method=GET uri=/actuator/prometheus status=200 durationMs=171
2026-06-09 12:16:28 [INFO][module01-actuator] [http-nio-8080-exec-10] traceId=9e05d094-bf73-4822-a363-b3c18e159820 c.w.a.g.log.RequestLoggingFilter - event=request_started method=GET uri=/actuator/prometheus
2026-06-09 12:16:28 [INFO][module01-actuator] [http-nio-8080-exec-10] traceId=9e05d094-bf73-4822-a363-b3c18e159820 c.w.a.g.log.RequestLoggingFilter - event=request_completed method=GET uri=/actuator/prometheus status=200 durationMs=154
2026-06-09 12:16:33 [INFO][module01-actuator] [http-nio-8080-exec-11] traceId=97b69ada-4551-4a7e-ba33-4b904fe2e333 c.w.a.g.log.RequestLoggingFilter - event=request_started method=GET uri=/actuator/prometheus
2026-06-09 12:16:33 [INFO][module01-actuator] [http-nio-8080-exec-11] traceId=97b69ada-4551-4a7e-ba33-4b904fe2e333 c.w.a.g.log.RequestLoggingFilter - event=request_completed method=GET uri=/actuator/prometheus status=200 durationMs=137
2026-06-09 12:16:38 [INFO][module01-actuator] [http-nio-8080-exec-3] traceId=acbc6c97-5fbf-4dff-9386-69097dd7b6ac c.w.a.g.log.RequestLoggingFilter - event=request_started method=GET uri=/actuator/prometheus
2026-06-09 12:16:38 [INFO][module01-actuator] [http-nio-8080-exec-3] traceId=acbc6c97-5fbf-4dff-9386-69097dd7b6ac c.w.a.g.log.RequestLoggingFilter - event=request_completed method=GET uri=/actuator/prometheus status=200 durationMs=180
2026-06-09 12:16:43 [INFO][module01-actuator] [http-nio-8080-exec-1] traceId=f935fef8-3fd4-4056-97b6-52fdd6a151cb c.w.a.g.log.RequestLoggingFilter - event=request_started method=GET uri=/actuator/prometheus
2026-06-09 12:16:44 [INFO][module01-actuator] [http-nio-8080-exec-1] traceId=f935fef8-3fd4-4056-97b6-52fdd6a151cb c.w.a.g.log.RequestLoggingFilter - event=request_completed method=GET uri=/actuator/prometheus status=200 durationMs=273
2026-06-09 12:16:48 [INFO][module01-actuator] [http-nio-8080-exec-4] traceId=20264ed1-e469-4078-8602-465e33e71eb5 c.w.a.g.log.RequestLoggingFilter - event=request_started method=GET uri=/actuator/prometheus
2026-06-09 12:16:48 [INFO][module01-actuator] [http-nio-8080-exec-4] traceId=20264ed1-e469-4078-8602-465e33e71eb5 c.w.a.g.log.RequestLoggingFilter - event=request_completed method=GET uri=/actuator/prometheus status=200 durationMs=146
2026-06-09 12:16:53 [INFO][module01-actuator] [http-nio-8080-exec-9] traceId=faecd04f-1197-4cbe-8c89-afc229bbdc34 c.w.a.g.log.RequestLoggingFilter - event=request_started method=GET uri=/actuator/prometheus
2026-06-09 12:16:53 [INFO][module01-actuator] [http-nio-8080-exec-9] traceId=faecd04f-1197-4cbe-8c89-afc229bbdc34 c.w.a.g.log.RequestLoggingFilter - event=request_completed method=GET uri=/actuator/prometheus status=200 durationMs=162
2026-06-09 12:16:58 [INFO][module01-actuator] [http-nio-8080-exec-8] traceId=c2245f1a-4932-41a4-a086-e68b72c80ba6 c.w.a.g.log.RequestLoggingFilter - event=request_started method=GET uri=/actuator/prometheus
2026-06-09 12:16:59 [INFO][module01-actuator] [http-nio-8080-exec-8] traceId=c2245f1a-4932-41a4-a086-e68b72c80ba6 c.w.a.g.log.RequestLoggingFilter - event=request_completed method=GET uri=/actuator/prometheus status=200 durationMs=186
2026-06-09 12:17:03 [INFO][module01-actuator] [http-nio-8080-exec-5] traceId=19bc76c8-c25a-4f64-84c2-ac0b75aef96e c.w.a.g.log.RequestLoggingFilter - event=request_started method=GET uri=/actuator/prometheus
2026-06-09 12:17:03 [INFO][module01-actuator] [http-nio-8080-exec-5] traceId=19bc76c8-c25a-4f64-84c2-ac0b75aef96e c.w.a.g.log.RequestLoggingFilter - event=request_completed method=GET uri=/actuator/prometheus status=200 durationMs=158
2026-06-09 12:17:08 [INFO][module01-actuator] [http-nio-8080-exec-2] traceId=499a039a-6fec-408d-8435-0853f87b5ecb c.w.a.g.log.RequestLoggingFilter - event=request_started method=GET uri=/actuator/prometheus
2026-06-09 12:17:08 [INFO][module01-actuator] [http-nio-8080-exec-2] traceId=499a039a-6fec-408d-8435-0853f87b5ecb c.w.a.g.log.RequestLoggingFilter - event=request_completed method=GET uri=/actuator/prometheus status=200 durationMs=178
2026-06-09 12:17:13 [INFO][module01-actuator] [http-nio-8080-exec-7] traceId=f721445f-646c-4e1a-91e0-cb4876a240aa c.w.a.g.log.RequestLoggingFilter - event=request_started method=GET uri=/actuator/prometheus
2026-06-09 12:17:13 [INFO][module01-actuator] [http-nio-8080-exec-7] traceId=f721445f-646c-4e1a-91e0-cb4876a240aa c.w.a.g.log.RequestLoggingFilter - event=request_completed method=GET uri=/actuator/prometheus status=200 durationMs=175
2026-06-09 12:17:18 [INFO][module01-actuator] [http-nio-8080-exec-10] traceId=2850727f-f44c-4370-b6de-053b78cf0939 c.w.a.g.log.RequestLoggingFilter - event=request_started method=GET uri=/actuator/prometheus
2026-06-09 12:17:18 [INFO][module01-actuator] [http-nio-8080-exec-10] traceId=2850727f-f44c-4370-b6de-053b78cf0939 c.w.a.g.log.RequestLoggingFilter - event=request_completed method=GET uri=/actuator/prometheus status=200 durationMs=163
2026-06-09 12:17:23 [INFO][module01-actuator] [http-nio-8080-exec-11] traceId=2dcc05a2-205f-42dc-baae-9a0b671a07cd c.w.a.g.log.RequestLoggingFilter - event=request_started method=GET uri=/actuator/prometheus
2026-06-09 12:17:23 [INFO][module01-actuator] [http-nio-8080-exec-11] traceId=2dcc05a2-205f-42dc-baae-9a0b671a07cd c.w.a.g.log.RequestLoggingFilter - event=request_completed method=GET uri=/actuator/prometheus status=200 durationMs=155
2026-06-09 12:17:28 [INFO][module01-actuator] [http-nio-8080-exec-3] traceId=7989a6b1-f32f-44f6-b5cc-c85c34933f50 c.w.a.g.log.RequestLoggingFilter - event=request_started method=GET uri=/actuator/prometheus
2026-06-09 12:17:28 [INFO][module01-actuator] [http-nio-8080-exec-3] traceId=7989a6b1-f32f-44f6-b5cc-c85c34933f50 c.w.a.g.log.RequestLoggingFilter - event=request_completed method=GET uri=/actuator/prometheus status=200 durationMs=175
2026-06-09 12:17:33 [INFO][module01-actuator] [http-nio-8080-exec-1] traceId=f4cf0640-8284-4d43-9c96-0c5aa80e1af0 c.w.a.g.log.RequestLoggingFilter - event=request_started method=GET uri=/actuator/prometheus
2026-06-09 12:17:34 [INFO][module01-actuator] [http-nio-8080-exec-1] traceId=f4cf0640-8284-4d43-9c96-0c5aa80e1af0 c.w.a.g.log.RequestLoggingFilter - event=request_completed method=GET uri=/actuator/prometheus status=200 durationMs=207
2026-06-09 12:17:38 [INFO][module01-actuator] [http-nio-8080-exec-4] traceId=e2795bcb-3c21-4b14-8358-1d80db23da55 c.w.a.g.log.RequestLoggingFilter - event=request_started method=GET uri=/actuator/prometheus
2026-06-09 12:17:38 [INFO][module01-actuator] [http-nio-8080-exec-4] traceId=e2795bcb-3c21-4b14-8358-1d80db23da55 c.w.a.g.log.RequestLoggingFilter - event=request_completed method=GET uri=/actuator/prometheus status=200 durationMs=160
2026-06-09 12:17:43 [INFO][module01-actuator] [http-nio-8080-exec-9] traceId=4cdee914-04f4-4910-b37f-dc54f407d305 c.w.a.g.log.RequestLoggingFilter - event=request_started method=GET uri=/actuator/prometheus
2026-06-09 12:17:43 [INFO][module01-actuator] [http-nio-8080-exec-9] traceId=4cdee914-04f4-4910-b37f-dc54f407d305 c.w.a.g.log.RequestLoggingFilter - event=request_completed method=GET uri=/actuator/prometheus status=200 durationMs=179
2026-06-09 12:17:48 [INFO][module01-actuator] [http-nio-8080-exec-8] traceId=8da62bc9-4720-4fb8-b06d-d21d9f1d79f7 c.w.a.g.log.RequestLoggingFilter - event=request_started method=GET uri=/actuator/prometheus
2026-06-09 12:17:49 [INFO][module01-actuator] [http-nio-8080-exec-8] traceId=8da62bc9-4720-4fb8-b06d-d21d9f1d79f7 c.w.a.g.log.RequestLoggingFilter - event=request_completed method=GET uri=/actuator/prometheus status=200 durationMs=247
2026-06-09 12:17:53 [INFO][module01-actuator] [http-nio-8080-exec-5] traceId=5fc7be45-f297-425b-b2a8-8ea0741fb9fe c.w.a.g.log.RequestLoggingFilter - event=request_started method=GET uri=/actuator/prometheus
2026-06-09 12:17:53 [INFO][module01-actuator] [http-nio-8080-exec-5] traceId=5fc7be45-f297-425b-b2a8-8ea0741fb9fe c.w.a.g.log.RequestLoggingFilter - event=request_completed method=GET uri=/actuator/prometheus status=200 durationMs=143
2026-06-09 12:17:58 [INFO][module01-actuator] [http-nio-8080-exec-2] traceId=b62f4a81-06b8-4493-98a7-394b50c9f1c0 c.w.a.g.log.RequestLoggingFilter - event=request_started method=GET uri=/actuator/prometheus
2026-06-09 12:17:58 [INFO][module01-actuator] [http-nio-8080-exec-2] traceId=b62f4a81-06b8-4493-98a7-394b50c9f1c0 c.w.a.g.log.RequestLoggingFilter - event=request_completed method=GET uri=/actuator/prometheus status=200 durationMs=159
2026-06-09 12:18:03 [INFO][module01-actuator] [http-nio-8080-exec-7] traceId=6a21decc-431f-49a8-9512-e8e78de64615 c.w.a.g.log.RequestLoggingFilter - event=request_started method=GET uri=/actuator/prometheus
2026-06-09 12:18:04 [INFO][module01-actuator] [http-nio-8080-exec-7] traceId=6a21decc-431f-49a8-9512-e8e78de64615 c.w.a.g.log.RequestLoggingFilter - event=request_completed method=GET uri=/actuator/prometheus status=200 durationMs=311
2026-06-09 12:18:08 [INFO][module01-actuator] [http-nio-8080-exec-10] traceId=c4720594-7fda-4eb3-9b9e-9d66aaf562fc c.w.a.g.log.RequestLoggingFilter - event=request_started method=GET uri=/actuator/prometheus
2026-06-09 12:18:08 [INFO][module01-actuator] [http-nio-8080-exec-10] traceId=c4720594-7fda-4eb3-9b9e-9d66aaf562fc c.w.a.g.log.RequestLoggingFilter - event=request_completed method=GET uri=/actuator/prometheus status=200 durationMs=160
2026-06-09 12:18:13 [INFO][module01-actuator] [http-nio-8080-exec-11] traceId=f9ee70d9-8b72-434a-a606-eb78ee9b6158 c.w.a.g.log.RequestLoggingFilter - event=request_started method=GET uri=/actuator/prometheus
2026-06-09 12:18:13 [INFO][module01-actuator] [http-nio-8080-exec-11] traceId=f9ee70d9-8b72-434a-a606-eb78ee9b6158 c.w.a.g.log.RequestLoggingFilter - event=request_completed method=GET uri=/actuator/prometheus status=200 durationMs=170
2026-06-09 12:18:18 [INFO][module01-actuator] [http-nio-8080-exec-3] traceId=00c1f1ad-b21b-4d7f-b0be-cf903c9cc7e6 c.w.a.g.log.RequestLoggingFilter - event=request_started method=GET uri=/actuator/prometheus
2026-06-09 12:18:18 [INFO][module01-actuator] [http-nio-8080-exec-3] traceId=00c1f1ad-b21b-4d7f-b0be-cf903c9cc7e6 c.w.a.g.log.RequestLoggingFilter - event=request_completed method=GET uri=/actuator/prometheus status=200 durationMs=165
2026-06-09 12:18:23 [INFO][module01-actuator] [http-nio-8080-exec-1] traceId=f211f734-fece-4007-95f4-74500c8a9672 c.w.a.g.log.RequestLoggingFilter - event=request_started method=GET uri=/actuator/prometheus
2026-06-09 12:18:23 [INFO][module01-actuator] [http-nio-8080-exec-1] traceId=f211f734-fece-4007-95f4-74500c8a9672 c.w.a.g.log.RequestLoggingFilter - event=request_completed method=GET uri=/actuator/prometheus status=200 durationMs=161
2026-06-09 12:18:28 [INFO][module01-actuator] [http-nio-8080-exec-4] traceId=7ff01540-d2b6-4af7-b50c-df99100a48c9 c.w.a.g.log.RequestLoggingFilter - event=request_started method=GET uri=/actuator/prometheus
2026-06-09 12:18:28 [INFO][module01-actuator] [http-nio-8080-exec-4] traceId=7ff01540-d2b6-4af7-b50c-df99100a48c9 c.w.a.g.log.RequestLoggingFilter - event=request_completed method=GET uri=/actuator/prometheus status=200 durationMs=170
2026-06-09 12:18:33 [INFO][module01-actuator] [http-nio-8080-exec-9] traceId=26894eba-f332-4bbd-8cfa-df1696617f56 c.w.a.g.log.RequestLoggingFilter - event=request_started method=GET uri=/actuator/prometheus
2026-06-09 12:18:33 [INFO][module01-actuator] [http-nio-8080-exec-9] traceId=26894eba-f332-4bbd-8cfa-df1696617f56 c.w.a.g.log.RequestLoggingFilter - event=request_completed method=GET uri=/actuator/prometheus status=200 durationMs=167
2026-06-09 12:18:38 [INFO][module01-actuator] [http-nio-8080-exec-8] traceId=6db174e8-29d1-4fc9-99fe-db5585a711a2 c.w.a.g.log.RequestLoggingFilter - event=request_started method=GET uri=/actuator/prometheus
2026-06-09 12:18:38 [INFO][module01-actuator] [http-nio-8080-exec-8] traceId=6db174e8-29d1-4fc9-99fe-db5585a711a2 c.w.a.g.log.RequestLoggingFilter - event=request_completed method=GET uri=/actuator/prometheus status=200 durationMs=141
2026-06-09 12:18:43 [INFO][module01-actuator] [http-nio-8080-exec-5] traceId=f8607ebf-dca5-4a2a-92fb-5d94739f9942 c.w.a.g.log.RequestLoggingFilter - event=request_started method=GET uri=/actuator/prometheus
2026-06-09 12:18:43 [INFO][module01-actuator] [http-nio-8080-exec-5] traceId=f8607ebf-dca5-4a2a-92fb-5d94739f9942 c.w.a.g.log.RequestLoggingFilter - event=request_completed method=GET uri=/actuator/prometheus status=200 durationMs=171
2026-06-09 12:18:48 [INFO][module01-actuator] [http-nio-8080-exec-2] traceId=ecf4ad30-7edc-440d-93d6-2bea13eac257 c.w.a.g.log.RequestLoggingFilter - event=request_started method=GET uri=/actuator/prometheus
2026-06-09 12:18:48 [INFO][module01-actuator] [http-nio-8080-exec-2] traceId=ecf4ad30-7edc-440d-93d6-2bea13eac257 c.w.a.g.log.RequestLoggingFilter - event=request_completed method=GET uri=/actuator/prometheus status=200 durationMs=162
2026-06-09 12:18:53 [INFO][module01-actuator] [http-nio-8080-exec-7] traceId=13e5bfb5-9255-4c62-bc6e-537afd86fa6c c.w.a.g.log.RequestLoggingFilter - event=request_started method=GET uri=/actuator/prometheus
2026-06-09 12:18:54 [INFO][module01-actuator] [http-nio-8080-exec-7] traceId=13e5bfb5-9255-4c62-bc6e-537afd86fa6c c.w.a.g.log.RequestLoggingFilter - event=request_completed method=GET uri=/actuator/prometheus status=200 durationMs=185
2026-06-09 12:18:58 [INFO][module01-actuator] [http-nio-8080-exec-10] traceId=eed749ca-55b7-465f-9e85-8fb0fad433a1 c.w.a.g.log.RequestLoggingFilter - event=request_started method=GET uri=/actuator/prometheus
2026-06-09 12:18:59 [INFO][module01-actuator] [http-nio-8080-exec-10] traceId=eed749ca-55b7-465f-9e85-8fb0fad433a1 c.w.a.g.log.RequestLoggingFilter - event=request_completed method=GET uri=/actuator/prometheus status=200 durationMs=204
2026-06-09 12:19:03 [INFO][module01-actuator] [http-nio-8080-exec-11] traceId=2f527136-91e9-4c5b-84b1-a7bc5911fac7 c.w.a.g.log.RequestLoggingFilter - event=request_started method=GET uri=/actuator/prometheus
2026-06-09 12:19:03 [INFO][module01-actuator] [http-nio-8080-exec-11] traceId=2f527136-91e9-4c5b-84b1-a7bc5911fac7 c.w.a.g.log.RequestLoggingFilter - event=request_completed method=GET uri=/actuator/prometheus status=200 durationMs=130
2026-06-09 12:19:08 [INFO][module01-actuator] [http-nio-8080-exec-3] traceId=eaea70fe-386b-48ed-a429-39275ebca136 c.w.a.g.log.RequestLoggingFilter - event=request_started method=GET uri=/actuator/prometheus
2026-06-09 12:19:08 [INFO][module01-actuator] [http-nio-8080-exec-3] traceId=eaea70fe-386b-48ed-a429-39275ebca136 c.w.a.g.log.RequestLoggingFilter - event=request_completed method=GET uri=/actuator/prometheus status=200 durationMs=116
2026-06-09 12:19:13 [INFO][module01-actuator] [http-nio-8080-exec-1] traceId=d284f6d4-6918-4904-9f0a-919f81796bfc c.w.a.g.log.RequestLoggingFilter - event=request_started method=GET uri=/actuator/prometheus
2026-06-09 12:19:13 [INFO][module01-actuator] [http-nio-8080-exec-1] traceId=d284f6d4-6918-4904-9f0a-919f81796bfc c.w.a.g.log.RequestLoggingFilter - event=request_completed method=GET uri=/actuator/prometheus status=200 durationMs=93
2026-06-09 12:19:18 [INFO][module01-actuator] [http-nio-8080-exec-4] traceId=7683bb21-325d-4b09-b502-d576e3dd7ce3 c.w.a.g.log.RequestLoggingFilter - event=request_started method=GET uri=/actuator/prometheus
2026-06-09 12:19:18 [INFO][module01-actuator] [http-nio-8080-exec-4] traceId=7683bb21-325d-4b09-b502-d576e3dd7ce3 c.w.a.g.log.RequestLoggingFilter - event=request_completed method=GET uri=/actuator/prometheus status=200 durationMs=138
2026-06-09 12:19:23 [INFO][module01-actuator] [http-nio-8080-exec-9] traceId=98802d32-69c9-469f-ac54-bed936275f29 c.w.a.g.log.RequestLoggingFilter - event=request_started method=GET uri=/actuator/prometheus
2026-06-09 12:19:23 [INFO][module01-actuator] [http-nio-8080-exec-9] traceId=98802d32-69c9-469f-ac54-bed936275f29 c.w.a.g.log.RequestLoggingFilter - event=request_completed method=GET uri=/actuator/prometheus status=200 durationMs=145
2026-06-09 12:19:28 [INFO][module01-actuator] [http-nio-8080-exec-8] traceId=6b4ce6b2-d937-420b-8723-823f8688e13b c.w.a.g.log.RequestLoggingFilter - event=request_started method=GET uri=/actuator/prometheus
2026-06-09 12:19:28 [INFO][module01-actuator] [http-nio-8080-exec-8] traceId=6b4ce6b2-d937-420b-8723-823f8688e13b c.w.a.g.log.RequestLoggingFilter - event=request_completed method=GET uri=/actuator/prometheus status=200 durationMs=134
2026-06-09 12:19:33 [INFO][module01-actuator] [http-nio-8080-exec-5] traceId=db6d54c4-dbd1-4e81-b81d-056bcf8e0b70 c.w.a.g.log.RequestLoggingFilter - event=request_started method=GET uri=/actuator/prometheus
2026-06-09 12:19:34 [INFO][module01-actuator] [http-nio-8080-exec-5] traceId=db6d54c4-dbd1-4e81-b81d-056bcf8e0b70 c.w.a.g.log.RequestLoggingFilter - event=request_completed method=GET uri=/actuator/prometheus status=200 durationMs=193
2026-06-09 12:44:20 [INFO][module01-actuator] [SpringApplicationShutdownHook] traceId= o.s.b.w.e.tomcat.GracefulShutdown - Commencing graceful shutdown. Waiting for active requests to complete
2026-06-09 12:44:21 [INFO][module01-actuator] [tomcat-shutdown] traceId= o.s.b.w.e.tomcat.GracefulShutdown - Graceful shutdown complete
2026-06-09 12:44:21 [INFO][module01-actuator] [SpringApplicationShutdownHook] traceId= o.s.o.j.LocalContainerEntityManagerFactoryBean - Closing JPA EntityManagerFactory for persistence unit 'default'
2026-06-09 12:44:21 [INFO][module01-actuator] [SpringApplicationShutdownHook] traceId= com.zaxxer.hikari.HikariDataSource - HikariPool-1 - Shutdown initiated...
2026-06-09 12:44:21 [INFO][module01-actuator] [SpringApplicationShutdownHook] traceId= com.zaxxer.hikari.HikariDataSource - HikariPool-1 - Shutdown completed.
